{
    "n_trials": 50,
    "cv": 5,
    "param_ranges": {
        "colsample_bytree": {
            "high": 1.0,
            "low": 0.7
        },
        "gamma": {
            "high": 0.5,
            "low": 0.1
        },
        "learning_rate": {
            "high": 0.2,
            "low": 0.01
        },
        "max_depth": {
            "high": 20,
            "low": 5
        },
        "n_estimators": {
            "high": 300,
            "low": 100
        },
        "reg_alpha": {
            "high": 0.1,
            "low": 1e-06
        },
        "reg_lambda": {
            "high": 0.1,
            "low": 1e-06
        },
        "subsample": {
            "high": 1.0,
            "low": 0.7
        }
    },
    "ratio_multiplier_range": {
        "high": 1.2,
        "low": 0.8
    },
    "f2_rare_scorer": {
        "name": "fbeta_score",
        "beta": 2,
        "pos_label": 1
    },
    "best_params": {
        "n_estimators": 142,
        "max_depth": 5,
        "learning_rate": 0.03309017315502753,
        "subsample": 0.7515937475980815,
        "colsample_bytree": 0.8199949501193615,
        "gamma": 0.19284502645261706,
        "reg_alpha": 0.03575535964730754,
        "reg_lambda": 7.657996058513512e-05,
        "ratio_multiplier": 1.0101587778406107
    },
    "best_ratio_multiplier": 1.0101587778406107,
    "best_scale_pos_weight": 50.45102853834937
}