feature_name,variance,target_linear_correlation,feature_importances
AC_GAIN_32 of 1103959_69_1133529_cp1_cp1p5_YPP,1.000276548672566,0.11481779331279013,0.0
AC_GAIN_32 of 1103959_69_1133529_cp1_cp1p5_YPP_QPP_RPP,1.000276548672566,0.11481779331279013,0.0
AC_GAIN_32 of 1103959_69_1133529_cp1p5,1.000276548672566,0.11481779331279013,0.0
AC_GAIN_32 of 1103959_69_1133592_QPP,1.000276548672566,0.11481779331279013,0.0
band gap dpat_ok for band gap,0.2098254371563976,0.01627968193308847,0.0
EE_DEFAULT_REG50 of 1103959_69_1133529_cp1_cp1p5_YPP_QPP,1.0002765486725658,0.1148177933127901,0.0
AC_V_AFE_5_8_8_SENSL of 1103959_69_1133529_YPP,1.000276548672566,3.597997914463196e-05,0.0
AC_V_AFE_5_8_8_SENSL of 1103959_69_1133529_cp1_cp1p5,1.000276548672566,0.0017765223674153705,0.0
EX_EXTRACT_T_H2BIAS of 1103959_69_1133529_cp1_cp1p5,1.0002765486725664,0.11963806665873988,0.0
EX_EXTRACT_T_H2BIAS of 1103959_69_1133529_cp1_cp1p5_YPP_QPP,1.0002765486725664,0.11963806665873988,0.0
EX_EXTRACT_T_GBIAS of 1103959_69_1133529_YPP,1.0002765486725664,0.08322533573721012,0.0
EE_DEFAULT_REG53 of 1103959_69_1133529_cp1_cp1p5_YPP_QPP,1.0002765486725658,0.1148177933127901,0.0
FAILING_BINOUTS(1) of 1103959_69_1133592_QPP_GbSbPo,0.00027647221454243844,0.002353128250664535,0.0
AC_V_AFE_5_8_8_SENSL of 1103959_69_1133529_cp1_cp1p5_YPP_QPP,1.0002765486725664,6.114109910296035e-05,0.0
AC_V_AFE_5_8_8_SENSL of 1103959_69_1133592_RPP,1.0002765486725667,9.17721011268781e-05,0.0
FAILING_BINOUTS(1) of 1103959_69_1133592_QPP_PoPo,0.24956128385867132,0.09935177269304737,0.0
FAILING_BINOUTS(1) of 1103959_69_1133529_cp1p5_GbPoPo,0.004405205506935048,0.009432096586495681,0.0
FAILING_BINOUTS(1) of 1103959_69_1133529_cp1p5_GbSbPo,0.10854837407424624,0.05320319285125512,0.0
FAILING_BINOUTS(1) of 1103959_69_1133529_cp1p5_GbSbPoPo,0.0011049713618825551,0.004708209980417623,0.0
FAILING_BINOUTS(1) of 1103959_69_1133529_cp1p5_PoPo,0.03182656995848023,0.06328436754452432,0.0
FAILING_BINOUTS(1) of 1103959_69_1133529_cp1p5_SbPo,0.19859604718132912,0.08674470770596457,0.0
FAILING_BINOUTS(1) of 1103959_69_1133529_cp1p5_GbGbSbSbPoPo,0.2447201146992692,0.04711029742468199,0.0
FAILING_BINOUTS(1) of 1103959_69_1133529_cp1_cp1p5_YPP_SbPo,0.2040872624602113,0.08946717303734365,0.0
FAILING_BINOUTS(1) of 1103959_69_1133529_cp1_cp1p5_YPP_QPP_RPP,,,0.0
FAILING_BINOUTS(1) of 1103959_69_1133529_cp1_cp1p5_YPP_GbPoPo,0.009042843406627019,0.007382949835777674,0.0
FAILING_BINOUTS(1) of 1103959_69_1133529_cp1_cp1p5_YPP_GbSbPo,0.09903164383528126,0.0501059609479586,0.0
FAILING_BINOUTS(1) of 1103959_69_1133529_cp1_cp1p5_YPP_GbSbPoPo,0.00027647221454243844,0.0023531282506645368,0.0
FAILING_BINOUTS(1) of 1103959_69_1133529_cp1_cp1p5_YPP_GbSbSbPoPo,0.004405205506935048,0.009432096586495641,0.0
FAILING_BINOUTS(1) of 1103959_69_1133529_cp1,,,0.0
FAILING_BINOUTS(1) of 1103959_69_1133529_cp1_cp1p5_YPP_GbGbSbPoPo,0.0027578409232703986,0.0074505226197343335,0.0
FAILING_BINOUTS(1) of 1103959_69_1133529_cp1_cp1p5_YPP_GbGbSbSbPoPo,0.1691909028408132,0.08571868785615579,0.0
F:E of 1103959_69_1133529_cp1_cp1p5_YPP_P:o,0.14692097420979103,0.03275964508888727,0.0
FAILING_BINOUTS(1) of 1103959_69_1133592_QPP_GbGbSbSbPoPo,0.00027647221454243844,0.002353128250664549,0.0
FAILING_BINOUTS(1) of 1103959_69_1133529_cp1p5_SbPoPo,0.0008289578954837162,0.004076865294502898,0.0
AC_V_AFE_CLN_5_8_8_VSS 2 of 1103959_69_1133592_RPP,1.0002765486725662,0.004452369618987664,0.0
AC_V_AFE_CLN_5_8_8_VSS 2 of 1103959_69_1133529_cp1_cp1p5_YPP_QPP,1.0002765486725667,0.000682291216137073,0.0
AC_V_AFE_CLN_5_8_8_VSS 2 of 1103959_69_1133529_YPP,1.0002765486725664,0.0002420213782889091,0.0
AC_V_AFE_CLN_5_8_8_P_F of 1103959_69_JPP,1.0002765486725664,0.06082478272510064,0.0
AC_V_AFE_CLN_5_8_8_P_F of 1103959_69_1133529_cp1p5,1.0002765486725662,0.10085469579339984,0.0
AC_V_AFE_CLN_5_8_8_P_F of 1103959_69_1133592_QPP,1.0002765486725664,0.04027001715081854,0.0
AC_V_AFE_CLN_5_8_8_P_F of 1103959_69_1133529_cp1_cp1p5_YPP,1.0002765486725664,0.1167501608490907,0.0
AC_V_AFE_CLN_5_8_8_P_F 2 of 1103959_69_1133592_RPP,1.0002765486725664,0.003213161370187301,0.0
AC_V_AFE_CLN_5_8_8_P_F 2 of 1103959_69_1133529_cp1_cp1p5,1.0002765486725662,0.0003571159547886823,0.0
AC_V_AFE_CLN_5_8_8_P_F 2 of 1103959_69_1133529_YPP,1.0002765486725662,3.699838451280922e-05,0.0
AC_V_AFE_CLN_5_8_8_I0_VSS 2 of 1103959_69_1133592_RPP,1.0002765486725664,0.003235793277634013,0.0
AC_V_AFE_CLN_5_8_8_I0_VSS 2 of 1103959_69_1133529_cp1_cp1p5_YPP_QPP,1.0002765486725662,0.0004946948786269515,0.0
AC_V_AFE_CLN_5_8_8_I0_VSS 2 of 1103959_69_1133529_cp1_cp1p5,1.0002765486725664,0.002245715890377667,0.0
FAILING_BINOUTS(1) of 1103959_69_JPP_GbGbSbPoPo,0.0008289578954837162,0.004076865294502901,0.0
AC_V_AFE_CLN_5_8_8_I0_VSS 2 of 1103959_69_1133529_YPP,1.0002765486725664,0.00017652995629111604,0.0
AC_V_AFE_CLN_5_8_8_I0_RAW 2 of 1103959_69_1133592_RPP,1.0002765486725662,0.001849946861296486,0.0
AC_V_AFE_CLN_5_8_8_I0_RAW 2 of 1103959_69_1133529_cp1_cp1p5,1.0002765486725664,0.0011897909140330927,0.0
AC_V_AFE_CLN_5_8_8_I0_RAW 2 of 1103959_69_1133529_cp1_cp1p5_YPP_QPP,1.0002765486725664,0.0003438270067816544,0.0
AC_V_AFE_CLN_5_8_8_I0 2 of 1103959_69_1133592_RPP,1.0002765486725664,0.0003723406832358128,0.0
AC_V_AFE_CLN_5_8_8_I0 2 of 1103959_69_1133529_cp1_cp1p5_YPP_QPP,1.0002765486725664,0.0005452873675891849,0.0
AC_V_AFE_CLN_5_8_8_I0 2 of 1103959_69_1133529_cp1_cp1p5,1.0002765486725662,0.0016777349469367622,0.0
AC_V_AFE_CLN_5_8_8_I0_RAW 2 of 1103959_69_1133529_YPP,1.0002765486725664,0.0016644661493169,0.0
AC_V_AFE_CLN_5_8_8_I0 2 of 1103959_69_1133529_YPP,1.0002765486725664,0.001688917297256124,0.0
AC_V_AFE_5_8_8_SENSR_INIT of 1103959_69_1133592_RPP,1.0002765486725658,0.0010551908175269397,0.0
AC_V_AFE_5_8_8_SENSR_INIT of 1103959_69_1133529_cp1_cp1p5,1.0002765486725662,0.00042751893368581085,0.0
AC_V_AFE_5_8_8_SENSR_INIT of 1103959_69_1133529_cp1_cp1p5_YPP_QPP,1.0002765486725662,0.0006222229993325018,0.0
AC_V_AFE_5_8_8_SENSR_INIT of 1103959_69_1133529_YPP,1.0002765486725664,0.0009447872531673283,0.0
AC_V_AFE_5_8_8_SENSR of 1103959_69_1133592_RPP,1.0002765486725658,0.0010551908175269397,0.0
AC_V_AFE_5_8_8_SENSR of 1103959_69_1133529_cp1_cp1p5_YPP_QPP,1.0002765486725662,0.0006222229993325018,0.0
AC_V_AFE_5_8_8_SENSR of 1103959_69_1133529_YPP,1.0002765486725664,0.0009447872531673283,0.0
FAILING_BINOUTS(1) of 1103959_69_1133592_QPP_SbPo,0.23940307079890683,0.11475150394004237,0.0
FAILING_BINOUTS(1) of 1103959_69_1133592_QPP_SbPoPo,0.0019320942647918745,0.006230963794803845,0.0
FAILING_BINOUTS(1) of 1103959_69_1133592_QPP_SbSbPoPo,0.054458909622945716,0.017958817714276706,0.0
AG_V_SELF_TEST_GAIN_6_4_1_2C of 1103959_69_1133592_RPP,1.0002765486725658,0.00031975311799391123,0.0
AC_V_AFE_CN_FG_SA_P_F of 1103959_69_1133529_cp1p5,1.0002765486725662,0.07981322820378295,0.0
AC_V_AFE_CLN_5_8_8_VSS 2 of 1103959_69_1133529_cp1_cp1p5,1.0002765486725664,0.0007517332121108698,0.0
F:E of 1103959_69_JPP_S:b,0.0002764722145424384,0.002353128250664558,0.0
F:E of 1103959_69_1133592_QPP_S:b,0.24817250031194876,0.12166832327774235,0.0
AG_V_SELF_TEST_GAIN_6_4_1_2C of 1103959_69_1133529_YPP,1.0002765486725664,0.00011874975372725259,0.0
AG_V_SELF_TEST_GAIN_6_4_1_2C of 1103959_69_1133529_cp1_cp1p5,1.0002765486725664,0.0001547793371531578,0.0
AG_V_SELF_TEST_GAIN_6_4_1_2C of 1103959_69_1133529_cp1_cp1p5_YPP_QPP,1.0002765486725662,8.669500716822243e-05,0.0
AC_V_AFE_CN_FG_SA_P_F of 1103959_69_1133529_cp1_cp1p5_YPP,1.0002765486725664,0.05714400481461003,0.0
AC_V_AFE_CN_FG_SA_P_F of 1103959_69_JPP,1.0002765486725664,0.008390932348990824,0.0
AC_V_AFE_CN_FG_SA_P_F of 1103959_69_1133592_QPP,1.0002765486725664,0.11495043964375033,0.0
FAILING_BINOUTS(1) of 1103959_69_JPP_SbPoPo,0.0002764722145424384,0.002353128250664558,0.0
FAILING_BINOUTS(1) of 1103959_69_JPP_PoPo,0.24903142975281423,0.08872474683632048,0.0
AC_TLIN_H2_BIAS_INIT of 1103959_69_1133529_YPP,1.0002765486725664,0.0003073860924254562,0.0
AC_TLIN_H2_BIAS of 1103959_69_1133529_cp1_cp1p5,1.0002765486725664,0.0003073860924254562,0.0
AC_TLIN_H2_BIAS of 1103959_69_1133529_cp1_cp1p5_YPP_QPP,1.0002765486725664,0.0003073860924254562,0.0
AC_TLIN_H2_BIAS of 1103959_69_1133592_RPP,1.0002765486725664,0.0003073860924254562,0.0
AC_TLIN_H2_BIAS_INIT of 1103959_69_1133529_cp1_cp1p5_YPP_QPP,1.0002765486725664,0.0003073860924254562,0.0
AC_TLIN_H2_BIAS_INIT of 1103959_69_1133529_cp1_cp1p5,1.0002765486725664,0.0003073860924254562,0.0
AC_SENSE_CRN 2 of 1103959_69_1133592_RPP,1.0002765486725662,0.0010536860869376139,0.0
AC_TLIN_H2_BIAS of 1103959_69_1133529_YPP,1.0002765486725664,0.0003073860924254562,0.0
AC_TLIN_H2_BIAS_INIT of 1103959_69_1133592_RPP,1.0002765486725664,0.0003073860924254562,0.0
AC_T_H2_BIAS_INIT of 1103959_69_1133529_cp1_cp1p5,1.0002765486725664,0.0003073860924254562,0.0
AG_AFE_GAIN_12_2_1_2C_PF of 1103959_69_1133529_cp1p5,1.0002765486725653,0.0035980443312182914,0.0
AG_AFE_GAIN_11_2_1_PF of 1103959_69_1133529_cp1p5,1.0002765486725667,0.11481779331279031,0.0
AC_V_GAIN_AFE_CRN_5_8_8_RAW 2 of 1103959_69_1133529_cp1_cp1p5_YPP_QPP,1.0002765486725662,7.39460671655298e-08,0.0
AC_V_GAIN_AFE_CLN_5_8_8 2 of 1103959_69_1133592_RPP,1.0002765486725662,0.0016029086052539603,0.0
AG_AFE_GAIN_11_2_1_PF of 1103959_69_1133529_cp1,1.0002765486725662,0.003328286134471809,0.0
AC_V_GAIN_AFE_CRN_5_8_8_RAW 2 of 1103959_69_1133592_RPP,1.0002765486725664,0.0015476236939632915,0.0
SS_SCAN_REPEAT of 1103959_69_1133592_QPP,1.0002765486725669,0.0026525592814431505,0.0
SS_SCAN_REPEAT of 1103959_69_1133529_cp1p5,1.0002765486725664,0.0005613975280683352,0.0
SS_SCAN_REPEAT of 1103959_69_1133529_cp1_cp1p5_YPP,1.0002765486725667,0.0008871551154180283,0.0
SS_SCAN_REPEAT of 1103959_69_1133529_cp1,1.0002765486725664,2.0984032408437497e-05,0.0
AC_V_AFE_CRN_5_8_8_P_F of 1103959_69_1133529_cp1_cp1p5_YPP,1.0002765486725667,0.11670838734506803,0.0
AC_V_AFE_CRN_5_8_8_P_F of 1103959_69_1133529_cp1p5,1.0002765486725667,0.11705280002287242,0.0
AC_V_AFE_CRN_5_8_8_P_F of 1103959_69_1133592_QPP,1.0002765486725667,0.06950608902890874,0.0
AC_V_AFE_CRN_5_8_8_P_F 2 of 1103959_69_1133592_RPP,1.0002765486725662,0.0013583109495414292,0.0
AC_V_GAIN_AFE_CLN_5_8_8 2 of 1103959_69_1133529_cp1_cp1p5,1.0002765486725664,0.0012442276762280736,0.0
AC_V_GAIN_AFE_CLN_5_8_8 2 of 1103959_69_1133529_cp1_cp1p5_YPP_QPP,1.0002765486725664,0.000567649062812272,0.0
AC_V_GAIN_AFE_CLN_5_8_8 2 of 1103959_69_1133529_YPP,1.0002765486725664,0.0016393637526898508,0.0
AC_V_AFE_CRP_5_8_8_P_F of 1103959_69_1133529_cp1_cp1p5_YPP_QPP,1.0002765486725664,0.03129547681793994,0.0
AC_V_AFE_CRN_5_8_8_VSS 2 of 1103959_69_1133592_RPP,1.0002765486725667,0.0029900572096207335,0.0
AC_V_AFE_CRN_5_8_8_VSS 2 of 1103959_69_1133529_cp1_cp1p5_YPP_QPP,1.0002765486725664,0.0006884704224791141,0.0
AC_V_AFE_CRN_5_8_8_VSS 2 of 1103959_69_1133529_cp1_cp1p5,1.0002765486725664,0.0003062256634746234,0.0
AC_V_AFE_CRN_5_8_8_VSS 2 of 1103959_69_1133529_YPP,1.0002765486725664,0.00020766020529528782,0.0
AC_V_AFE_CRN_5_8_8_I0_RAW 2 of 1103959_69_1133529_cp1_cp1p5_YPP_QPP,1.0002765486725664,9.101719970127518e-05,0.0
AC_V_AFE_CRN_5_8_8_I0_RAW 2 of 1103959_69_1133592_RPP,1.0002765486725664,0.001722066805937857,0.0
AC_V_AFE_CRN_5_8_8_I0_VSS 2 of 1103959_69_1133529_YPP,1.0002765486725662,0.00023498944805311117,0.0
AC_V_AFE_CRN_5_8_8_I0_VSS 2 of 1103959_69_1133529_cp1_cp1p5,1.0002765486725664,0.0003925455465997434,0.0
AC_V_AFE_CRN_5_8_8_I0_VSS 2 of 1103959_69_1133529_cp1_cp1p5_YPP_QPP,1.0002765486725664,0.0004609858003101822,0.0
AC_V_AFE_CRN_5_8_8_I0_VSS 2 of 1103959_69_1133592_RPP,1.0002765486725664,0.0024540310445967327,0.0
AC_V_AFE_CRN_5_8_8_I0 2 of 1103959_69_1133592_RPP,1.0002765486725662,0.00039962813364603566,0.0
AC_V_AFE_CRN_5_8_8_I0_RAW 2 of 1103959_69_1133529_YPP,1.0002765486725664,0.0006240827105505868,0.0
AC_V_AFE_CRN_5_8_8_I0 2 of 1103959_69_1133529_cp1_cp1p5_YPP_QPP,1.0002765486725662,7.726455779783263e-05,0.0
AC_V_AFE_CRN_5_8_8_I0_RAW 2 of 1103959_69_1133529_cp1_cp1p5,1.0002765486725664,0.0005492298309755431,0.0
AC_V_AFE_CRN_5_8_8_I0 2 of 1103959_69_1133529_YPP,1.0002765486725662,0.0005969269806988535,0.0
AC_V_AFE_CRN_5_8_8_I0 2 of 1103959_69_1133529_cp1_cp1p5,1.0002765486725662,0.0006406364508273744,0.0
AG_V_SELF_TEST_GAIN_6_1_4_2C of 1103959_69_1133592_RPP,1.0002765486725664,0.0001407311859753152,0.0
AG_V_SELF_TEST_GAIN_6_1_4_2C of 1103959_69_1133529_cp1_cp1p5_YPP_QPP,1.0002765486725667,0.00012113651578093357,0.0
AG_V_SELF_TEST_GAIN_6_1_4_2C of 1103959_69_1133529_cp1_cp1p5,1.0002765486725662,0.0002199393510718696,0.0
AG_V_SELF_TEST_GAIN_6_1_4_2C of 1103959_69_1133529_YPP,1.0002765486725664,0.00012281206655889815,0.0
AC_SENSE_CLN 2 of 1103959_69_1133592_RPP,1.0002765486725664,0.0041337218365670595,0.0
AC_SENSE_CRN 2 of 1103959_69_1133529_YPP,1.0002765486725664,0.0009448796117300018,0.0
AC_SENSETGT of 1103959_69_1133529_cp1_cp1p5_YPP,1.000276548672566,0.11481779331279,0.0
AC_SENSETGT of 1103959_69_1133529_cp1_cp1p5_YPP_QPP_RPP,1.000276548672566,0.11481779331279,0.0
AC_SENSETGT of 1103959_69_1133529_cp1p5,1.000276548672566,0.11481779331279,0.0
AC_SENSETGT of 1103959_69_1133592_QPP,1.000276548672566,0.11481779331279,0.0
AC_SENSE_CLN 2 of 1103959_69_1133529_YPP,1.0002765486725664,3.610417293684293e-05,0.0
AC_T_H2_BIAS_INIT of 1103959_69_1133529_YPP,1.0002765486725664,0.0003073860924254562,0.0
EE_DEFAULT_REG30 of 1103959_69_1133529_cp1_cp1p5_YPP_QPP,1.000276548672566,0.11481779331279039,0.0
EE_DEFAULT_REG31 of 1103959_69_1133529_cp1_cp1p5_YPP_QPP,1.000276548672566,0.11481779331278939,0.0
AC_T_H2_BIAS_INIT of 1103959_69_1133529_cp1_cp1p5_YPP_QPP,1.0002765486725664,0.0003073860924254562,0.0
AC_T_H2_BIAS_INIT of 1103959_69_1133592_RPP,1.0002765486725664,0.0003073860924254562,0.0
EE_DEFAULT_REG34 of 1103959_69_1133529_cp1_cp1p5_YPP_QPP,1.0002765486725658,0.1148177933127901,0.0
EE_DEFAULT_REG35 of 1103959_69_1133529_cp1_cp1p5_YPP_QPP,1.0002765486725658,0.1148177933127901,0.0
EE_DEFAULT_REG48 of 1103959_69_1133529_cp1_cp1p5_YPP_QPP,1.000276548672566,0.1148177933127902,0.0
EE_DEFAULT_REG47 of 1103959_69_1133529_cp1_cp1p5_YPP_QPP,1.0002765486725658,0.1148177933127901,0.0
AC_SENSE_CRN 2 of 1103959_69_1133529_cp1_cp1p5,1.0002765486725662,0.00043027129989223255,0.0
AC_SENSE_CLN 2 of 1103959_69_1133529_cp1_cp1p5,1.000276548672567,0.0010080141863260715,0.0
AC_T_H2_BIAS of 1103959_69_1133592_RPP,1.0002765486725664,0.0003073860924254562,0.0
AC_T_H2_BIAS of 1103959_69_1133529_cp1_cp1p5_YPP_QPP,1.0002765486725664,0.0003073860924254562,0.0
AC_T_H2_BIAS of 1103959_69_1133529_YPP,1.0002765486725664,0.0003073860924254562,0.0
AC_T_H2_BIAS of 1103959_69_1133529_cp1_cp1p5,1.0002765486725664,0.0003073860924254562,0.0
AC_TRIALS of 1103959_69_1133529_cp1p5,1.0002765486725664,0.013361145413214684,0.0
AC_TRIALS of 1103959_69_1133529_cp1_cp1p5_YPP,1.0002765486725664,0.010680063680570485,0.0
WF of 1103959_69_1133529_cp1_cp1p5_YPP_QPP_RPP,1.0002765486725664,0.04946875665877199,0.0
WF of 1103959_69_1133592_QPP,1.0002765486725664,0.04946875665877199,0.0
AC_V_GAIN_AFE_CLN_5_8_8_RAW 2 of 1103959_69_1133529_YPP,1.0002765486725664,0.001643069956714621,0.0
AC_V_GAIN_AFE_CLN_5_8_8_RAW 2 of 1103959_69_1133529_cp1_cp1p5,1.0002765486725662,0.0010867100710623503,0.0
AC_V_GAIN_AFE_CLN_5_8_8_RAW 2 of 1103959_69_1133592_RPP,1.0002765486725664,0.0015114144919694584,0.0
WF of 1103959_69_1133529_cp1,1.0002765486725664,0.04946875665877199,0.0
AG_AFE_GAIN_6_4_1_PF of 1103959_69_1133529_cp1,1.0002765486725664,0.002353128250664543,0.0
AG_AFE_GAIN_12_2_1_PF of 1103959_69_1133529_cp1p5,1.0002765486725653,0.0035980443312182914,0.0
AC_V_GAIN_AFE_CRN_5_8_8 2 of 1103959_69_1133529_cp1_cp1p5,1.0002765486725664,0.0005920368444890933,0.0
AC_V_GAIN_AFE_CRN_5_8_8 2 of 1103959_69_1133592_RPP,1.0002765486725664,0.00023941181066260232,0.0
AC_V_GAIN_AFE_CRN_5_8_8_RAW 2 of 1103959_69_1133529_YPP,1.0002765486725664,0.0005177131560044143,0.0
AC_V_GAIN_AFE_CRN_5_8_8_RAW 2 of 1103959_69_1133529_cp1_cp1p5,1.0002765486725664,0.0005243052319300033,0.0
AC_SENSE_CRN 2 of 1103959_69_1133529_cp1_cp1p5_YPP_QPP,1.0002765486725664,0.0006216126328117129,0.0
VV_REPEAT of 1103959_69_1133529_cp1_cp1p5_YPP_QPP_RPP,1.0002765486725662,0.00745052261973437,0.0
AC_V_GAIN_AFE_CLN_5_8_8_RAW 2 of 1103959_69_1133529_cp1_cp1p5_YPP_QPP,1.000276548672566,0.00029521566812813933,0.0
AC_V_GAIN_AFE_CRN_5_8_8 2 of 1103959_69_1133529_YPP,1.0002765486725667,0.0004959090223584864,0.0
EEPROM_T_SCAL_G_BIAS__,1.0002765486725664,0.008929347204376598,5.002552195839278e-07
AC_V_AFE_5_8_8_SENSR of 1103959_69_1133529_cp1_cp1p5,1.0002765486725662,0.00042751893368581085,4.592817467787539e-06
HH_CONT_VINT of 1103959_69_JPP,1.0002765486725667,0.013253011774156647,4.746404413974922e-06
F:E of 1103959_69_JPP_P:o,0.24903142975281423,0.08872474683632048,5.81664006785962e-06
AC_V_AFE_CLN_5_8_8_P_F of 1103959_69_1133529_cp1,1.0002765486725664,0.11120381843977033,6.240371128882294e-06
Zb_V_OBVOL_L of 1103959_69_1133529_cp1,1.0002765486725664,0.00956257620391744,7.619969994820675e-06
EX_EXTRACT_T_H1BIAS of 1103959_69_1133529_YPP,1.0002765486725664,0.11924329274022083,8.166677216269051e-06
AC_V_AFE_CRN_5_8_8_P_F of 1103959_69_1133529_cp1,1.0002765486725667,0.14907241938639024,8.777689426924879e-06
EX_EXTRACT_T_SCALBIAS of 1103959_69_1133529_cp1_cp1p5,1.0002765486725664,0.07958389634965997,9.892277804039288e-06
AC_V_AFE_CLN_5_8_8_VSS of 1103959_69_1133529_cp1_cp1p5_YPP_QPP_RPP,1.0002765486725664,0.04036204955929018,1.1398884154086248e-05
F:E of 1103959_69_1133529_cp1p5_S:b,0.2160027867420563,0.05316901403789033,1.3490662047173996e-05
EX_EXTRACT_T_GBIAS of 1103959_69_1133529_cp1_cp1p5,1.0002765486725664,0.08322533573721012,1.5135232377960482e-05
AC_V_GAIN_AFE_CRN_5_8_8 2 of 1103959_69_1133529_cp1_cp1p5_YPP_QPP,1.0002765486725664,0.0002509961200530515,1.6174363283886373e-05
OV_V_OB_VOUT_RAW of 1103959_69_JPP,1.0002765486725662,0.049986763117627966,1.8349237681460325e-05
EX_EXTRACT_T_GBIAS of 1103959_69_1133529_cp1_cp1p5_YPP_QPP,1.0002765486725664,0.08322533573721012,1.9944170669521946e-05
EX_EXTRACT_T_GBIAS of 1103959_69_1133592_RPP,1.0002765486725664,0.08322533573721012,2.0650496848256148e-05
ZB_V_V0FVBI_UL of 1103959_69_1133529_cp1_cp1p5_YPP_QPP_RPP,1.0002765486725664,0.014035911030432963,2.094554258055505e-05
KK_LK_CM_HI of 1103959_69_1133529_cp1p5,1.0002765486725662,0.05967174651012531,2.2457811978742166e-05
KK_LK_OUT_APMU_HI of 1103959_69_1133529_cp1p5,1.0002765486725664,0.01920676589748932,2.359361674818465e-05
FAILING_BINOUTS(1) of 1103959_69_JPP_GbGbSbSbPoPo,0.0016565395465366352,0.04320548601044379,2.3796467121272676e-05
EX_EXTRACT_T_SCALBIAS of 1103959_69_1133529_YPP,1.0002765486725664,0.07958389634965997,2.4637613985297186e-05
Zb_V_OBVOH_VSS_H of 1103959_69_1133529_cp1_cp1p5_YPP_QPP_RPP,1.0002765486725664,0.01912506140537777,2.7919872325726144e-05
KK_LK_CL_APMU_HI of 1103959_69_JPP,1.0002765486725664,0.010890253660136956,3.059573655504518e-05
WF of 1103959_69_1133529_cp1_cp1p5_YPP,1.0002765486725664,0.04946875665877199,3.2399639496223255e-05
KK_LK_OUT_LO of 1103959_69_1133529_cp1,1.0002765486725662,0.01880546614258235,3.35824384473226e-05
AC_V_AFE_CLN_5_8_8_P_F of 1103959_69_1133529_cp1_cp1p5_YPP_QPP_RPP,1.0002765486725662,0.08675408439119299,3.412874737831821e-05
KK_LK_CR_APMU_HI of 1103959_69_1133529_cp1,1.0002765486725662,0.011364838866729482,4.157021331519894e-05
OV_V_VSS of 1103959_69_1133592_QPP,1.0002765486725664,0.005532379000072141,4.5498628990380136e-05
AC_TRIALS of 1103959_69_1133529_cp1_cp1p5_YPP_QPP_RPP,1.0002765486725667,0.012541842391200155,4.872499967981199e-05
Zb_V_OBVOL_H_RAW of 1103959_69_1133529_cp1_cp1p5_YPP,1.0002765486725664,0.019100178427345595,4.9775650359009326e-05
Zb_V_OBVOL_L of 1103959_69_JPP,1.0002765486725664,0.03401951902938544,5.030493003142026e-05
EX_EXTRACT_T_H2BIAS of 1103959_69_1133592_RPP,1.0002765486725664,0.11963806665873988,5.231589254136859e-05
AG_V_SELF_TEST_GAIN_9_1_2_RAW of 1103959_69_JPP,1.0002765486725662,0.09713006661841844,5.242816909733841e-05
WF of 1103959_69_1133529_cp1p5,1.0002765486725664,0.04946875665877199,5.361795404192314e-05
EX_EXTRACT_T_SUPDIV of 1103959_69_1133529_YPP,1.0002765486725662,0.05337303937027211,5.437554115049119e-05
HH_CONT_PTEN of 1103959_69_1133529_cp1_cp1p5_YPP,1.0002765486725664,0.1050749842265199,5.543490657023206e-05
AG_V_SELF_TEST_GAIN_11_2_1_VSS of 1103959_69_JPP,1.0002765486725664,0.07212110188857254,5.583042003439187e-05
AI_V_V0FVBI_SELF_RAW of 1103959_69_1133529_cp1_cp1p5_YPP_QPP_RPP,1.0002765486725662,0.08109405835953958,5.6083403496660195e-05
F:E of 1103959_69_1133592_QPP_P:o,0.24956128385867132,0.09935177269304737,5.711695245377348e-05
AC_SENSE_CLN 2 of 1103959_69_1133529_cp1_cp1p5_YPP_QPP,1.0002765486725664,6.052127989120616e-05,6.078922620164707e-05
ZB_V_V0RA_P3MA_VSS of 1103959_69_1133592_RPP,1.0002765486725662,0.04023186500486801,6.374187137723973e-05
EX_EXTRACT_T_SCALBIAS of 1103959_69_1133529_cp1_cp1p5_YPP_QPP,1.0002765486725664,0.07958389634965997,6.403994352751164e-05
FAILING_BINOUTS(1) of 1103959_69_1133529_cp1_cp1p5_YPP_PoPo,0.14692097420979103,0.03275964508888727,6.635448059506434e-05
Zb_V_OBVOL_VSS_H of 1103959_69_1133529_cp1_cp1p5_YPP_QPP_RPP,1.0002765486725667,0.017506263538015182,6.67584555559217e-05
FAILING_BINOUTS(1) of 1103959_69_JPP_GbPoPo,0.006320173174365889,0.013752769793489715,6.800344119615752e-05
AG_V_SELF_TEST_GAIN_10_1_2_VSS of 1103959_69_JPP,1.0002765486725662,0.07146184824794141,6.929256789435918e-05
AG_V_SELF_TEST_GAIN_9_1_2 of 1103959_69_1133529_cp1,1.0002765486725662,0.043286916811676214,6.942031054882687e-05
AG_V_SELF_GAIN_9_1_2_N_RAW of 1103959_69_1133592_QPP,1.0002765486725662,0.02547216400813026,7.013044843447817e-05
Zb_I_OBSHORT_VSS of 1103959_69_1133529_cp1_cp1p5_YPP_QPP_RPP,1.0002765486725664,0.04076081312396555,7.107381845789755e-05
AG_V_SELF_TEST_GAIN_8_2_1 of 1103959_69_1133592_QPP,1.0002765486725664,0.07827385327455398,7.252557861845103e-05
EX_EXTRACT_T_SCALBIAS of 1103959_69_1133592_RPP,1.0002765486725664,0.07958389634965997,7.413839590388663e-05
AC_TRIALS of 1103959_69_1133592_QPP,1.0002765486725664,0.018703742992238308,7.537362856557148e-05
AG_V_SELF_TEST_GAIN_9_1_2_VSS of 1103959_69_1133529_cp1_cp1p5_YPP_QPP_RPP,1.0002765486725662,0.021151988626582338,7.566516105134397e-05
KK_LK_OUT_APMU_HI of 1103959_69_JPP,1.0002765486725662,0.027160010264689494,7.768765886129934e-05
AG_V_SELF_TEST_GAIN_9_1_2_RAW of 1103959_69_1133529_cp1_cp1p5_YPP_QPP_RPP,1.0002765486725664,0.08214866861353612,7.982887245249467e-05
AC_SENSE_CN_FG_SA of 1103959_69_JPP,1.0002765486725667,0.0801569413146026,8.07339026567216e-05
Df_V_VR1V2D_OUT_RAW of 1103959_69_1133529_cp1p5,1.0002765486725664,0.03700023738431986,8.08689923269712e-05
KK_LK_PTEN_LO of 1103959_69_1133529_cp1p5,1.0002765486725664,0.008123984862775985,8.163813592626893e-05
KK_LK_OUT_APMU_LO of 1103959_69_1133592_QPP,1.000276548672566,0.0026905325658242983,8.164591770047588e-05
AG_V_SELF_TEST_GAIN_9_1_2_RAW of 1103959_69_1133592_QPP,1.0002765486725664,0.0739825820302381,8.183866986962263e-05
Zb_V_ILOUT_RAW of 1103959_69_1133529_cp1p5,1.0002765486725667,0.004807581712690222,8.344769328880992e-05
EX_EXTRACT_T_PTATOSC of 1103959_69_1133529_YPP,1.0002765486725664,0.05271557017456961,8.42261588295531e-05
Gb_I_GBIAS_0 2 of 1103959_69_1133529_cp1_cp1p5_YPP,1.0002765486725664,0.01338597999495693,8.473639337724362e-05
Ro_T_REFOSC_LV of 1103959_69_1133529_cp1,1.0002765486725664,0.025290525148558264,8.504286491473914e-05
KK_LK_CR_APMU_HI of 1103959_69_1133592_QPP,1.0002765486725662,0.011364838866729482,8.618362279202976e-05
ZB_V_V0FVBI00_M_VSS of 1103959_69_JPP,1.0002765486725667,0.06755486242157899,8.631083121035682e-05
Zb_V_OBVOL of 1103959_69_1133529_cp1,1.0002765486725662,0.029086471897666975,8.793459594004804e-05
AG_V_SELF_GAIN_9_1_2_N_VSS of 1103959_69_1133529_cp1_cp1p5_YPP_QPP_RPP,1.0002765486725664,0.023645422310349197,8.960425222481465e-05
AI_V_V0FVBI_SELF_RAW of 1103959_69_1133529_cp1p5,1.0002765486725662,0.06761551878994367,9.081381055002684e-05
ZB_V_V0FVBIFF_M of 1103959_69_1133529_cp1,1.0002765486725664,0.012539423382832933,9.35194625819416e-05
EX_EXTRACT_T_H2BIAS of 1103959_69_1133529_YPP,1.0002765486725664,0.11963806665873988,9.47566584447153e-05
AC_V_AFE_CLP_5_8_8_P_F of 1103959_69_1133529_cp1_cp1p5_YPP_QPP,1.0002765486725655,0.035738576607979085,9.597749513042706e-05
AC_V_AFE_CRN_5_8_8_P_F of 1103959_69_JPP,1.0002765486725667,0.0661856570144668,9.823657547832144e-05
AG_V_SELF_TEST_GAIN_10_1_2_RAW of 1103959_69_1133592_QPP,1.0002765486725664,0.07983755429973197,9.839742385435184e-05
Zb_V_OBVOH_RAW of 1103959_69_1133529_cp1_cp1p5_YPP_QPP_RPP,1.0002765486725662,0.0059890976588270846,0.00010040810362080756
Ro_T_REFOSC_HV of 1103959_69_JPP,1.0002765486725667,0.005022426777558906,0.00010102425482031853
AG_V_SELF_GAIN_7_4_1_N of 1103959_69_1133529_cp1,1.0002765486725662,0.05893995282093493,0.0001013054572163856
AC_V_AFE_CRP_5_8_8_VSS of 1103959_69_1133592_RPP,1.0002765486725667,0.01993086541458157,0.00010266475149235178
AI_V_V0FVBI_SELF_VSS of 1103959_69_1133529_cp1_cp1p5_YPP_QPP_RPP,1.0002765486725664,0.03780722726507796,0.00010321893160453389
EX_EXTRACT_T_H1BIAS of 1103959_69_1133529_cp1_cp1p5_YPP_QPP,1.0002765486725664,0.11924329274022083,0.0001045767335092744
HH_CONT_SH_CR of 1103959_69_1133529_cp1_cp1p5_YPP,1.0002765486725664,0.027905650731437085,0.00010521270563232493
ZB_V_V0FVBI_UL of 1103959_69_1133529_cp1p5,1.0002765486725664,0.00932473658956685,0.0001056806887176369
AC_V_AFE_CRP_5_8_8_P_F of 1103959_69_1133592_RPP,1.0002765486725664,0.08483750063432537,0.00010655919519371038
KK_LK_CR_APMU_HI of 1103959_69_1133529_cp1_cp1p5_YPP_QPP_RPP,1.0002765486725662,0.011364838866729482,0.00010868902010494779
Ro_T_REFOSC_LV of 1103959_69_1133529_cp1_cp1p5_YPP_QPP_RPP,1.0002765486725664,0.019068608151825737,0.00010980878552847043
Zb_V_OBVOH_VSS_H of 1103959_69_1133529_cp1,1.0002765486725667,0.05800363889451118,0.00011121209126231276
F:E of 1103959_69_1133529_cp1p5_P:o,0.03182656995848023,0.06328436754452432,0.00011245555391540461
AG_V_SELF_TEST_GAIN_8_2_1_VSS of 1103959_69_1133529_cp1_cp1p5_YPP_QPP_RPP,1.0002765486725662,0.02157439798006133,0.00011427197210979127
Zb_V_OBVOL_VSS_L of 1103959_69_JPP,1.0002765486725664,0.06745268601378952,0.00011501278168386356
AG_V_SELF_GAIN_7_4_1_N of 1103959_69_JPP,1.0002765486725662,0.053800083760692306,0.00011530777078988556
IO_ISUPFM_PRE of 1103959_69_1133529_cp1p5,1.0002765486725664,0.03683677791742403,0.00011531191942345459
TR_TEMP_REG11 of 1103959_69_1133529_cp1_cp1p5_YPP_QPP_RPP,1.0002765486725662,0.009859618045605523,0.00011572246702596975
ZB_V_V0FVBI_UL_VSS of 1103959_69_1133529_cp1_cp1p5_YPP_QPP_RPP,1.0002765486725662,0.03993860669988518,0.000116895917993175
KK_LK_CM_HI of 1103959_69_1133529_cp1_cp1p5_YPP_QPP_RPP,1.0002765486725664,0.08079095868920237,0.00011703869494042548
AI_V_V0FVBI_SELF_VSS of 1103959_69_1133592_QPP,1.0002765486725662,0.008228789574382831,0.00011854669711096021
OV_V_OB_VOUT_RAW of 1103959_69_1133529_cp1_cp1p5_YPP,1.0002765486725667,0.042165297398983795,0.00012040325939988711
Zb_V_OBVOH_H_RAW of 1103959_69_1133592_QPP,1.0002765486725664,0.03936848098654032,0.0001228101838281055
AG_V_SELF_TEST_GAIN_5_1_8 of 1103959_69_1133529_cp1,1.0002765486725664,0.07198363285113969,0.00012594448544689705
AG_V_SELF_TEST_GAIN_5_1_8_2C of 1103959_69_1133592_QPP,1.0002765486725664,0.07701238242437213,0.00012907000153678915
AC_V_AFE_CN_TGT_I0 of 1103959_69_1133592_QPP,1.0002765486725664,0.0044841157022899245,0.00013248758096358102
F:E of 1103959_69_1133529_cp1_cp1p5_YPP_S:b,0.2216657267426925,0.061539117214193154,0.00013265485524980545
Zb_I_OBSHORT of 1103959_69_1133529_cp1_cp1p5_YPP_QPP_RPP,1.0002765486725662,0.06175980632908803,0.0001336576606251184
Zb_I_OBSHORT_VSS of 1103959_69_1133592_QPP,1.0002765486725667,0.0067748491367285845,0.00013393586368714175
AC_V_AFE_CLN_5_8_8_I0_VSS of 1103959_69_1133529_cp1_cp1p5_YPP_QPP_RPP,1.0002765486725664,0.04279555472935134,0.00013421306341125994
KK_LK_CL_APMU_HI of 1103959_69_1133529_cp1_cp1p5_YPP,1.0002765486725664,0.012100025972787358,0.00013524672897251289
ZB_V_V0RA_P3MA_VSS of 1103959_69_1133529_cp1_cp1p5_YPP_QPP,1.0002765486725664,0.05783097405997652,0.00013548621605231442
AG_V_SELF_TEST_GAIN_6_1_4_VSS of 1103959_69_1133529_cp1_cp1p5_YPP_QPP_RPP,1.0002765486725667,0.020983103938736033,0.0001364840825064126
AG_V_SELF_TEST_GAIN_12_2_1_VSS of 1103959_69_JPP,1.0002765486725664,0.07235729918000561,0.00013661480146217879
AC_V_AFE_CRN_5_8_8_VSS of 1103959_69_1133592_QPP,1.0002765486725664,0.00382767672843635,0.00013846784877918954
Dt_V_VSS of 1103959_69_1133592_RPP,1.0002765486725662,0.04004486568994664,0.00013909859123933181
HH_CONT_SH_OUT_APMU of 1103959_69_JPP,1.0002765486725662,0.0015684721719012218,0.00014066946244908898
AG_V_SELF_GAIN_9_1_2_N of 1103959_69_1133529_cp1_cp1p5_YPP,1.0002765486725667,0.0314770530051325,0.00014071711813667547
AG_V_SELF_TEST_GAIN_5_1_8_VSS of 1103959_69_1133529_cp1_cp1p5_YPP_QPP_RPP,1.0002765486725662,0.020797993565315635,0.00014192808963276783
HH_CONT_SH_VINT of 1103959_69_1133529_cp1_cp1p5_YPP,1.0002765486725662,0.03534212678531669,0.0001430516473190103
ZB_V_V0FVBIFF_M of 1103959_69_1133529_cp1_cp1p5_YPP_QPP_RPP,1.0002765486725664,0.013332178829080736,0.00014427005070707734
AG_V_SELF_TEST_GAIN_11_2_1 of 1103959_69_1133529_cp1,1.0002765486725664,0.048796964365755306,0.00014712078689847673
KK_LK_CR_APMU_LO of 1103959_69_JPP,1.0002765486725667,0.00788480878200929,0.00014793694151178102
AC_OFFCALRES_PRE of 1103959_69_1133529_cp1_cp1p5_YPP,1.0002765486725664,0.0012682034725542322,0.00014905907630151114
Df_V_VSS of 1103959_69_1133529_cp1_cp1p5_YPP_QPP_RPP,1.0002765486725662,0.04021411371225582,0.0001499063244329558
FAILING_BINOUTS(1) of 1103959_69_1133529_cp1p5_SbSbPoPo,0.039761995346458814,0.07052767702637462,0.00015029986890666654
KC_COIL_CR of 1103959_69_JPP,1.0002765486725664,0.03422858404987477,0.00015094019110515288
ZB_V_V0FVBI00_M_VSS of 1103959_69_1133592_QPP,1.0002765486725664,0.00584303957871868,0.00015267833975362444
IO_ISUPFM of 1103959_69_1133529_cp1,1.0002765486725664,0.09681165948415256,0.00015283576010406
Zb_V_OBVOH_VSS_H of 1103959_69_JPP,1.0002765486725662,0.0675237172256717,0.00015356276948621904
AI_F_SAFE of 1103959_69_1133592_QPP,1.0002765486725667,0.08053307218581988,0.00015386726193985964
AC_V_AFE_CLP_5_8_8_VSS of 1103959_69_1133592_RPP,1.0002765486725664,0.02080972539152824,0.00015408180184800052
FAILING_BINOUTS(1) of 1103959_69_1133529_cp1_cp1p5_YPP_SbSbPoPo,0.04279432057564941,0.046442647441954935,0.00015477866462255895
AC_V_AFE_CLP_5_8_8_I0_VSS of 1103959_69_1133592_RPP,1.0002765486725664,0.0201407432489205,0.00015634442093019933
AC_VOFF_TGT_PRE_TM of 1103959_69_1133529_cp1p5,1.0002765486725664,0.00636686262455436,0.0001564777701730403
EEPROM_S4__,1.0002765486725664,0.05258882776291687,0.00015945968675545673
Zb_I_OBSHORTL_VSS of 1103959_69_1133529_cp1_cp1p5_YPP_QPP_RPP,1.0002765486725664,0.03944935237817594,0.00016039400697330568
Zb_V_OBVOL_VSS_L of 1103959_69_1133529_cp1_cp1p5_YPP_QPP_RPP,1.0002765486725662,0.017764126840196574,0.00016055990761136885
VV_V_3V3_2M of 1103959_69_1133529_cp1p5,1.0002765486725664,0.01988083703690544,0.00016247887180894716
AC_V_GAIN_AFE_CN_FG_SA of 1103959_69_1133529_cp1_cp1p5_YPP,1.0002765486725662,0.11864038944144219,0.00016276645384966578
FAILING_BINOUTS(1) of 1103959_69_1133592_QPP_GbPoPo,0.0013808319122335284,0.04837561995329766,0.00016280086288751128
OV_V_OB_VOUT of 1103959_69_1133529_cp1_cp1p5_YPP,1.0002765486725664,0.030832266416597996,0.00016489561693869308
EEPROM_SET_BK8_A__,1.0002765486725667,0.055082698407002216,0.00016605201623498615
Df_V_VR1V2D_OUT_DIG of 1103959_69_1133592_QPP,1.0002765486725664,0.023215562322388927,0.00016652410069198687
AG_V_SELF_GAIN_7_4_1_N_VSS of 1103959_69_JPP,1.0002765486725664,0.07000900300696132,0.00016722061749040754
EX_EXTRACT_T_PTATOSC of 1103959_69_1133592_RPP,1.0002765486725664,0.05271557017456961,0.00016831329715522565
AI_V_V0FVBI_SELF_VSS of 1103959_69_1133529_cp1p5,1.0002765486725667,0.019010986837047546,0.0001697715473658095
ZB_V_V0FVBIFF_M_VSS of 1103959_69_JPP,1.0002765486725667,0.06662437458986717,0.00017131316416810568
KK_LK_OUT_APMU_LO of 1103959_69_1133529_cp1_cp1p5_YPP,1.0002765486725662,0.03157145579217679,0.0001757605214331154
AG_V_SELF_GAIN_7_4_1_N_RAW of 1103959_69_1133592_QPP,1.0002765486725662,0.04193010239265105,0.00017629035616900635
AI_V_V0FVBI_SELF_RAW of 1103959_69_1133529_cp1_cp1p5_YPP,1.0002765486725664,0.05732693012769778,0.00017715410298528727
AG_V_SELF_TEST_GAIN_12_2_1_2C of 1103959_69_1133592_QPP,1.0002765486725664,0.09644792104434505,0.000178527473770834
OV_V_OB_VOUT_RAW of 1103959_69_1133592_QPP,1.0002765486725664,0.018213702315103806,0.00018038083243748386
AG_V_SELF_TEST_GAIN_12_2_1_RAW of 1103959_69_1133529_cp1p5,1.0002765486725662,0.05411791437542066,0.00018091363846741185
OV_V_OB_VOUT_DIG of 1103959_69_JPP,1.0002765486725664,0.04978539484863822,0.00018092154939913145
ZB_V_V0FVBI_UL_VSS of 1103959_69_JPP,1.0002765486725664,0.06682676433490359,0.00018125916803697314
AC_V_AFE_CN_FG_SA_P_F of 1103959_69_1133529_cp1_cp1p5_YPP_QPP_RPP,1.0002765486725664,0.10253019001499547,0.00018331908920557428
AC_V_AFE_CRN_5_8_8_P_F of 1103959_69_1133529_cp1_cp1p5_YPP_QPP_RPP,1.0002765486725664,0.12946403115761074,0.00018527598648933064
HH_CONT_SH_OUT of 1103959_69_1133529_cp1p5,1.0002765486725664,0.013509057208260131,0.00018545649934882829
Zb_V_ILOUT_VSS of 1103959_69_1133529_cp1p5,1.0002765486725664,0.023392276665931463,0.00018575513114280212
AG_V_SELF_TEST_GAIN_7_4_1_VSS of 1103959_69_1133529_cp1_cp1p5_YPP_QPP_RPP,1.000276548672566,0.020688968324730654,0.00018595146607631392
AC_V_AFE_CN_5_8_8_I0 QPP,1.0002765486725664,0.00300402397490107,0.0001859560635516275
AG_V_SELF_TEST_GAIN_11_2_1_VSS of 1103959_69_1133592_QPP,1.0002765486725662,0.0012659029373901336,0.00018679640813904465
Sb_I_SCALBIAS_0_HV of 1103959_69_1133529_cp1p5,1.0002765486725662,0.11107698727366642,0.00018679742575771223
AG_V_SELF_TEST_GAIN_7_4_1_VSS of 1103959_69_JPP,1.0002765486725664,0.07066591569726603,0.0001889940399287781
ZB_V_V0RA_N3MA_VSS of 1103959_69_1133592_RPP,1.0002765486725662,0.04050071827193783,0.0001891453579710315
AG_V_SELF_TEST_GAIN_6_4_1 of 1103959_69_1133529_cp1,1.0002765486725664,0.05236815725734514,0.00019516043369342196
Zb_V_OBVOL_VSS_H of 1103959_69_1133592_QPP,1.0002765486725664,0.0029941872734351007,0.00019559894765116976
AC_V_AFE_CRN_5_8_8_I0_VSS of 1103959_69_1133529_cp1_cp1p5_YPP,1.0002765486725667,0.03641129478217024,0.0001967057349221739
AC_V_GAIN_AFE_CN_FG_SA of 1103959_69_1133592_QPP,1.0002765486725667,0.11451545948707928,0.0001971881504781596
AC_OFFCALRES_PRE of 1103959_69_1133529_cp1p5,1.0002765486725662,0.0058222125207682595,0.00019784136592485702
EEPROM_BANK8_C__,1.0002765486725667,0.055082698407002216,0.00020044011438314014
Df_V_VR1V2D_OUT_DIG of 1103959_69_JPP,1.0002765486725667,0.07942825711693689,0.00020073035465831304
OV_V_OBVOFF of 1103959_69_JPP,1.0002765486725664,0.007244801425012388,0.00020128132058820508
HH_CONT_SH_CR of 1103959_69_1133529_cp1,1.0002765486725664,0.025312853581934285,0.00020143281794158727
AC_V_AFE_CLP_5_8_8_P_F of 1103959_69_1133592_RPP,1.0002765486725664,0.08481554087936628,0.00020165750961728094
AI_V_V0FVUNI_SELF_RAW of 1103959_69_1133529_cp1_cp1p5_YPP_QPP_RPP,1.0002765486725667,0.031531557237062885,0.000202355590152274
KK_LK_CR_APMU_HI of 1103959_69_JPP,1.0002765486725664,0.013788497777523386,0.00020443608446663814
Df_V_VR1V2D_OUT_RAW of 1103959_69_1133592_QPP,1.0002765486725664,0.023605845715024852,0.00020476252038939302
ZB_V_V0FVBI00_M_RAW of 1103959_69_JPP,1.0002765486725664,0.060030904744236765,0.0002048863097749662
EX_EXTRACT_T_REFOSC of 1103959_69_1133529_cp1_cp1p5_YPP_QPP,1.0002765486725662,0.07068503299038446,0.0002057503687786218
AG_V_SELF_TEST_GAIN_5_8_1_VSS of 1103959_69_JPP,1.0002765486725667,0.07240303809857672,0.00020630694474431082
Zb_V_OBVOL_RAW of 1103959_69_1133529_cp1_cp1p5_YPP,1.0002765486725662,0.039747274916974516,0.0002064106646565622
EX_EXTRACT_T_REFOSC of 1103959_69_1133592_RPP,1.0002765486725662,0.07068503299038446,0.0002079303292063014
AC_V_AFE_CRN_5_8_8_I0_VSS of 1103959_69_JPP,1.0002765486725667,0.08035758429139093,0.00020870490330336715
Zb_V_OBVOL of 1103959_69_1133592_QPP,1.0002765486725664,0.03249096757197348,0.00020949015333909254
AC_V_AFE_CRN_5_8_8_VSS of 1103959_69_1133529_cp1_cp1p5_YPP_QPP_RPP,1.0002765486725667,0.044789790423580285,0.00021015026629303218
Zb_V_OBVOH_VSS_L of 1103959_69_1133592_QPP,1.0002765486725667,0.0006780813922635463,0.00021032580517362298
KK_LK_CL_APMU_HI of 1103959_69_1133529_cp1p5,1.0002765486725664,0.012100025972787358,0.00021032907189858839
AG_V_SELF_TEST_GAIN_7_4_1_RAW of 1103959_69_1133529_cp1_cp1p5_YPP_QPP_RPP,1.0002765486725662,0.0985343278905546,0.00021175942147636193
KK_LK_OUT_APMU_HI of 1103959_69_1133592_QPP,1.0002765486725667,0.0037784150403150094,0.00021336226658765626
Zb_V_OBVOL_RAW of 1103959_69_1133592_QPP,1.0002765486725662,0.03177259533347417,0.00021595546901681222
Df_V_VR1V2D_OUT_RAW of 1103959_69_1133529_cp1_cp1p5_YPP_QPP_RPP,1.0002765486725662,0.01613378746905118,0.00021712137183414154
Zb_I_OBSHORTL_VSS of 1103959_69_JPP,1.0002765486725667,0.06482194458545447,0.00021935398057446262
AG_V_SELF_GAIN_9_1_2_N_VSS of 1103959_69_1133592_QPP,1.0002765486725662,0.0017533169998603915,0.00021984410335183037
AG_V_SELF_TEST_GA_5_1_8_2C_RAW of 1103959_69_1133529_cp1_cp1p5_YPP_QPP_RPP,1.0002765486725667,0.06543661111211897,0.00021989705496589453
KK_LK_CL_APMU_HI of 1103959_69_1133529_cp1_cp1p5_YPP_QPP_RPP,1.0002765486725664,0.012100025972787358,0.00021997352245527603
FAILING_BINOUTS(1) of 1103959_69_1133529_cp1p5_GbGbSbPoPo,0.0076834197410947805,0.05572068727197975,0.00022044700547428126
KK_LK_VSS_APMU_HI of 1103959_69_1133529_cp1p5,1.0002765486725667,0.004415156835633175,0.0002233328173678195
AG_V_SELF_TEST_GA_5_1_8_2C_RAW of 1103959_69_1133529_cp1_cp1p5_YPP,1.0002765486725667,0.10847971563886208,0.00022361010879019203
Zb_V_OBVOL_H of 1103959_69_1133529_cp1,1.0002765486725664,0.029398415876080667,0.0002239517480798108
VV_V_3V3_UL of 1103959_69_1133529_cp1_cp1p5_YPP,1.0002765486725664,0.054259582027644124,0.0002244739691475321
AG_V_SELF_TEST_GAIN_6_1_4 of 1103959_69_1133529_cp1,1.0002765486725664,0.053625475333322646,0.00022474170825301037
AG_V_SELF_TEST_GA_5_1_8_2C_VSS of 1103959_69_JPP,1.0002765486725664,0.07330587196205299,0.00022529847354059164
AG_V_SELF_TEST_GAIN_9_1_2_RAW of 1103959_69_1133529_cp1_cp1p5_YPP,1.0002765486725662,0.08058926908554051,0.0002255386622540078
AG_V_SELF_TEST_GAIN_6_1_4_RAW of 1103959_69_1133529_cp1_cp1p5_YPP_QPP_RPP,1.0002765486725664,0.09260318925628394,0.00022582251374744593
EX_EXTRACT_T_PTATOSC of 1103959_69_1133529_cp1_cp1p5,1.0002765486725664,0.05271557017456961,0.00022645851622040935
AC_OFFCALRES of 1103959_69_1133529_cp1p5,1.0002765486725662,0.0007351413097708711,0.00022680654875282603
ZB_V_V0FVBI_UL of 1103959_69_1133529_cp1_cp1p5_YPP,1.0002765486725662,0.011618887026752157,0.00022690789961816364
AG_V_SELF_GAIN_7_4_1_N_VSS of 1103959_69_1133529_cp1_cp1p5_YPP_QPP_RPP,1.0002765486725664,0.02164745140479933,0.00022786547414737067
ZB_V_V0FVBI_UL_VSS of 1103959_69_1133529_cp1,1.0002765486725664,0.059366054861562365,0.00022834800718155729
OV_V_VSS of 1103959_69_JPP,1.0002765486725664,0.06623232347490755,0.0002293965635052559
AC_V_AFE_CLN_5_8_8_I0_VSS of 1103959_69_1133592_QPP,1.0002765486725664,0.003767636326984006,0.00022967818215794441
AC_V_AFE_CRN_5_8_8_I0_VSS of 1103959_69_1133529_cp1_cp1p5_YPP_QPP_RPP,1.0002765486725664,0.044618699702230105,0.00022988947214762836
AG_V_SELF_TEST_GAIN_5_1_8_2C of 1103959_69_1133529_cp1_cp1p5_YPP_QPP_RPP,1.0002765486725662,0.10573189483432949,0.00023025238331890078
Zb_V_OBVOH_H of 1103959_69_JPP,1.0002765486725662,0.061854919421980535,0.00023219469415515848
AI_V_V0FVBI_SELF of 1103959_69_1133529_cp1p5,1.0002765486725662,0.07512003158581329,0.00023238151583202267
ZB_V_V0FVBIFF_M of 1103959_69_1133529_cp1_cp1p5_YPP,1.0002765486725664,0.00953274006025248,0.00023307745963589612
OV_V_VSS of 1103959_69_1133529_cp1_cp1p5_YPP,1.0002765486725664,0.03370614109945586,0.0002341218858678904
AI_V_V0FVBI_SELF of 1103959_69_JPP,1.0002765486725662,0.019121170267395092,0.00023414210227535258
OV_V_VSS of 1103959_69_1133529_cp1_cp1p5_YPP_QPP_RPP,1.0002765486725662,0.03878318341535712,0.00023555110296494519
HH_CONT_SH_CL of 1103959_69_1133529_cp1_cp1p5_YPP_QPP_RPP,1.0002765486725662,0.050702643263745045,0.00023570792698319876
AG_V_SELF_TEST_GAIN_11_2_1_VSS of 1103959_69_1133529_cp1_cp1p5_YPP_QPP_RPP,1.0002765486725664,0.020751892806967473,0.00023624036492933998
KK_LK_CL_APMU_LO of 1103959_69_1133529_cp1_cp1p5_YPP,1.0002765486725664,0.0005660595451905554,0.00023688854125416997
AG_V_SELF_TEST_GAIN_12_2_1_VSS of 1103959_69_1133592_QPP,1.0002765486725664,0.0012883490977348938,0.0002406145224673778
VV_V_3V3_2M of 1103959_69_1133529_cp1_cp1p5_YPP,1.0002765486725664,0.03894093033798102,0.00024111501954396136
EX_EXTRACT_T_SUPDIV of 1103959_69_1133592_RPP,1.0002765486725662,0.05337303937027211,0.00024376618593391992
VV_V_3V3_M20M of 1103959_69_1133592_QPP,1.0002765486725664,0.043066425777201385,0.00024388302159474015
Zb_I_OBSHORTL_VSS of 1103959_69_1133592_QPP,1.0002765486725664,0.006461270478992222,0.00024392754881868194
AC_V_AFE_CLN_5_8_8_I0_VSS of 1103959_69_1133529_cp1_cp1p5_YPP,1.0002765486725664,0.031606975889261466,0.00024437908922313607
AC_V_AFE_CLN_5_8_8_I0 of 1103959_69_1133529_cp1,1.0002765486725664,0.011556226110730282,0.00024489753126160464
Zb_I_OBSHORTL of 1103959_69_1133529_cp1,1.0002765486725662,0.11248274503537005,0.00024657249670051494
Zb_V_OBVOL_H_RAW of 1103959_69_1133529_cp1_cp1p5_YPP_QPP_RPP,1.0002765486725664,0.0073736483336852045,0.00024726235734406335
Dt_V_VR1V2DRA_M_OUT_RAW of 1103959_69_1133592_RPP,1.0002765486725664,0.023525162210671826,0.0002473824404449742
AG_V_SELF_TEST_GAIN_10_1_2 of 1103959_69_1133529_cp1p5,1.0002765486725664,0.08232004084337477,0.0002477685908792505
Dr_V_VR1V2DRA_OUT of 1103959_69_1133592_RPP,1.0002765486725664,0.08315998118535842,0.0002488005545505933
KK_LK_VSS_APMU_HI of 1103959_69_1133529_cp1_cp1p5_YPP,1.0002765486725667,0.004415156835633175,0.0002502235435253802
FAILING_BINOUTS(1) of 1103959_69_1133529_cp1_cp1p5_YPP_SbPoPo,0.0011049713618825551,0.05525515445328056,0.00025116384423976197
Zb_V_OBVOL_H of 1103959_69_1133592_QPP,1.0002765486725662,0.0024906713592095743,0.0002514806250882583
AC_V_GAIN_AFE_CLN_5_8_8 of 1103959_69_1133592_QPP,1.0002765486725664,0.10536561186289826,0.00025414337069082853
OV_V_OB_VOUT of 1103959_69_1133529_cp1_cp1p5_YPP_QPP_RPP,1.0002765486725662,0.018730303698927014,0.0002545612268106666
AG_V_SELF_TEST_GAIN_10_1_2_VSS of 1103959_69_1133529_cp1_cp1p5_YPP_QPP_RPP,1.0002765486725664,0.02061094896849431,0.00025632643499423006
ZB_V_V0RA_N3MA of 1103959_69_1133592_RPP,1.0002765486725664,0.04523235341811606,0.00025678750625220733
AG_V_SELF_GAIN_9_1_2_N_VSS of 1103959_69_1133529_cp1_cp1p5_YPP,1.0002765486725667,0.028562046704463998,0.00025715815579735256
AI_V_V0FVUNI_SELF_VSS of 1103959_69_1133529_cp1_cp1p5_YPP,1.0002765486725662,0.027118756409918406,0.0002580961923417132
AG_V_SELF_GAIN_9_1_2_N of 1103959_69_1133529_cp1p5,1.0002765486725662,0.034142658700244306,0.00025947828125148017
AG_V_SELF_TEST_GAIN_8_2_1_RAW of 1103959_69_1133529_cp1_cp1p5_YPP,1.0002765486725662,0.07627645604075196,0.0002595466079438467
EEPROM_SET_ParUid__,1.0002765486725667,0.05340853181835609,0.00025959805257943396
AI_V_V0FVBI_SELF_VSS of 1103959_69_1133529_cp1_cp1p5_YPP,1.0002765486725662,0.03388962167063775,0.0002596469476741051
HH_CONT_SH_CM of 1103959_69_1133529_cp1p5,1.0002765486725664,0.010343870591560268,0.0002602139543193075
FAILING_BINOUTS(1) of 1103959_69_1133529_cp1p5_GbSbSbPoPo,0.006320173174365889,0.03882523367607649,0.00026066548038466416
Zb_I_OBSHORT_VSS of 1103959_69_JPP,1.0002765486725664,0.06784874935759233,0.00026201163559063
AG_V_SELF_TEST_GAIN_6_4_1 of 1103959_69_1133529_cp1_cp1p5_YPP_QPP_RPP,1.0002765486725664,0.09666302348925364,0.0002621402580716766
Zb_V_OBVOL_VSS_L of 1103959_69_1133592_QPP,1.0002765486725664,0.001384007622216451,0.00026319739159832653
Df_V_VR1V2D_OUT of 1103959_69_1133529_cp1_cp1p5_YPP,1.0002765486725664,0.04149907013231039,0.0002639287247257795
AG_V_SELF_TEST_GAIN_12_2_1_2C of 1103959_69_1133529_cp1,1.0002765486725664,0.06090286931675652,0.00026477397175098333
KK_LK_VSS_APMU_HI of 1103959_69_1133529_cp1,1.0002765486725667,0.004415156835633175,0.0002654211637991292
Zb_V_OBVOH_VSS of 1103959_69_1133529_cp1p5,1.0002765486725662,0.02047909570671002,0.0002675569904113372
AG_V_SELF_TEST_GAIN_6_1_4_VSS of 1103959_69_1133529_cp1_cp1p5_YPP,1.0002765486725662,0.02668394675826001,0.00026763518294427557
Zb_V_OBVOL_L of 1103959_69_1133529_cp1_cp1p5_YPP_QPP_RPP,1.0002765486725664,0.007890028275366863,0.00026824561418870864
Dt_V_VR1V2DRA_M_OUT_DIG of 1103959_69_1133592_RPP,1.0002765486725664,0.02342374741604169,0.0002688678474912671
Zb_V_OBVOL_VSS of 1103959_69_JPP,1.0002765486725664,0.06722236261240512,0.00026969743958749423
AG_V_SELF_TEST_GAIN_6_4_1_VSS of 1103959_69_1133529_cp1_cp1p5_YPP_QPP_RPP,1.0002765486725664,0.021130035355545654,0.0002699670611706673
AG_V_SELF_TEST_GAIN_10_1_2_RAW of 1103959_69_1133529_cp1_cp1p5_YPP_QPP_RPP,1.0002765486725664,0.08633482779443986,0.0002704839611525616
Po_T_PTATOSC_LV of 1103959_69_1133529_cp1p5,1.0002765486725658,0.00559866651197211,0.00027075146934364214
AC_V_AFE_CRN_5_8_8_I0_VSS of 1103959_69_1133592_QPP,1.0002765486725662,0.00396877345938653,0.00027183788815006205
ZB_V_V0FVBIFF_M_VSS of 1103959_69_1133529_cp1p5,1.0002765486725664,0.021184414233079846,0.00027246965801510254
AG_V_SELF_TEST_GAIN_12_2_1_VSS of 1103959_69_1133529_cp1_cp1p5_YPP_QPP_RPP,1.0002765486725664,0.020648208349106415,0.00027252274748445024
AC_VOFF_TGT_PRE of 1103959_69_1133529_cp1_cp1p5_YPP,1.0002765486725664,0.0012284656358280135,0.0002731734445664534
Zb_V_OBVOL_VSS_H of 1103959_69_1133529_cp1,1.0002765486725664,0.05877124145065554,0.00027351202524461744
AI_F_SAFE of 1103959_69_1133529_cp1,1.0002765486725662,0.08131181670968782,0.00027392085214107264
HH_CONT_CR of 1103959_69_JPP,1.000276548672566,0.008108047094505752,0.0002743842161939093
AC_V_AFE_CRN_5_8_8_I0_VSS of 1103959_69_1133529_cp1p5,1.0002765486725664,0.020381321222755894,0.0002744336308744505
ZB_V_V0FVBI00_M of 1103959_69_1133529_cp1p5,1.0002765486725664,0.012306023396470753,0.0002755675096009069
Dr_V_VSS of 1103959_69_1133529_cp1_cp1p5_YPP_QPP,1.0002765486725662,0.05782251233191703,0.00027820719877629684
Zb_I_OBSHORT_VSS of 1103959_69_1133529_cp1p5,1.0002765486725662,0.022000238771741516,0.00027870194979199366
VV_V_3V3_M15M of 1103959_69_1133592_QPP,1.0002765486725662,0.04170375201510473,0.0002819594999292541
TR_TEMP_CALC of 1103959_69_1133529_cp1_cp1p5_YPP_QPP_RPP,1.0002765486725664,0.02054620485004419,0.00028251863904387565
Df_V_VR1V2D_OUT_DIG of 1103959_69_1133529_cp1,1.0002765486725664,0.0664633745295736,0.00028343223935579356
OV_V_OB_VOUT_RAW of 1103959_69_1133529_cp1_cp1p5_YPP_QPP_RPP,1.0002765486725664,0.004329782637499091,0.0002838088462178664
AG_V_SELF_TEST_GAIN_5_1_8_RAW of 1103959_69_1133529_cp1p5,1.0002765486725667,0.09462456985198926,0.000284849345805267
KK_LK_OUT_APMU_HI of 1103959_69_1133529_cp1_cp1p5_YPP_QPP_RPP,1.0002765486725658,0.004444348734818259,0.0002851257530758462
AG_V_SELF_TEST_GAIN_8_2_1_RAW of 1103959_69_1133529_cp1_cp1p5_YPP_QPP_RPP,1.0002765486725664,0.07786839802468853,0.0002852373108256643
AG_V_SELF_GAIN_9_1_2_N of 1103959_69_1133529_cp1_cp1p5_YPP_QPP_RPP,1.0002765486725664,0.03360597904915749,0.00028538194577586694
Sb_I_SCALBIAS_0_LV of 1103959_69_1133529_cp1_cp1p5_YPP,1.0002765486725662,0.0031976154504519457,0.0002858559927530111
KK_LK_PTEN_HI of 1103959_69_1133529_cp1_cp1p5_YPP,1.0002765486725664,0.08017414554998019,0.0002860829266706874
Ro_T_REFOSC_HV of 1103959_69_1133529_cp1,1.0002765486725664,0.031611730022052066,0.0002872013514634847
Zb_V_OBVOH of 1103959_69_1133529_cp1_cp1p5_YPP,1.0002765486725664,0.061644947900353894,0.00028725385248249053
KK_LK_VSS_APMU_LO of 1103959_69_1133529_cp1,1.0002765486725667,0.00027033985853992625,0.0002931976252079016
KK_LK_OUT_HI of 1103959_69_JPP,1.0002765486725662,0.007281961884141421,0.0002939064346627006
AC_VOFF_TGT_PRE of 1103959_69_1133529_cp1p5,1.0002765486725662,0.005776631276649026,0.00029639377256762396
AC_SENSE_CLN of 1103959_69_1133529_cp1_cp1p5_YPP,1.0002765486725662,0.1027509466437346,0.000296459959292581
AG_V_SELF_TEST_GAIN_5_1_8_2C of 1103959_69_1133529_cp1_cp1p5_YPP,1.0002765486725664,0.09712128072059256,0.00029646188254693466
KC_COIL_CR of 1103959_69_1133592_QPP,1.0002765486725662,0.017621490677481783,0.00029763318551803854
Zb_I_OBSHORT_VSS of 1103959_69_1133529_cp1_cp1p5_YPP,1.000276548672566,0.03551770099817743,0.00030160982583956003
TR_TEMP_REG11 of 1103959_69_1133592_QPP,1.0002765486725664,0.019385233474629494,0.0003020338367293033
AG_V_SELF_GAIN_7_4_1_N_RAW of 1103959_69_JPP,1.0002765486725667,0.021060544413973138,0.00030372299461927776
AG_V_SELF_TEST_GAIN_5_1_8_2C of 1103959_69_1133529_cp1,1.0002765486725662,0.07777978570413367,0.00030409883430339475
Zb_I_OBSHORT_VSS of 1103959_69_1133529_cp1,1.0002765486725662,0.0597418333816136,0.0003051545078724244
VV_VSS of 1103959_69_1133529_cp1_cp1p5_YPP_QPP_RPP,1.0002765486725662,0.03761382158408252,0.0003062799402219939
AC_V_AFE_CN_FG_SA_P_F of 1103959_69_1133529_cp1,1.0002765486725664,0.07882244710479663,0.0003070150502463376
AG_V_SELF_GAIN_7_4_1_N_RAW of 1103959_69_1133529_cp1_cp1p5_YPP_QPP_RPP,1.0002765486725664,0.04025882392575278,0.00030762823212360533
HH_CONT_SH_VSS_APMU of 1103959_69_1133529_cp1p5,1.0002765486725667,0.051630009395298784,0.0003091619776371769
KK_LK_PTEN_LO of 1103959_69_1133592_QPP,1.0002765486725664,0.025708235666083382,0.0003091999247618033
AI_F_SAFE of 1103959_69_1133529_cp1_cp1p5_YPP_QPP_RPP,1.0002765486725662,0.0817061587306607,0.0003099442987780853
AG_V_SELF_TEST_GAIN_5_1_8_VSS of 1103959_69_JPP,1.0002765486725664,0.07240356135938618,0.00031344542242109916
AC_SENSE_CAL of 1103959_69_1133529_cp1_cp1p5_YPP_QPP_RPP,1.0002765486725662,0.03222549412275416,0.0003153230640397303
AG_V_SELF_TEST_GAIN_12_2_1 of 1103959_69_JPP,1.0002765486725664,0.09206142860692061,0.0003165819803766949
Zb_V_OBVOH_VSS_L of 1103959_69_1133529_cp1_cp1p5_YPP_QPP_RPP,1.0002765486725664,0.019332562868970143,0.00031678746009740843
AI_V_V0FVUNI_SELF_VSS of 1103959_69_1133529_cp1_cp1p5_YPP_QPP_RPP,1.0002765486725662,0.022053983544443826,0.00031728316941302876
AG_V_SELF_GAIN_7_4_1_N of 1103959_69_1133529_cp1_cp1p5_YPP,1.0002765486725662,0.05236646673638587,0.00031767767478049834
AG_V_SELF_GAIN_12_2_1_2C_RAW of 1103959_69_1133529_cp1_cp1p5_YPP_QPP_RPP,1.0002765486725664,0.09372003944141516,0.0003187288730643367
Po_T_PTATOSC_LV of 1103959_69_1133529_cp1,1.0002765486725664,0.03550281217905839,0.0003188820561829841
Zb_V_OBVOL_H_RAW of 1103959_69_1133529_cp1,1.0002765486725662,0.03734727394794646,0.00032117033632241205
ZB_V_V0FVBI00_M of 1103959_69_1133592_QPP,1.0002765486725664,0.012772537667501006,0.0003215207146130163
AC_VOFF_TGT of 1103959_69_1133529_cp1_cp1p5_YPP,1.0002765486725662,0.010055846109481473,0.00032199180027376136
AG_V_SELF_TEST_GAIN_6_1_4 of 1103959_69_1133592_QPP,1.0002765486725667,0.09382524463210638,0.00032221853322661985
AG_V_SELF_TEST_GAIN_9_1_2_VSS of 1103959_69_1133529_cp1,1.0002765486725662,0.06335527603392684,0.00032314055131744555
AI_V_V0FVBI_SELF_VSS of 1103959_69_JPP,1.0002765486725664,0.06890177119386566,0.00032477610109908904
AC_V_AFE_CLN_5_8_8_I0_RAW of 1103959_69_1133529_cp1p5,1.0002765486725664,0.020004288745338702,0.0003252389600212751
AG_V_SELF_GAIN_7_4_1_N_VSS of 1103959_69_1133529_cp1p5,1.0002765486725664,0.027191450469373112,0.00032579343293991656
Zb_V_OBVOL_RAW of 1103959_69_JPP,1.0002765486725664,0.02762847864588499,0.0003271471729689699
AC_V_AFE_CLN_5_8_8_I0 of 1103959_69_1133529_cp1p5,1.0002765486725664,0.023833171545492332,0.00032736078042771503
AG_V_SELF_TEST_GAIN_7_4_1 of 1103959_69_JPP,1.0002765486725667,0.0973402284392997,0.00032823169534136837
AC_V_AFE_CLN_5_8_8_VSS of 1103959_69_1133592_QPP,1.0002765486725667,0.0035897228371284755,0.00032851992272681075
AG_V_SELF_TEST_GAIN_12_2_1_RAW of 1103959_69_1133529_cp1,1.0002765486725664,0.07690184659025519,0.0003292988402214177
KK_LK_OUT_APMU_LO of 1103959_69_1133529_cp1,1.0002765486725662,0.03157145579217679,0.0003301845929547271
AC_V_AFE_CRN_5_8_8_VSS of 1103959_69_1133529_cp1_cp1p5_YPP,1.0002765486725664,0.03651337920835393,0.00033141253413531373
Zb_V_OBVOH_L of 1103959_69_1133592_QPP,1.0002765486725667,0.027962661426229017,0.00033233817405219676
AG_V_SELF_TEST_GAIN_8_2_1_VSS of 1103959_69_1133592_QPP,1.0002765486725662,0.0015245383875351242,0.00033352066548247145
AC_TRIALS of 1103959_69_1133529_cp1,1.0002765486725664,0.007990917772673226,0.0003342254195887891
AG_V_SELF_TEST_GAIN_8_2_1 of 1103959_69_1133529_cp1p5,1.0002765486725664,0.07469290603990232,0.0003342686410784451
AG_V_SELF_TEST_GAIN_5_8_1_RAW of 1103959_69_1133592_QPP,1.0002765486725667,0.10331274201350774,0.00033560798500812674
AG_V_SELF_TEST_GAIN_8_2_1 of 1103959_69_1133529_cp1,1.0002765486725664,0.038885947895931514,0.0003357012757760328
KK_LK_VSS_APMU_HI of 1103959_69_1133529_cp1_cp1p5_YPP_QPP_RPP,1.0002765486725667,0.004415156835633175,0.00033571399120472015
Zb_I_OBSHORT of 1103959_69_1133529_cp1,1.0002765486725664,0.042271608145113986,0.00033581045740841456
AG_V_SELF_GAIN_12_2_1_2C_VSS of 1103959_69_1133529_cp1,1.0002765486725667,0.06357650231846063,0.00033606201777737943
EEPROM_SET_T2__,1.0002765486725664,0.014423667848661122,0.00033662700405979237
HH_CONT_SH_CL_APMU of 1103959_69_1133529_cp1,1.0002765486725662,0.03970361471288296,0.00033689232455067636
Zb_V_OBVOH_RAW of 1103959_69_1133592_QPP,1.0002765486725664,0.06335630162300955,0.0003379061368957728
Df_V_VSS of 1103959_69_1133529_cp1p5,1.0002765486725664,0.019879468857995315,0.0003393380102018642
Zb_V_ILOUT of 1103959_69_1133529_cp1_cp1p5_YPP,1.0002765486725664,0.0032993605979097455,0.00033954357936639274
AI_V_V0FVBI_SELF_RAW of 1103959_69_1133592_QPP,1.0002765486725664,0.06609414561637782,0.0003407163017643745
AG_V_SELF_TEST_GAIN_9_1_2 of 1103959_69_1133592_QPP,1.0002765486725664,0.08547922923641862,0.0003410846725735737
ZB_V_V0FVBI_UL_RAW of 1103959_69_JPP,1.0002765486725664,0.05170355691910161,0.00034134020956593083
IO_ISUPFM of 1103959_69_JPP,1.0002765486725664,0.05497755363345371,0.0003425159734032113
OV_V_VSS of 1103959_69_1133529_cp1,1.0002765486725664,0.057316973472242946,0.00034285682904659445
AC_VOFF_TGT of 1103959_69_1133529_cp1p5,1.0002765486725667,0.0006591788934298211,0.0003443966420327717
AG_V_SELF_TEST_GAIN_9_1_2_VSS of 1103959_69_JPP,1.0002765486725664,0.06997909154851932,0.0003447329543093026
ZB_V_V0FVBIFF_M_RAW of 1103959_69_1133529_cp1_cp1p5_YPP_QPP_RPP,1.0002765486725667,0.012425560129534033,0.00034512733163930627
AG_V_SELF_GAIN_9_1_2_N_VSS of 1103959_69_1133529_cp1p5,1.0002765486725662,0.025408147471936936,0.00034525320788352724
KK_LK_OUT_APMU_LO of 1103959_69_JPP,1.0002765486725664,0.03898768385529814,0.00034560035677712715
EEPROM_SET_V1__,1.0002765486725664,0.03588862508856148,0.00034625483878179266
AG_V_SELF_TEST_GAIN_5_8_1_VSS of 1103959_69_1133592_QPP,1.0002765486725662,0.0014023185854864137,0.00034643093932916187
HH_CONT_CM of 1103959_69_1133529_cp1,1.0002765486725664,0.06528992496283399,0.0003464829877489856
AG_V_SELF_TEST_GA_5_1_8_2C_VSS of 1103959_69_1133529_cp1_cp1p5_YPP_QPP_RPP,1.0002765486725664,0.03627824533557449,0.00034663847779318525
KK_LK_PTEN_HI of 1103959_69_1133592_QPP,1.0002765486725664,0.06208031131901451,0.00034845949073594815
EEPROM_T3__,1.0002765486725662,0.00563916149743213,0.00035005681970958305
Zb_V_OBVOH_VSS of 1103959_69_JPP,1.0002765486725664,0.06793270504367606,0.00035188568883334136
AI_V_V0FVUNI_SELF_VSS of 1103959_69_1133529_cp1,1.0002765486725664,0.06173286480399541,0.00035203454169248295
AC_V_GAIN_AFE_CLN_5_8_8 of 1103959_69_1133529_cp1_cp1p5_YPP,1.0002765486725662,0.04366551195507245,0.00035234613339380904
KK_LK_OUT_APMU_HI of 1103959_69_1133529_cp1_cp1p5_YPP,1.0002765486725664,0.01920676589748932,0.0003529668888948329
ZB_V_V0FVBI00_M_RAW of 1103959_69_1133592_QPP,1.0002765486725664,0.013481902908548088,0.0003534429241297346
AC_V_AFE_CLN_5_8_8_I0 of 1103959_69_1133592_QPP,1.0002765486725662,0.007154826196292053,0.0003539013758389923
AG_V_SELF_TEST_GAIN_6_4_1_VSS of 1103959_69_1133529_cp1,1.0002765486725664,0.06338883883609055,0.000354407981739579
AC_V_AFE_CLN_5_8_8_VSS of 1103959_69_1133529_cp1_cp1p5_YPP,1.0002765486725664,0.033400227721019464,0.0003547820266652527
ZB_V_V0FVBI00_M of 1103959_69_1133529_cp1_cp1p5_YPP_QPP_RPP,1.0002765486725664,0.013292691231223413,0.0003554447679066088
Zb_V_OBVOH_RAW of 1103959_69_1133529_cp1p5,1.0002765486725667,0.03576341890505615,0.00035598477187047286
AG_V_SELF_TEST_GAIN_12_2_1 of 1103959_69_1133529_cp1p5,1.0002765486725667,0.08864171290285772,0.00035630434913107035
AG_V_SELF_GAIN_12_2_1_2C_VSS of 1103959_69_JPP,1.0002765486725664,0.07234021164552197,0.00035637631417409596
AI_F_SAFE of 1103959_69_1133529_cp1p5,1.0002765486725664,0.09394876865057526,0.00035648283827988055
AC_V_AFE_CLN_5_8_8_I0_VSS of 1103959_69_1133529_cp1p5,1.0002765486725664,0.01731046270533699,0.00035747722036861835
Gb_I_GBIAS_0 of 1103959_69_1133529_cp1_cp1p5_YPP,1.0002765486725664,0.01338597999495693,0.00035761323692919366
AG_V_SELF_TEST_GAIN_10_1_2_RAW of 1103959_69_1133529_cp1,1.0002765486725667,0.07125296549224172,0.0003584979972023008
AI_V_V0FVUNI_SELF_VSS of 1103959_69_JPP,1.0002765486725664,0.07207680585465295,0.00035888718384179103
KK_LK_PTEN_HI of 1103959_69_1133529_cp1p5,1.0002765486725664,0.05400517261040606,0.00036018537888763357
Zb_V_OBVOL_RAW of 1103959_69_1133529_cp1_cp1p5_YPP_QPP_RPP,1.0002765486725664,0.013540143672478635,0.00036053061058183457
OV_V_OB_VOUT_RAW of 1103959_69_1133529_cp1,1.0002765486725662,0.04115412642389533,0.0003611787317076941
AG_V_SELF_TEST_GAIN_10_1_2_RAW of 1103959_69_1133529_cp1_cp1p5_YPP,1.0002765486725664,0.08467822165728374,0.0003625089674826563
KK_LK_VSS_APMU_HI of 1103959_69_1133592_QPP,1.0002765486725667,0.004415156835633175,0.00036420430876271215
Zb_V_ILOUT_RAW of 1103959_69_1133592_QPP,1.0002765486725664,0.02431467488655742,0.000365382899447516
EEPROM_V1__,1.0002765486725664,0.02757302946589718,0.0003660235253179432
Po_T_PTATOSC_HV of 1103959_69_1133529_cp1_cp1p5_YPP_QPP_RPP,1.0002765486725664,0.030389119840452398,0.0003660249950236597
Zb_V_OBVOH of 1103959_69_1133529_cp1_cp1p5_YPP_QPP_RPP,1.0002765486725664,0.012441995448066831,0.00036784670465109037
Dr_V_VR1V2DRA_OUT_DIG of 1103959_69_1133592_RPP,1.0002765486725667,0.02257298700114246,0.0003684640524657495
HH_CONT_SH_CM of 1103959_69_1133529_cp1_cp1p5_YPP_QPP_RPP,1.0002765486725662,0.02287879249056451,0.0003690821071447918
AC_V_AFE_CRP_5_8_8_I0_VSS of 1103959_69_1133592_RPP,1.0002765486725664,0.019352438825012457,0.0003694795317850069
Zb_V_ILOUT_VSS of 1103959_69_1133592_QPP,1.0002765486725664,0.007130968858196515,0.00036962851477896
ZB_V_V0FVBI_UL_RAW of 1103959_69_1133592_QPP,1.0002765486725662,0.01408413831976877,0.00036964382510970973
EX_EXTRACT_T_SUPDIV of 1103959_69_1133529_cp1_cp1p5_YPP_QPP,1.0002765486725662,0.05337303937027211,0.0003699684665373273
HH_CONT_SH_CM of 1103959_69_1133529_cp1_cp1p5_YPP,1.0002765486725664,0.016309415458167692,0.00037007419871968304
Df_V_VR1V2D_OUT_DIG of 1103959_69_1133529_cp1p5,1.0002765486725664,0.03671846700141026,0.00037318820121207954
Y,1.0002765486725664,0.052351299826831725,0.0003735599201030803
Df_V_VSS of 1103959_69_JPP,1.0002765486725664,0.06674831500297457,0.0003745825193497203
KK_LK_VSS_APMU_LO of 1103959_69_JPP,1.0002765486725662,0.08146347032397042,0.0003754256408885023
OV_V_OB_VOUT_DIG of 1103959_69_1133529_cp1p5,1.0002765486725664,0.033837744644917775,0.00037595928269640023
VV_V_3V3_M15M of 1103959_69_1133529_cp1,1.0002765486725664,0.011823599768719991,0.00037599540596542334
AG_V_SELF_GAIN_12_2_1_2C_VSS of 1103959_69_1133529_cp1_cp1p5_YPP_QPP_RPP,1.0002765486725662,0.020928442749482416,0.0003780252746228021
AG_V_SELF_TEST_GAIN_10_1_2_RAW of 1103959_69_1133529_cp1p5,1.0002765486725662,0.05761820442423596,0.0003792220802845413
HH_CONT_VINT of 1103959_69_1133529_cp1_cp1p5_YPP,1.0002765486725664,0.09922050054649656,0.0003800576628709327
COL of 1103959_69_1133592_QPP,1.0002765486725664,0.052351299826831725,0.00038309862224353877
KK_LK_CM_HI of 1103959_69_1133529_cp1,1.0002765486725664,0.044102429510870046,0.0003831486522348552
HH_CONT_VINT of 1103959_69_1133529_cp1p5,1.0002765486725664,0.09528566853987003,0.00038324057348181404
AI_V_V0FVUNI_SELF_RAW of 1103959_69_JPP,1.0002765486725664,0.07808855657368109,0.00038511344900225196
AG_V_SELF_TEST_GAIN_11_2_1 of 1103959_69_1133529_cp1p5,1.0002765486725662,0.08506882510051152,0.00038610113353876796
AG_V_SELF_TEST_GAIN_10_1_2_VSS of 1103959_69_1133529_cp1,1.0002765486725664,0.0628872042922004,0.00038737158639533926
ZB_V_V0FVBIFF_M_RAW of 1103959_69_1133529_cp1,1.0002765486725664,0.039015784587808446,0.00038774411577803617
KK_LK_OUT_APMU_HI of 1103959_69_1133529_cp1,1.0002765486725664,0.01920676589748932,0.00038919605328687135
Zb_V_OBVOH_VSS_H of 1103959_69_1133592_QPP,1.0002765486725662,0.00012523678336435917,0.0003893307484694062
OV_V_OB_VOUT of 1103959_69_JPP,1.0002765486725664,0.022025657495751434,0.00039077697592760236
KK_LK_CR_APMU_LO of 1103959_69_1133529_cp1_cp1p5_YPP_QPP_RPP,1.0002765486725664,0.0011930982042163208,0.0003915124817599266
AG_V_SELF_TEST_GAIN_11_2_1_RAW of 1103959_69_1133529_cp1_cp1p5_YPP_QPP_RPP,1.0002765486725664,0.08969443370832493,0.00039183029498077957
ZB_V_V0FVBIFF_M_RAW of 1103959_69_1133592_QPP,1.0002765486725664,0.01378979281469978,0.00039224367024700104
AG_V_SELF_TEST_GAIN_9_1_2_VSS of 1103959_69_1133529_cp1_cp1p5_YPP,1.0002765486725667,0.027923441068553306,0.00039315222089719167
AC_OFFCALRES_PRE of 1103959_69_1133529_cp1_cp1p5_YPP_QPP_RPP,1.0002765486725664,0.009267938569447501,0.0003937290693543074
AI_V_V0FVUNI_SELF_VSS of 1103959_69_1133592_QPP,1.0002765486725664,0.0025262863104847733,0.0003938998237010405
Po_T_PTATOSC_LV of 1103959_69_1133529_cp1_cp1p5_YPP,1.0002765486725667,0.016525569290102262,0.00039440960485165186
AI_V_V0FVBI_SELF of 1103959_69_1133529_cp1,1.0002765486725664,0.10810731319402246,0.00039441819982944846
ZB_V_V0FVBI_UL_RAW of 1103959_69_1133529_cp1p5,1.0002765486725667,0.01973240031642231,0.00039446835172120373
AI_V_V0FVUNI_SELF_RAW of 1103959_69_1133529_cp1,1.0002765486725664,0.079057601621734,0.00039536181619555434
AC_V_AFE_CRP_5_8_8_I0 of 1103959_69_1133592_RPP,1.0002765486725664,0.011945816681298653,0.0003967745649764144
AG_V_SELF_TEST_GAIN_5_8_1 of 1103959_69_1133529_cp1,1.0002765486725664,0.07370428248907904,0.00039693556505849463
Zb_V_OBVOL_VSS_L of 1103959_69_1133529_cp1_cp1p5_YPP,1.0002765486725664,0.02823516903979939,0.00039698997261547274
AI_V_V0FVUNI_SELF_RAW of 1103959_69_1133529_cp1_cp1p5_YPP,1.0002765486725664,0.03951115798452362,0.00039796734122282354
Zb_V_OBVOH of 1103959_69_1133592_QPP,1.0002765486725662,0.05193299532535306,0.0003985139071024018
AG_V_SELF_TEST_GAIN_10_1_2_VSS of 1103959_69_1133529_cp1p5,1.0002765486725664,0.024925286122587445,0.0004020564757386371
AG_V_SELF_TEST_GAIN_12_2_1 of 1103959_69_1133529_cp1,1.0002765486725667,0.054967284103201265,0.00040258316047177907
Zb_V_OBVOL_L_RAW of 1103959_69_1133529_cp1_cp1p5_YPP_QPP_RPP,1.0002765486725667,0.01403911350498928,0.00040562407295818126
AC_V_AFE_CRN_5_8_8_VSS of 1103959_69_JPP,1.0002765486725662,0.07850900883325262,0.0004075970455024775
OV_V_OB_VOUT of 1103959_69_1133592_QPP,1.0002765486725664,0.01786355937975784,0.00040787442557639153
AG_V_SELF_GAIN_9_1_2_N of 1103959_69_1133529_cp1,1.0002765486725664,0.0293486916522556,0.00040828146323272434
ZB_V_V0FVBI00_M_VSS of 1103959_69_1133529_cp1_cp1p5_YPP_QPP_RPP,1.0002765486725664,0.0401529188267456,0.0004086854557845967
KC_COIL_CR of 1103959_69_1133529_cp1_cp1p5_YPP,1.0002765486725664,0.028758000903406904,0.0004099561546076012
Df_V_VR1V2D_OUT of 1103959_69_1133529_cp1_cp1p5_YPP_QPP_RPP,1.0002765486725664,0.03419004574100981,0.0004101185649071546
ZB_V_V0FVBIFF_M_VSS of 1103959_69_1133529_cp1_cp1p5_YPP_QPP_RPP,1.0002765486725664,0.04020555331644767,0.0004102759075791209
EX_EXTRACT_T_H1BIAS of 1103959_69_1133529_cp1_cp1p5,1.0002765486725664,0.11924329274022083,0.0004104664399640776
Gb_I_GBIAS_0 2 of 1103959_69_1133529_cp1p5,1.0002765486725664,0.013072262429281478,0.00041143598704898197
AI_V_V0FVUNI_SELF_RAW of 1103959_69_1133592_QPP,1.0002765486725667,0.020332813059634927,0.0004115281399497108
KK_LK_VSS_APMU_LO of 1103959_69_1133529_cp1_cp1p5_YPP_QPP_RPP,1.0002765486725664,0.01268368429428456,0.00041223087323769345
AG_V_SELF_TEST_GAIN_12_2_1_2C of 1103959_69_1133529_cp1p5,1.0002765486725664,0.08553143452269352,0.00041225142343536775
AG_V_SELF_TEST_GAIN_8_2_1_RAW of 1103959_69_JPP,1.0002765486725662,0.09343489919303492,0.00041319968109193095
AG_V_SELF_TEST_GAIN_6_4_1_VSS of 1103959_69_JPP,1.0002765486725664,0.06910816950619343,0.00041365625272647846
AG_V_SELF_TEST_GAIN_5_1_8_RAW of 1103959_69_1133529_cp1_cp1p5_YPP,1.0002765486725664,0.10310121552484104,0.0004139414005760639
AG_V_SELF_GAIN_9_1_2_N of 1103959_69_JPP,1.0002765486725664,0.029567865639942743,0.0004144745952418198
AI_V_V0FVBI_SELF of 1103959_69_1133529_cp1_cp1p5_YPP,1.0002765486725667,0.0787495105705054,0.0004152619503635394
AG_V_SELF_GAIN_12_2_1_2C_RAW of 1103959_69_1133529_cp1p5,1.0002765486725667,0.06368078534944153,0.00041572075539313613
Po_T_PTATOSC_HV of 1103959_69_1133529_cp1_cp1p5_YPP,1.0002765486725664,0.0028547897784740282,0.00041631635080516017
TR_TEMP_CALC of 1103959_69_1133529_cp1,1.0002765486725664,0.01852916525498059,0.00041644803386137863
Zb_V_ILOUT of 1103959_69_1133529_cp1_cp1p5_YPP_QPP_RPP,1.0002765486725662,0.020513976194027575,0.00041794830908256273
AG_V_SELF_TEST_GAIN_6_4_1_VSS of 1103959_69_1133592_QPP,1.0002765486725667,0.00128299556138587,0.00042017543687264993
AG_V_SELF_TEST_GAIN_8_2_1_VSS of 1103959_69_JPP,1.0002765486725664,0.06853194514432079,0.00042025353588732913
EX_EXTRACT_T_PTATOSC of 1103959_69_1133529_cp1_cp1p5_YPP_QPP,1.0002765486725664,0.05271557017456961,0.0004204901897181376
Ro_T_REFOSC_LV of 1103959_69_1133592_QPP,1.0002765486725662,0.035688039489341836,0.0004210791637743694
ZB_V_V0FVBIFF_M_RAW of 1103959_69_1133529_cp1p5,1.0002765486725662,0.018078607620779903,0.0004214873727742461
Zb_V_OBVOH_VSS_L of 1103959_69_JPP,1.0002765486725664,0.06874616680622579,0.0004226236398358877
HH_CONT_SH_VSS_APMU of 1103959_69_1133529_cp1_cp1p5_YPP_QPP_RPP,1.0002765486725667,0.039673308293388956,0.0004228149230107601
Df_V_VR1V2D_OUT_DIG of 1103959_69_1133529_cp1_cp1p5_YPP_QPP_RPP,1.0002765486725664,0.015310509521942161,0.00042326387617133547
HH_CONT_CM of 1103959_69_JPP,1.0002765486725664,0.007630664061998354,0.00042544741757134596
AG_V_SELF_TEST_GA_5_1_8_2C_VSS of 1103959_69_1133592_QPP,1.0002765486725664,0.009885519587303977,0.00042556458218450115
AC_OFFCALRES of 1103959_69_1133592_QPP,1.0002765486725664,0.00788840701549666,0.00042620680198447654
IO_ISUPFM of 1103959_69_1133529_cp1p5,1.0002765486725664,0.11548739930100664,0.0004271032071335237
Sb_I_SCALBIAS_0_LV of 1103959_69_1133529_cp1p5,1.0002765486725664,0.005862898669042077,0.00042747627217874714
KK_LK_OUT_LO of 1103959_69_1133529_cp1p5,1.0002765486725664,0.0018506326111186497,0.00042796465522619255
AG_V_SELF_TEST_GAIN_6_1_4_RAW of 1103959_69_1133529_cp1p5,1.0002765486725662,0.06782945392966667,0.00042825401090435
HH_CONT_PTEN of 1103959_69_1133529_cp1p5,1.0002765486725664,0.09856390125845137,0.0004285927352079765
ZB_V_V0RA_N3MA_VSS of 1103959_69_1133529_cp1_cp1p5_YPP_QPP,1.0002765486725662,0.058898642073233684,0.00042925067373511305
AG_V_SELF_TEST_GAIN_6_4_1_VSS of 1103959_69_1133529_cp1_cp1p5_YPP,1.0002765486725667,0.026834908445337095,0.0004307606159718207
KK_LK_CM_LO of 1103959_69_1133529_cp1p5,1.0002765486725662,0.010135521183683209,0.0004311089774753664
VV_V_3V3_UL of 1103959_69_1133529_cp1p5,1.0002765486725662,0.01735056246948962,0.0004316848062909552
Zb_V_ILOUT_VSS of 1103959_69_JPP,1.0002765486725664,0.06780974185338759,0.00043175839601132445
Zb_V_ILOUT_VSS of 1103959_69_1133529_cp1_cp1p5_YPP,1.0002765486725667,0.03610932338179534,0.0004324063153978702
Zb_V_OBVOL_H of 1103959_69_JPP,1.0002765486725664,0.01271266643576838,0.00043292470537478365
VV_VSS of 1103959_69_JPP,1.0002765486725662,0.06291235756389171,0.000433314770935035
HH_CONT_OUT of 1103959_69_1133529_cp1_cp1p5_YPP,1.0002765486725664,0.0240347253184479,0.0004347916055386945
HH_CONT_CR of 1103959_69_1133529_cp1_cp1p5_YPP,1.0002765486725664,0.10468349216748353,0.000435358424105265
COL of 1103959_69_JPP,1.0002765486725662,0.06971216462701976,0.0004354110799840607
AG_V_SELF_TEST_GAIN_11_2_1_VSS of 1103959_69_1133529_cp1_cp1p5_YPP,1.0002765486725667,0.027754840510239506,0.00043666828828136707
AI_V_V0FVUNI_SELF of 1103959_69_1133529_cp1,1.0002765486725662,0.008233132781690147,0.00043722278606011156
AG_V_SELF_TEST_GAIN_5_1_8_VSS of 1103959_69_1133529_cp1_cp1p5_YPP,1.0002765486725662,0.02354788942825452,0.00043759023751399146
Zb_I_OBSHORT of 1103959_69_JPP,1.0002765486725664,0.09676014975753147,0.0004379516800522344
HH_CONT_CM of 1103959_69_1133529_cp1_cp1p5_YPP,1.0002765486725662,0.10701103254077365,0.00043830884921545587
KC_COIL_CL of 1103959_69_1133529_cp1p5,1.0002765486725664,0.044518401712188564,0.00043844814264256955
AG_V_SELF_TEST_GAIN_11_2_1 of 1103959_69_1133592_QPP,1.0002765486725664,0.094601069427284,0.0004387792116373968
AC_VOFF_TGT of 1103959_69_1133592_QPP,1.0002765486725662,0.0077770857155751395,0.00044025945609307815
AC_SENSE_CLN of 1103959_69_1133592_QPP,1.0002765486725667,0.11702856091201633,0.0004406604031232518
KK_LK_CR_APMU_LO of 1103959_69_1133529_cp1p5,1.0002765486725664,0.005917924475689314,0.0004416646435502609
VV_VSS of 1103959_69_1133529_cp1p5,1.0002765486725664,0.0026834618467768186,0.00044174442388070494
AG_V_SELF_TEST_GAIN_5_8_1_VSS of 1103959_69_1133529_cp1_cp1p5_YPP_QPP_RPP,1.0002765486725664,0.020774768039325847,0.00044256468452722684
AG_V_SELF_TEST_GAIN_7_4_1_RAW of 1103959_69_1133529_cp1p5,1.0002765486725664,0.07630026487976607,0.00044303954634777166
Zb_I_OBSHORT of 1103959_69_1133529_cp1_cp1p5_YPP,1.0002765486725664,0.11590446099083913,0.00044363221698230524
Df_V_VR1V2D_OUT_DIG of 1103959_69_1133529_cp1_cp1p5_YPP,1.0002765486725667,0.04976346977060666,0.00044451781063176935
AG_V_SELF_GAIN_7_4_1_N_RAW of 1103959_69_1133529_cp1_cp1p5_YPP,1.0002765486725662,0.030189194679339185,0.0004457979262247795
Zb_V_ILOUT of 1103959_69_JPP,1.0002765486725662,0.04204095219310849,0.0004475906628036388
Zb_V_OBVOH_VSS of 1103959_69_1133592_QPP,1.0002765486725662,0.006843031278198181,0.0004480559196161168
KK_LK_OUT_LO of 1103959_69_JPP,1.0002765486725662,0.019500728276074047,0.0004485852763276248
Zb_V_OBVOL of 1103959_69_JPP,1.0002765486725662,0.01277630703486066,0.00044878599042083323
Df_V_VR1V2D_OUT of 1103959_69_1133529_cp1p5,1.0002765486725664,0.03992075698253907,0.00044885062386783097
KK_LK_CL_APMU_LO of 1103959_69_1133592_QPP,1.0002765486725664,0.004089281372250571,0.0004498902748069238
AI_V_V0FVBI_SELF_RAW of 1103959_69_JPP,1.0002765486725662,0.056324591599329316,0.00044992113820644097
AG_V_SELF_TEST_GAIN_10_1_2_VSS of 1103959_69_1133529_cp1_cp1p5_YPP,1.0002765486725667,0.02796705149543076,0.0004501420178250867
AG_V_SELF_TEST_GAIN_8_2_1_RAW of 1103959_69_1133592_QPP,1.0002765486725664,0.06807100295010741,0.0004508234578724822
Ro_T_REFOSC_LV of 1103959_69_JPP,1.0002765486725664,0.00670455333102575,0.0004509673354828554
TR_TEMP_REG11 of 1103959_69_1133529_cp1p5,1.0002765486725664,0.016443676830143843,0.00045099004374771256
AG_V_SELF_TEST_GAIN_7_4_1 of 1103959_69_1133592_QPP,1.0002765486725662,0.1001911468412187,0.00045158458302801036
AG_V_SELF_TEST_GAIN_9_1_2 of 1103959_69_1133529_cp1p5,1.0002765486725664,0.07962269075441289,0.0004518109197305487
HH_CONT_SH_PTEN of 1103959_69_1133529_cp1,1.0002765486725664,0.024385563591037645,0.0004539684674450327
AC_V_AFE_CLN_5_8_8_I0_RAW of 1103959_69_1133529_cp1_cp1p5_YPP,1.0002765486725664,0.02605865002285546,0.0004541939962672523
AC_VOUTB0_PRE of 1103959_69_1133592_QPP,1.0002765486725664,0.003694390188534741,0.0004542240324195992
AC_V_AFE_CN_FG_SA_I0 of 1103959_69_1133529_cp1p5,1.0002765486725664,0.11410548403230106,0.0004545077244341026
Gb_I_GBIAS_0 of 1103959_69_1133529_cp1p5,1.0002765486725664,0.013072262429281478,0.0004545944106186457
AG_V_SELF_TEST_GA_5_1_8_2C_VSS of 1103959_69_1133529_cp1p5,1.0002765486725664,0.019198781226957853,0.00045498229570627093
AC_V_AFE_CLN_5_8_8_I0_RAW of 1103959_69_1133592_QPP,1.0002765486725667,0.004771615248622071,0.0004555743720948327
KK_LK_CR_APMU_LO of 1103959_69_1133529_cp1_cp1p5_YPP,1.0002765486725664,0.0010537369204222284,0.00045752083791104274
AC_VOUTB0 of 1103959_69_1133529_cp1,1.0002765486725664,0.05153425695482945,0.0004579119363887605
AG_V_SELF_TEST_GAIN_9_1_2_RAW of 1103959_69_1133529_cp1p5,1.000276548672566,0.04861291870955677,0.0004582084800217139
Zb_V_OBVOL_VSS of 1103959_69_1133529_cp1p5,1.0002765486725664,0.02081721376788145,0.0004589416666743401
Zb_V_ILOUT_RAW of 1103959_69_JPP,1.0002765486725662,0.020055409849536368,0.0004598464691871347
AG_V_SELF_TEST_GAIN_6_4_1_RAW of 1103959_69_1133529_cp1_cp1p5_YPP_QPP_RPP,1.0002765486725664,0.09295862264455172,0.0004616941908559857
EEPROM_SET_T3__,1.0002765486725664,0.00939815569731756,0.000462365434464675
ZB_V_V0FVBI_UL_VSS of 1103959_69_1133592_QPP,1.0002765486725664,0.0060110870255594175,0.0004627934482062226
AI_V_V0FVBI_SELF of 1103959_69_1133592_QPP,1.0002765486725662,0.07205584054449615,0.0004644362778481816
Zb_V_OBVOL_RAW of 1103959_69_1133529_cp1,1.0002765486725664,0.03715371217530129,0.00046445835403901756
OV_V_OBVOFF of 1103959_69_1133529_cp1_cp1p5_YPP_QPP_RPP,1.0002765486725664,0.050140738546856495,0.000464486311197626
EEPROM_T4__,1.0002765486725664,0.05385439229082043,0.0004644995235407645
SensorOffsetLRDiff CP1p5,1.0002765486725664,0.03786964782166623,0.00046457642243249466
Zb_V_OBVOH_VSS_L of 1103959_69_1133529_cp1,1.0002765486725664,0.059538937464756,0.00046509691866141047
OV_V_OBVOFF of 1103959_69_1133529_cp1,1.0002765486725664,0.002042587581660856,0.0004651132210429949
AG_V_SELF_TEST_GAIN_5_8_1_VSS of 1103959_69_1133529_cp1_cp1p5_YPP,1.0002765486725667,0.018194157738620476,0.0004655844250529535
ZB_V_V0FVBI00_M of 1103959_69_JPP,1.0002765486725664,0.02222572545835519,0.000465646090344424
HH_CONT_SH_VSS_APMU of 1103959_69_1133529_cp1,1.0002765486725664,0.03701004915001003,0.0004669093631122797
ZB_V_V0FVBI00_M_RAW of 1103959_69_1133529_cp1p5,1.0002765486725662,0.022047192236438407,0.0004673164030027372
Zb_V_OBVOH_RAW of 1103959_69_1133529_cp1_cp1p5_YPP,1.0002765486725667,0.05973545922164152,0.00046988527918622407
Zb_V_OBVOH_VSS_H of 1103959_69_1133529_cp1p5,1.0002765486725662,0.026752330198266602,0.00047010930719265144
AC_SENSE_CN_FG_SA of 1103959_69_1133592_QPP,1.0002765486725664,0.11262756130165384,0.0004705340064555477
Dt_V_VSS of 1103959_69_1133529_cp1_cp1p5_YPP_QPP,1.0002765486725662,0.057931446494933356,0.0004729114820195809
ZB_V_V0FVBI_UL_VSS of 1103959_69_1133529_cp1p5,1.0002765486725664,0.021411960125860014,0.00047303018087152277
VV_VSS of 1103959_69_1133592_QPP,1.0002765486725664,0.007529382629066468,0.0004732618421198652
EX_EXTRACT_T_REFOSC of 1103959_69_1133529_YPP,1.0002765486725662,0.07068503299038446,0.00047416113890766696
AC_V_GAIN_AFE_CLN_5_8_8_RAW of 1103959_69_1133529_cp1_cp1p5_YPP,1.0002765486725664,0.04792092986948077,0.0004746667442578655
AC_V_AFE_CRN_5_8_8_VSS of 1103959_69_1133529_cp1p5,1.0002765486725662,0.019941893408513246,0.0004755157071959785
AG_V_SELF_TEST_GAIN_10_1_2 of 1103959_69_1133592_QPP,1.0002765486725664,0.09115633941368682,0.00047625324035248823
AG_V_SELF_TEST_GAIN_7_4_1 of 1103959_69_1133529_cp1_cp1p5_YPP,1.0002765486725662,0.09825133132660743,0.00047791039687398453
AG_V_SELF_GAIN_12_2_1_2C_RAW of 1103959_69_1133529_cp1,1.0002765486725664,0.08217170495045122,0.000478111456209843
Zb_V_OBVOH_VSS of 1103959_69_1133529_cp1_cp1p5_YPP,1.0002765486725664,0.034953430906736874,0.0004804114232248818
KK_LK_PTEN_HI of 1103959_69_1133529_cp1_cp1p5_YPP_QPP_RPP,1.0002765486725664,0.07926579430533137,0.00048045658204027696
Zb_V_OBVOH_RAW of 1103959_69_1133529_cp1,1.0002765486725662,0.04900620324202076,0.0004810777328152823
AI_V_V0FVBI_SELF of 1103959_69_1133529_cp1_cp1p5_YPP_QPP_RPP,1.0002765486725667,0.08114287841106418,0.0004811180729310989
ZB_V_V0FVBI00_M_VSS of 1103959_69_1133529_cp1,1.0002765486725664,0.05910646994648691,0.0004816342519016046
AG_V_SELF_TEST_GAIN_10_1_2 of 1103959_69_1133529_cp1,1.0002765486725664,0.048204336241605035,0.0004820957014492919
Gb_I_GBIAS_0_HV of 1103959_69_1133529_cp1_cp1p5_YPP,1.0002765486725667,0.02646547568305826,0.00048400772448278426
AG_V_SELF_TEST_GAIN_5_1_8_VSS of 1103959_69_1133592_QPP,1.0002765486725662,0.001155800754952746,0.0004857714182096672
ZB_V_V0FVBIFF_M_VSS of 1103959_69_1133592_QPP,1.0002765486725664,0.00617878866587235,0.0004858686053261265
AG_V_SELF_TEST_GAIN_12_2_1_RAW of 1103959_69_JPP,1.0002765486725662,0.10356224873543571,0.0004878616817178667
AG_V_SELF_TEST_GAIN_8_2_1_RAW of 1103959_69_1133529_cp1p5,1.0002765486725662,0.04724822872257023,0.0004896915517867353
AC_V_AFE_CN_5_8_8_I0 cp1,1.0002765486725667,0.0007980385428283721,0.0004920269381410586
VV_V_3V3_M15M of 1103959_69_1133529_cp1p5,1.0002765486725664,0.03199104006606413,0.000492644566576758
AG_V_SELF_TEST_GAIN_11_2_1_RAW of 1103959_69_1133529_cp1,1.0002765486725664,0.07049428667708027,0.0004938768126517236
Zb_V_OBVOL_VSS of 1103959_69_1133529_cp1_cp1p5_YPP_QPP_RPP,1.0002765486725662,0.039830017769579625,0.0004944072619600661
HH_CONT_SH_OUT_APMU of 1103959_69_1133529_cp1_cp1p5_YPP,1.0002765486725664,0.02098558275541388,0.0004952717148320461
EEPROM_SET_SGBias__,1.0002765486725664,0.008929347204376598,0.0004954753579653763
VV_VSS of 1103959_69_1133529_cp1_cp1p5_YPP,1.0002765486725664,0.021271147587374466,0.0004974673553010007
KK_LK_VSS_APMU_HI of 1103959_69_JPP,1.0002765486725662,0.005061958791208979,0.0004978269695125978
KC_COIL_CR of 1103959_69_1133529_cp1p5,1.0002765486725662,0.04251291931503036,0.0004979110620792611
Zb_V_OBVOH of 1103959_69_1133529_cp1p5,1.0002765486725664,0.03660658702091251,0.0004982071680039207
EEPROM_S3__,1.0002765486725664,0.03312220965985624,0.0004984471374836238
ZB_V_V0FVBIFF_M of 1103959_69_JPP,1.0002765486725667,0.013726851990892396,0.0004990135281731496
HH_CONT_PTEN of 1103959_69_1133529_cp1,1.0002765486725664,0.05858308713516125,0.0004999536782764854
Zb_I_OBSHORT of 1103959_69_1133592_QPP,1.0002765486725662,0.09674425530389288,0.0005000320311987519
ZB_V_V0RA_P3MA_RAW of 1103959_69_1133529_cp1_cp1p5_YPP_QPP,1.0002765486725664,0.04136837743793887,0.0005021990869347535
KK_LK_OUT_APMU_LO of 1103959_69_1133529_cp1p5,1.0002765486725662,0.03157145579217679,0.0005022216821086463
KK_LK_CR_APMU_LO of 1103959_69_1133529_cp1,1.0002765486725664,0.003049097346560509,0.0005026038572907488
AC_VOFF_TGT_PRE of 1103959_69_1133592_QPP,1.0002765486725662,0.0019259704222688802,0.0005026118797031815
AG_V_SELF_TEST_GAIN_11_2_1_RAW of 1103959_69_JPP,1.0002765486725664,0.10184743520045347,0.0005052126497263881
ZB_V_V0FVBIFF_M_RAW of 1103959_69_JPP,1.0002765486725667,0.04561653085894817,0.0005072481709387002
AC_V_AFE_CLN_5_8_8_VSS of 1103959_69_1133529_cp1,1.0002765486725664,0.05601170528478385,0.0005076742222714396
KC_COIL_CR of 1103959_69_1133529_cp1,1.0002765486725664,0.03746938886096498,0.0005097986522404215
AG_V_SELF_TEST_GAIN_12_2_1_VSS of 1103959_69_1133529_cp1,1.0002765486725664,0.06376161479803462,0.0005100022200887177
Dr_V_VR1V2DRA_M of 1103959_69_1133592_RPP,1.0002765486725664,0.02893810800352387,0.0005110514548049777
AG_V_SELF_GAIN_9_1_2_N_RAW of 1103959_69_JPP,1.0002765486725667,0.0037136866552974755,0.0005119838260641485
HH_CONT_SH_OUT_APMU of 1103959_69_1133529_cp1_cp1p5_YPP_QPP_RPP,1.0002765486725664,0.013784533053955755,0.0005120568251144417
KK_LK_CR_APMU_HI of 1103959_69_1133529_cp1_cp1p5_YPP,1.0002765486725662,0.011364838866729482,0.0005120829987226543
Zb_V_ILOUT of 1103959_69_1133529_cp1p5,1.0002765486725664,0.004150045586061621,0.0005127566252548387
Zb_V_OBVOH_H_RAW of 1103959_69_1133529_cp1p5,1.0002765486725662,0.007720609320951645,0.0005144799285328901
ZB_V_V0FVBI00_M of 1103959_69_1133529_cp1,1.0002765486725662,0.011562618325843748,0.0005151788837338961
HH_CONT_SH_OUT_APMU of 1103959_69_1133592_QPP,1.0002765486725667,0.017041558816665317,0.0005165409673894283
AG_V_SELF_TEST_GAIN_7_4_1_RAW of 1103959_69_1133529_cp1_cp1p5_YPP,1.0002765486725664,0.09003869286540912,0.0005172849514399372
Zb_V_OBVOH_H_RAW of 1103959_69_1133529_cp1_cp1p5_YPP_QPP_RPP,1.0002765486725667,0.05022671756882704,0.000517540599023795
Df_V_VSS of 1103959_69_1133592_QPP,1.0002765486725667,0.004828036936927614,0.0005176641372316655
AG_V_SELF_TEST_GAIN_12_2_1_RAW of 1103959_69_1133529_cp1_cp1p5_YPP,1.0002765486725664,0.08996964526506052,0.0005180130789309618
Df_V_VSS of 1103959_69_1133529_cp1,1.0002765486725662,0.05782912791833941,0.000518549072224733
EX_EXTRACT_T_H1BIAS of 1103959_69_1133592_RPP,1.0002765486725664,0.11924329274022083,0.0005203779927754789
EEPROM_SET_S4__,1.0002765486725664,0.05037659505749475,0.000521034174054475
Zb_V_OBVOL_VSS_H of 1103959_69_JPP,1.0002765486725664,0.06578505902218433,0.0005239733581989798
AI_F_SAFE of 1103959_69_1133529_cp1_cp1p5_YPP,1.0002765486725664,0.06605449598283135,0.0005253816115051309
ZB_V_V0FVBI00_M_RAW of 1103959_69_1133529_cp1_cp1p5_YPP_QPP_RPP,1.0002765486725662,0.01797722167423167,0.0005262366409402165
KK_LK_OUT_HI of 1103959_69_1133529_cp1,1.0002765486725662,0.005840250296143854,0.000528080359038336
AG_V_SELF_TEST_GA_5_1_8_2C_RAW of 1103959_69_1133529_cp1,1.0002765486725664,0.11559455620764295,0.0005283335689578255
AC_VOUTB0 of 1103959_69_1133529_cp1_cp1p5_YPP_QPP_RPP,1.0002765486725667,0.004045218592775597,0.0005285816900529172
EX_EXTRACT_T_SUPDIV of 1103959_69_1133529_cp1_cp1p5,1.0002765486725662,0.05337303937027211,0.0005291507698721748
HH_CONT_SH_CL_APMU of 1103959_69_1133529_cp1p5,1.0002765486725662,0.045915307091962176,0.0005316954198510975
AG_V_SELF_TEST_GAIN_12_2_1 of 1103959_69_1133529_cp1_cp1p5_YPP,1.0002765486725667,0.09268333449506076,0.0005331343043092396
OV_V_OB_VOUT_DIG of 1103959_69_1133592_QPP,1.0002765486725664,0.017634945188254772,0.0005335167141433184
AC_V_GAIN_AFE_CLN_5_8_8 of 1103959_69_JPP,1.0002765486725664,0.0075589285957114866,0.0005342722413776245
AC_SENSE_CLN of 1103959_69_1133529_cp1p5,1.0002765486725664,0.10976856753168782,0.0005347129796697453
AG_V_SELF_TEST_GAIN_9_1_2_VSS of 1103959_69_1133592_QPP,1.0002765486725664,0.001224323385602832,0.0005351175955571193
AG_V_SELF_TEST_GAIN_8_2_1_VSS of 1103959_69_1133529_cp1_cp1p5_YPP,1.0002765486725667,0.027091924691053454,0.0005371411381364327
X,1.0002765486725667,0.04401284857433568,0.0005378574649683114
VV_V_3V3_M20M of 1103959_69_1133529_cp1p5,1.0002765486725664,0.033570866983959904,0.000537988524384025
AG_V_SELF_GAIN_12_2_1_2C_VSS of 1103959_69_1133592_QPP,1.0002765486725667,0.001547785326783718,0.0005385815423756611
OV_V_OB_VOUT_RAW of 1103959_69_1133529_cp1p5,1.0002765486725664,0.03429829258125409,0.0005402582426666839
AG_V_SELF_TEST_GAIN_6_4_1_RAW of 1103959_69_JPP,1.0002765486725667,0.10266531384041967,0.0005406175641615129
Sb_I_SCALBIAS_0_LV of 1103959_69_1133529_cp1_cp1p5_YPP_QPP_RPP,1.0002765486725662,0.07364839613175712,0.000540964252273598
AG_V_SELF_TEST_GAIN_5_8_1_RAW of 1103959_69_1133529_cp1,1.0002765486725664,0.1101815974996792,0.0005409824337473206
AG_V_SELF_TEST_GAIN_7_4_1_VSS of 1103959_69_1133592_QPP,1.0002765486725664,0.0021354605374584784,0.0005409896506969495
Df_V_VR1V2D_OUT of 1103959_69_JPP,1.0002765486725664,0.04117855154567755,0.0005425974456478406
AG_V_SELF_GAIN_9_1_2_N_RAW of 1103959_69_1133529_cp1,1.0002765486725664,0.007482965060479473,0.0005427398323855558
AG_V_SELF_TEST_GAIN_11_2_1 of 1103959_69_1133529_cp1_cp1p5_YPP_QPP_RPP,1.0002765486725664,0.09393967839394042,0.0005427645350569615
VV_V_3V3_M20M of 1103959_69_1133529_cp1,1.0002765486725664,0.017616263033087637,0.0005428908756263085
Df_V_VR1V2D_OUT_RAW of 1103959_69_1133529_cp1,1.0002765486725664,0.06620001210134278,0.0005437003901266549
ZB_V_V0FVBIFF_M of 1103959_69_1133592_QPP,1.0002765486725664,0.012665803553827742,0.0005452846704932236
IO_ISUPFM_PRE of 1103959_69_1133529_cp1_cp1p5_YPP_QPP_RPP,1.0002765486725662,0.03597653076685593,0.0005455299765498061
AC_V_GAIN_AFE_CRN_5_8_8 of 1103959_69_1133529_cp1,1.0002765486725664,0.12855622164032995,0.0005458491803728003
HH_CONT_PTEN of 1103959_69_1133529_cp1_cp1p5_YPP_QPP_RPP,1.0002765486725664,0.08417488555201565,0.0005466304489049584
TR_TEMP_REG11 of 1103959_69_1133529_cp1,1.0002765486725662,0.02028410674455033,0.0005475336417065721
Po_T_PTATOSC_HV of 1103959_69_JPP,1.0002765486725662,0.02933536060649349,0.0005478930737249057
KC_COIL_CR of 1103959_69_1133529_cp1_cp1p5_YPP_QPP_RPP,1.0002765486725667,0.04988713697214123,0.0005488802745047749
Po_T_PTATOSC_LV of 1103959_69_JPP,1.0002765486725664,0.026808057595084128,0.00054931980149771
KC_COIL_CL of 1103959_69_1133529_cp1,1.0002765486725667,0.018124611114751256,0.0005494723427640368
KK_LK_CL_APMU_HI of 1103959_69_1133592_QPP,1.0002765486725664,0.012100025972787358,0.0005496676805818362
AC_V_AFE_CRN_5_8_8_I0 of 1103959_69_1133529_cp1_cp1p5_YPP,1.0002765486725662,0.029642742413002965,0.0005511468807910888
AC_SENSE_CN_FG_SA of 1103959_69_1133529_cp1_cp1p5_YPP_QPP_RPP,1.0002765486725664,0.09863165720931372,0.0005514776278578575
Zb_V_OBVOL_VSS_L of 1103959_69_1133529_cp1,1.0002765486725664,0.06152246820762652,0.0005531286062488059
HH_CONT_CL of 1103959_69_JPP,1.0002765486725658,0.0033249061700726013,0.0005557918164955457
EEPROM_T2__,1.0002765486725664,0.020053740567274877,0.0005561211904617389
AC_OFFCALRES of 1103959_69_JPP,1.0002765486725664,0.019196128033413345,0.0005561714468427949
ZB_V_V0FVBIFF_M_VSS of 1103959_69_1133529_cp1_cp1p5_YPP,1.0002765486725662,0.03431433682371611,0.0005578469611536146
Zb_V_OBVOH_VSS of 1103959_69_1133529_cp1_cp1p5_YPP_QPP_RPP,1.0002765486725662,0.04096478679547462,0.000559767691655409
AG_V_SELF_GAIN_9_1_2_N_RAW of 1103959_69_1133529_cp1_cp1p5_YPP_QPP_RPP,1.0002765486725664,0.02127606013664726,0.0005602483939473376
ROW of 1103959_69_1133529_cp1_cp1p5_YPP_QPP_RPP,1.0002765486725667,0.04401284857433568,0.000561046075942816
VV_V_3V3_UL of 1103959_69_JPP,1.0002765486725664,0.03165555274199968,0.000561941846958536
AI_V_V0FVUNI_SELF of 1103959_69_1133529_cp1_cp1p5_YPP,1.0002765486725664,0.009769801359653673,0.0005629282429542355
Zb_V_OBVOL_L of 1103959_69_1133592_QPP,1.0002765486725664,0.003855123059448014,0.0005630365913020333
HH_CONT_OUT of 1103959_69_1133529_cp1p5,1.0002765486725667,0.018582534932693687,0.0005647703723166215
HH_CONT_CL of 1103959_69_1133529_cp1,1.0002765486725664,0.05725561593179537,0.0005665176698694691
KK_LK_PTEN_LO of 1103959_69_JPP,1.0002765486725664,0.04521751454872396,0.000568539589451055
AC_V_AFE_CRN_5_8_8_I0 of 1103959_69_1133529_cp1,1.0002765486725664,0.016773691962552795,0.0005687848904255447
AC_V_AFE_CRN_5_8_8_I0_RAW of 1103959_69_1133592_QPP,1.0002765486725664,0.0029773871752293447,0.0005689969870914043
HH_CONT_CM of 1103959_69_1133529_cp1_cp1p5_YPP_QPP_RPP,1.0002765486725664,0.08464133463782793,0.0005692235427660768
KK_LK_CL_APMU_LO of 1103959_69_JPP,1.0002765486725662,0.001283076667104687,0.0005699428382579494
IO_ISUPFM_PRE of 1103959_69_1133529_cp1,1.0002765486725664,0.034218238590470726,0.0005718654693880154
AC_V_AFE_CN_TGT_I0 of 1103959_69_1133529_cp1_cp1p5_YPP_QPP_RPP,1.0002765486725662,0.0009782059734638666,0.0005730649240957068
AC_SENSE_CRN of 1103959_69_1133529_cp1p5,1.0002765486725667,0.1239904858014859,0.0005733542832368819
Zb_V_OBVOL_RAW of 1103959_69_1133529_cp1p5,1.0002765486725662,0.03334526800841269,0.0005733666670266206
Zb_I_OBSHORTL_VSS of 1103959_69_1133529_cp1,1.0002765486725664,0.05908070945115748,0.0005741236537626977
Zb_V_OBVOL_VSS of 1103959_69_1133529_cp1_cp1p5_YPP,1.0002765486725662,0.03348973566399091,0.0005741254233988078
Zb_V_OBVOL of 1103959_69_1133529_cp1_cp1p5_YPP_QPP_RPP,1.0002765486725662,0.023442438793811044,0.0005758454175179991
Zb_V_ILOUT_RAW of 1103959_69_1133529_cp1_cp1p5_YPP,1.0002765486725667,6.611535249325289e-05,0.0005762432376424092
ZB_V_V0FVBI_UL_RAW of 1103959_69_1133529_cp1,1.0002765486725664,0.0421295979000527,0.0005769232850402472
HH_CONT_SH_CL_APMU of 1103959_69_1133529_cp1_cp1p5_YPP_QPP_RPP,1.0002765486725664,0.039008914729381325,0.0005770334202179517
AC_SENSE_CN_FG_SA of 1103959_69_1133529_cp1_cp1p5_YPP,1.0002765486725662,0.09871484319111137,0.0005771905021307895
Zb_V_ILOUT of 1103959_69_1133529_cp1,1.0002765486725664,0.026634764061685474,0.0005815597414719726
ZB_V_V0FVBI_UL of 1103959_69_1133592_QPP,1.0002765486725664,0.013194506740701875,0.0005830833884127275
KK_LK_CM_HI of 1103959_69_1133592_QPP,1.0002765486725664,0.06761519444313469,0.0005846366627545816
AG_V_SELF_TEST_GAIN_5_1_8 of 1103959_69_1133529_cp1_cp1p5_YPP,1.0002765486725664,0.09804035877625679,0.0005861150262248497
AG_V_SELF_TEST_GAIN_6_1_4_VSS of 1103959_69_1133592_QPP,1.0002765486725664,0.0017296710835159525,0.0005866191955806687
AG_V_SELF_TEST_GAIN_12_2_1_RAW of 1103959_69_1133592_QPP,1.0002765486725664,0.08667548171027148,0.0005905647207763314
ZB_V_V0FVBI00_M_VSS of 1103959_69_1133529_cp1_cp1p5_YPP,1.0002765486725662,0.03456443933680798,0.0005920979071165047
AG_V_SELF_TEST_GA_5_1_8_2C_RAW of 1103959_69_1133592_QPP,1.0002765486725664,0.08227831047323796,0.000592801836449765
ZB_V_V0FVBI_UL of 1103959_69_JPP,1.0002765486725667,0.016526180009443205,0.0005929563106391643
Zb_V_OBVOH_VSS_L of 1103959_69_1133529_cp1p5,1.0002765486725662,0.02630935870311764,0.0005937856670834449
HH_CONT_SH_PTEN of 1103959_69_1133529_cp1_cp1p5_YPP_QPP_RPP,1.0002765486725667,0.03757232437779159,0.0005958195372527871
ZB_V_V0FVBI_UL_RAW of 1103959_69_1133529_cp1_cp1p5_YPP_QPP_RPP,1.0002765486725662,0.014387157734889197,0.0005971018364379605
KK_LK_PTEN_LO of 1103959_69_1133529_cp1_cp1p5_YPP,1.0002765486725662,0.029396485177314483,0.0005985389084456231
Dr_V_VSS of 1103959_69_1133592_RPP,1.0002765486725664,0.040021128524975656,0.0006005849326858449
HH_CONT_VINT of 1103959_69_1133529_cp1,1.0002765486725664,0.06521976368382724,0.0006007770063984337
Zb_V_OBVOL_VSS of 1103959_69_1133592_QPP,1.0002765486725664,0.006069177928989041,0.0006016250070790537
AG_V_SELF_TEST_GAIN_5_8_1 of 1103959_69_1133529_cp1_cp1p5_YPP_QPP_RPP,1.0002765486725662,0.10201646094109583,0.0006021986741460809
Dr_V_VR1V2DRA_M of 1103959_69_1133529_cp1_cp1p5_YPP_QPP,1.0002765486725664,0.005247513021389156,0.0006028433411331973
HH_CONT_CR of 1103959_69_1133529_cp1,1.0002765486725664,0.059240131900678755,0.00060434003801459
AG_V_SELF_TEST_GAIN_6_4_1 of 1103959_69_1133592_QPP,1.0002765486725664,0.09637599112506383,0.0006056217128439415
AC_VOFF_TGT of 1103959_69_1133529_cp1_cp1p5_YPP_QPP_RPP,1.0002765486725664,3.5386887132157634e-05,0.0006072787185222633
HH_CONT_SH_VSS_APMU of 1103959_69_JPP,1.0002765486725664,0.030349501384890606,0.000607584749007599
AG_V_SELF_TEST_GAIN_8_2_1_RAW of 1103959_69_1133529_cp1,1.0002765486725664,0.06387805915080268,0.0006077113038347446
Gb_I_GBIAS_0_LV of 1103959_69_1133529_cp1_cp1p5_YPP,1.0002765486725664,0.0018962176693397051,0.0006083384444404974
KK_LK_VSS_APMU_LO of 1103959_69_1133592_QPP,1.0002765486725664,0.007141259135483841,0.0006095598992239073
AC_SENSE_CRN of 1103959_69_1133529_cp1_cp1p5_YPP_QPP_RPP,1.0002765486725664,0.11898584751404569,0.0006101774203489316
Sb_I_SCALBIAS_0_LV of 1103959_69_1133529_cp1,1.0002765486725662,0.11117181316412494,0.0006109262278468557
AC_V_AFE_CLN_5_8_8_I0 of 1103959_69_1133529_cp1_cp1p5_YPP,1.0002765486725662,0.031906444905287976,0.0006116411008522456
AI_V_V0FVUNI_SELF of 1103959_69_1133529_cp1p5,1.0002765486725664,0.04268285705728751,0.000611742888222963
ZB_V_V0RA_P3MA of 1103959_69_1133529_cp1_cp1p5_YPP_QPP,1.0002765486725664,0.02272672835112396,0.0006128495487738845
Zb_V_OBVOL_H_RAW of 1103959_69_JPP,1.0002765486725664,0.027280292711566265,0.0006139648171638313
AG_V_SELF_GAIN_9_1_2_N_RAW of 1103959_69_1133529_cp1p5,1.0002765486725662,0.03845477359626534,0.0006147660903415596
AG_V_SELF_GAIN_7_4_1_N of 1103959_69_1133529_cp1p5,1.0002765486725664,0.04913837869605019,0.0006156067259058742
AC_V_AFE_CRP_5_8_8_I0_RAW of 1103959_69_1133529_cp1_cp1p5_YPP_QPP,1.0002765486725664,0.02287203078286874,0.0006162431478884668
AI_V_V0FVUNI_SELF of 1103959_69_JPP,1.0002765486725664,0.027312512988964276,0.000616307723507501
KK_LK_OUT_APMU_LO of 1103959_69_1133529_cp1_cp1p5_YPP_QPP_RPP,1.0002765486725664,0.0035565799769290245,0.0006194583325743021
OV_V_OBVOFF of 1103959_69_1133592_QPP,1.0002765486725664,0.03548389834446249,0.0006203845449578424
HH_CONT_SH_CR of 1103959_69_1133529_cp1_cp1p5_YPP_QPP_RPP,1.0002765486725664,0.028156510527817338,0.0006223327522915797
AG_V_SELF_TEST_GAIN_5_1_8_VSS of 1103959_69_1133529_cp1,1.0002765486725662,0.05764543830345914,0.0006226712793668017
ZB_V_V0FVBIFF_M of 1103959_69_1133529_cp1p5,1.0002765486725662,0.008430735997309926,0.0006227648204159909
Df_V_VR1V2D_M of 1103959_69_JPP,1.0002765486725662,0.020669782766104424,0.0006241611717038012
OV_V_OB_VOUT_DIG of 1103959_69_1133529_cp1,1.0002765486725667,0.04097651168094078,0.0006255115907036011
AC_V_AFE_CRN_5_8_8_I0_VSS of 1103959_69_1133529_cp1,1.0002765486725664,0.054554893084239664,0.000627255455267204
AC_V_GAIN_AFE_CRN_5_8_8 of 1103959_69_JPP,1.0002765486725662,0.06441134012269606,0.000629154933107082
AI_V_V0FVBI_SELF_RAW of 1103959_69_1133529_cp1,1.0002765486725662,0.09595828088331738,0.0006295731531980314
Dr_V_VR1V2DRA_OUT_RAW of 1103959_69_1133592_RPP,1.0002765486725667,0.0236396186736055,0.0006295877111401955
Zb_V_OBVOH_H_RAW of 1103959_69_1133529_cp1,1.0002765486725664,0.04983917912731823,0.0006312261000240493
KK_LK_OUT_LO of 1103959_69_1133592_QPP,1.0002765486725664,0.019281168391013476,0.0006352625757583092
AG_V_SELF_GAIN_12_2_1_2C_RAW of 1103959_69_JPP,1.0002765486725662,0.10427320779845688,0.0006370773402237387
Zb_V_OBVOH_VSS_L of 1103959_69_1133529_cp1_cp1p5_YPP,1.0002765486725658,0.02793229867654182,0.0006371820258217649
ZB_V_V0RA_N3MA_RAW of 1103959_69_1133592_RPP,1.0002765486725664,0.029432196029816067,0.0006407706374826865
AG_V_SELF_TEST_GAIN_7_4_1_RAW of 1103959_69_JPP,1.0002765486725667,0.1060800113027867,0.00064148360001738
AC_V_GAIN_AFE_CLP_5_8_8 of 1103959_69_1133529_cp1_cp1p5_YPP_QPP,1.0002765486725664,0.0021875582713186442,0.0006420382153938354
AG_V_SELF_TEST_GAIN_6_1_4_VSS of 1103959_69_1133529_cp1,1.0002765486725667,0.06328785333165364,0.0006427840702432296
AI_V_V0FVUNI_SELF_VSS of 1103959_69_1133529_cp1p5,1.0002765486725664,0.02461854307846667,0.0006450720319695539
AG_V_SELF_GAIN_7_4_1_N_VSS of 1103959_69_1133529_cp1_cp1p5_YPP,1.0002765486725664,0.023577240154408333,0.0006456242198920655
Po_T_PTATOSC_HV of 1103959_69_1133529_cp1p5,1.0002765486725662,0.006226464066756152,0.000647431048333628
HH_CONT_OUT_APMU of 1103959_69_1133529_cp1,1.0002765486725664,0.0020840238815553803,0.0006496486350519632
AG_V_SELF_TEST_GAIN_7_4_1_VSS of 1103959_69_1133529_cp1,1.0002765486725662,0.08923030705391494,0.0006498622253704596
AC_VOFF_TGT of 1103959_69_JPP,1.0002765486725664,0.01900440820432701,0.0006523662481636562
Zb_I_OBSHORTL_VSS of 1103959_69_1133529_cp1_cp1p5_YPP,1.0002765486725664,0.033383882304410306,0.0006529938158517227
ROW of 1103959_69_1133592_QPP,1.0002765486725667,0.04401284857433568,0.0006532879603008673
KK_LK_CM_LO of 1103959_69_1133529_cp1,1.0002765486725664,0.0024913353567828983,0.0006533071102935402
AG_V_SELF_TEST_GAIN_6_4_1 of 1103959_69_JPP,1.0002765486725662,0.09232140650294514,0.0006547528529579301
Zb_V_OBVOL_H_RAW of 1103959_69_1133529_cp1p5,1.0002765486725664,0.007975853320104632,0.000655589627577328
OV_V_OB_VOUT of 1103959_69_1133529_cp1,1.0002765486725664,0.01942314777569576,0.0006573291589923216
AG_V_SELF_TEST_GAIN_6_4_1_RAW of 1103959_69_1133592_QPP,1.0002765486725667,0.08718091410791501,0.0006581247796361084
AC_V_AFE_CN_FG_SA_I0 of 1103959_69_1133592_QPP,1.0002765486725664,0.11461034588389918,0.0006596332635512958
AG_V_SELF_TEST_GAIN_5_8_1_VSS of 1103959_69_1133529_cp1,1.0002765486725662,0.06634749049279397,0.0006597397924986825
AG_V_SELF_GAIN_7_4_1_N of 1103959_69_1133529_cp1_cp1p5_YPP_QPP_RPP,1.0002765486725662,0.05386575045247082,0.0006608247845090859
AG_V_SELF_TEST_GAIN_11_2_1_VSS of 1103959_69_1133529_cp1,1.0002765486725662,0.06357500556297349,0.000661031090771361
AC_SENSE_CAL of 1103959_69_JPP,1.0002765486725664,0.02925243022367547,0.0006615408760357502
Zb_V_ILOUT_RAW of 1103959_69_1133529_cp1_cp1p5_YPP_QPP_RPP,1.0002765486725662,0.03435770743654493,0.0006616872249712379
AC_VOFF_TGT_PRE of 1103959_69_1133529_cp1_cp1p5_YPP_QPP_RPP,1.0002765486725664,0.00909799657045248,0.0006634162680293101
OV_V_OB_VOUT_DIG of 1103959_69_1133529_cp1_cp1p5_YPP_QPP_RPP,1.0002765486725662,0.003261596519950124,0.0006646889636089112
AC_OFFCALRES_PRE of 1103959_69_1133592_QPP,1.0002765486725664,0.0019372125587069915,0.0006655391770708529
AG_V_SELF_TEST_GAIN_6_1_4_RAW of 1103959_69_JPP,1.0002765486725664,0.10255002721373377,0.0006661966180247637
KK_LK_CR_APMU_LO of 1103959_69_1133592_QPP,1.0002765486725662,0.0015768604090858564,0.0006664851810179867
ZB_V_V0FVBI00_M of 1103959_69_1133529_cp1_cp1p5_YPP,1.0002765486725667,0.013400348768478112,0.0006673459793376271
Po_T_PTATOSC_LV of 1103959_69_1133529_cp1_cp1p5_YPP_QPP_RPP,1.0002765486725662,0.058307334376980526,0.0006674492213208826
Sb_I_SCALBIAS_0_HV of 1103959_69_1133529_cp1,1.0002765486725664,0.11112088856402023,0.0006679643436015203
SensorOffsetLRdiff YPP,1.0002765486725664,0.04458721017815301,0.0006681081245916094
Df_V_VR1V2D_OUT_RAW of 1103959_69_JPP,1.0002765486725664,0.0800690673719992,0.0006691205398920876
Gb_I_GBIAS_0 2 of 1103959_69_1133592_QPP,1.0002765486725667,0.12164395561836464,0.0006704282741244613
AC_V_AFE_CRN_5_8_8_I0_RAW of 1103959_69_1133529_cp1_cp1p5_YPP_QPP_RPP,1.0002765486725664,0.020674976525247076,0.000671269489061505
KK_LK_CL_APMU_LO of 1103959_69_1133529_cp1p5,1.0002765486725664,0.00044263851818576364,0.0006718934224625401
AG_V_SELF_TEST_GAIN_6_1_4_VSS of 1103959_69_JPP,1.0002765486725664,0.0709055610277569,0.0006751940806125238
Zb_I_OBSHORTL of 1103959_69_1133529_cp1p5,1.0002765486725664,0.1262248474277319,0.0006753854271677963
HH_CONT_SH_CL of 1103959_69_1133529_cp1_cp1p5_YPP,1.0002765486725664,0.03720608176196687,0.00067727733259712
AG_V_SELF_TEST_GAIN_9_1_2_VSS of 1103959_69_1133529_cp1p5,1.0002765486725664,0.023131992133074545,0.0006775470700282433
AC_VOFF_TGT_PRE_TM of 1103959_69_1133529_cp1_cp1p5_YPP,1.0002765486725664,0.0015343322755324163,0.0006777373953825159
AG_V_SELF_TEST_GAIN_6_1_4_RAW of 1103959_69_1133529_cp1,1.0002765486725662,0.07573365133734573,0.000681042259807832
ZB_V_V0FVBI_UL_VSS of 1103959_69_1133529_cp1_cp1p5_YPP,1.0002765486725664,0.03454106680344763,0.0006821530448976223
AG_V_SELF_TEST_GAIN_5_1_8 of 1103959_69_1133529_cp1_cp1p5_YPP_QPP_RPP,1.0002765486725664,0.10256164658982062,0.0006864935956938998
Ro_T_REFOSC_HV of 1103959_69_1133529_cp1_cp1p5_YPP,1.0002765486725664,0.02130267413319202,0.0006875528586964774
AC_SENSE_CAL of 1103959_69_1133529_cp1_cp1p5_YPP,1.0002765486725662,0.021962650515150686,0.0006877174736350775
KK_LK_VSS_APMU_LO of 1103959_69_1133529_cp1_cp1p5_YPP,1.0002765486725664,0.017223603468477337,0.0006885916797723231
AC_V_AFE_CN_FG_SA_I0 of 1103959_69_1133529_cp1_cp1p5_YPP_QPP_RPP,1.0002765486725664,0.1142327362348884,0.0006889808399858214
ZB_V_V0FVBI_UL of 1103959_69_1133529_cp1,1.0002765486725664,0.012652596404396576,0.0006890469751108319
HH_CONT_SH_CR of 1103959_69_JPP,1.0002765486725664,0.08676390183103137,0.0006897789230422027
AC_V_AFE_CLN_5_8_8_I0_VSS of 1103959_69_JPP,1.0002765486725664,0.0753633359688885,0.0006897943400005569
AC_V_GAIN_AFE_CN_FG_SA of 1103959_69_1133529_cp1p5,1.0002765486725664,0.11994585140195042,0.00069129867175874
EEPROM_SET_S3__,1.0002765486725662,0.031226505667262223,0.0006918340633801471
AI_V_V0FVUNI_SELF of 1103959_69_1133529_cp1_cp1p5_YPP_QPP_RPP,1.0002765486725664,0.008873485357420078,0.0006923220485495579
VV_V_3V3_2M of 1103959_69_JPP,1.0002765486725664,0.028896579377435856,0.0006936487999763745
AC_V_GAIN_AFE_CLN_5_8_8_RAW of 1103959_69_1133529_cp1p5,1.0002765486725664,0.06164717909720686,0.0006958478396196771
Zb_V_OBVOL_L_RAW of 1103959_69_JPP,1.0002765486725664,0.047016374371474455,0.0006961536905181299
AG_V_SELF_TEST_GAIN_6_4_1_RAW of 1103959_69_1133529_cp1p5,1.0002765486725667,0.06844380502514809,0.0006992725010766275
Zb_V_ILOUT of 1103959_69_1133592_QPP,1.0002765486725664,0.028727617483284597,0.0007005313051460795
WF of 1103959_69_JPP,1.0002765486725664,0.12482650281365486,0.0007005670638015116
AG_V_SELF_TEST_GA_5_1_8_2C_VSS of 1103959_69_1133529_cp1_cp1p5_YPP,1.0002765486725664,0.029626919324834317,0.0007011689648326118
AG_V_SELF_TEST_GAIN_11_2_1_RAW of 1103959_69_1133529_cp1_cp1p5_YPP,1.0002765486725664,0.08771343985544329,0.0007025858015890986
ZB_V_V0RA_P3MA_RAW of 1103959_69_1133592_RPP,1.0002765486725664,0.04076858816497223,0.0007038491658439003
AC_V_AFE_CLN_5_8_8_I0_VSS of 1103959_69_1133529_cp1,1.0002765486725662,0.05751012548347188,0.000704033875566614
AC_V_GAIN_AFE_CRN_5_8_8 of 1103959_69_1133592_QPP,1.0002765486725662,0.10895483183630025,0.0007049723192608995
Zb_V_OBVOH_L_RAW of 1103959_69_1133529_cp1p5,1.0002765486725667,0.007678131345007386,0.0007057128209569424
Df_V_VR1V2D_M of 1103959_69_1133592_QPP,1.0002765486725662,0.02891969387849888,0.0007064736234715345
AC_V_AFE_CN_TGT_I0 of 1103959_69_1133529_cp1,1.0002765486725664,0.056946477259108744,0.0007069865956282682
AI_V_V0FVUNI_SELF_RAW of 1103959_69_1133529_cp1p5,1.0002765486725662,0.009805125688399804,0.0007075203767279782
HH_CONT_SH_CR of 1103959_69_1133529_cp1p5,1.0002765486725664,0.012567435581773364,0.0007076131505184749
AC_SENSE_CAL of 1103959_69_1133529_cp1p5,1.0002765486725664,0.07016257214557331,0.0007084621828793777
HH_CONT_SH_OUT of 1103959_69_1133529_cp1,1.0002765486725664,0.013687581825724346,0.0007093645536494889
Zb_V_ILOUT_RAW of 1103959_69_1133529_cp1,1.0002765486725664,0.01013060148401825,0.0007145686303094411
HH_CONT_CL_APMU of 1103959_69_JPP,1.0002765486725664,0.018859292287675015,0.0007147269588724179
TR_TEMP_CALC of 1103959_69_1133592_QPP,1.0002765486725664,0.005094991037699566,0.0007160663062816188
Zb_V_OBVOL_VSS_H of 1103959_69_1133529_cp1_cp1p5_YPP,1.0002765486725664,0.024624604927209484,0.000718608878767353
AG_V_SELF_TEST_GAIN_9_1_2 of 1103959_69_1133529_cp1_cp1p5_YPP,1.0002765486725664,0.08300913131488426,0.0007205959451370278
Radius,1.0002765486725664,0.038623863839476934,0.0007235690648500139
AC_V_AFE_CN_FG_SA_I0 of 1103959_69_1133529_cp1,1.0002765486725664,0.008304939312285167,0.0007238568181471648
Zb_V_OBVOH_H of 1103959_69_1133529_cp1p5,1.0002765486725664,0.014693911138944773,0.0007250237704466567
HH_CONT_SH_CL_APMU of 1103959_69_JPP,1.0002765486725664,0.03397359030783364,0.0007253264681628988
AI_V_V0FVBI_SELF_VSS of 1103959_69_1133529_cp1,1.0002765486725664,0.07114126286692463,0.0007266021156800207
HH_CONT_PTEN of 1103959_69_JPP,1.0002765486725667,0.006084691401200329,0.000726854961168229
AG_V_SELF_TEST_GAIN_10_1_2 of 1103959_69_1133529_cp1_cp1p5_YPP_QPP_RPP,1.0002765486725667,0.0904314988697177,0.0007335940990502073
AG_V_SELF_TEST_GAIN_6_1_4_VSS of 1103959_69_1133529_cp1p5,1.0002765486725662,0.026593106113448547,0.0007368370338536211
Zb_V_OBVOH_L of 1103959_69_1133529_cp1p5,1.0002765486725662,0.014303937314649032,0.0007377396987344502
AC_SENSE_CLN of 1103959_69_JPP,1.0002765486725667,0.04824483568042255,0.0007402648510780169
Zb_V_OBVOH_H of 1103959_69_1133529_cp1,1.0002765486725664,0.06379208257860551,0.0007419768353623526
Zb_V_OBVOL_L_RAW of 1103959_69_1133529_cp1,1.0002765486725667,0.030061186777171862,0.0007434147965453486
VV_V_3V3_M15M of 1103959_69_JPP,1.0002765486725662,0.009825678649139313,0.0007435198478694896
AG_V_SELF_GAIN_7_4_1_N_VSS of 1103959_69_1133592_QPP,1.0002765486725667,0.00012223444220580242,0.0007447242458101527
Zb_V_OBVOH_H of 1103959_69_1133529_cp1_cp1p5_YPP_QPP_RPP,1.0002765486725664,0.04605781656327957,0.0007450413861478919
AG_V_SELF_GAIN_7_4_1_N of 1103959_69_1133592_QPP,1.0002765486725662,0.04836155648191101,0.0007457530216578742
ROW of 1103959_69_1133529_cp1p5,1.0002765486725667,0.04401284857433568,0.0007458683972742672
SensorOffset RPP,1.0002765486725662,0.09728332635282726,0.0007463317726864866
KK_LK_CM_LO of 1103959_69_1133529_cp1_cp1p5_YPP,1.0002765486725664,0.03115802816209741,0.0007470381112635451
COL of 1103959_69_1133529_cp1p5,1.0002765486725664,0.052351299826831725,0.0007477141807883204
HH_CONT_OUT of 1103959_69_JPP,1.0002765486725664,0.052093148975108035,0.0007477493631076412
COL of 1103959_69_1133529_cp1_cp1p5_YPP,1.0002765486725664,0.052351299826831725,0.0007479800500425225
Zb_V_ILOUT_VSS of 1103959_69_1133529_cp1_cp1p5_YPP_QPP_RPP,1.0002765486725662,0.04078164195481639,0.0007510931671200056
AC_V_GAIN_AFE_CRP_5_8_8_RAW of 1103959_69_1133592_RPP,1.0002765486725664,0.017354540906644966,0.0007514259261775545
HH_CONT_CR of 1103959_69_1133529_cp1p5,1.0002765486725664,0.09276410307824426,0.000752286533599271
AG_V_SELF_TEST_GAIN_5_1_8_VSS of 1103959_69_1133529_cp1p5,1.0002765486725667,0.028172813145672194,0.0007526928061118106
KK_LK_PTEN_LO of 1103959_69_1133529_cp1_cp1p5_YPP_QPP_RPP,1.0002765486725664,0.006264593370842009,0.0007528636140762174
HH_CONT_CM of 1103959_69_1133529_cp1p5,1.0002765486725664,0.10449044847295637,0.0007529976490384382
AC_V_AFE_CN_5_8_8_I0 RPP,1.0002765486725664,0.005244310659957052,0.0007556068839233321
AG_V_SELF_TEST_GAIN_10_1_2_RAW of 1103959_69_JPP,1.0002765486725662,0.09930447364670732,0.0007556367584533002
AC_V_AFE_CRN_5_8_8_I0 of 1103959_69_1133529_cp1_cp1p5_YPP_QPP_RPP,1.0002765486725664,0.004048436994031052,0.0007556784167563941
HH_CONT_SH_CL of 1103959_69_1133529_cp1,1.0002765486725664,0.042609459197228035,0.0007558795379405691
KK_LK_OUT_LO of 1103959_69_1133529_cp1_cp1p5_YPP_QPP_RPP,1.0002765486725662,0.02051345210961698,0.0007566995375378962
OV_V_VSS of 1103959_69_1133529_cp1p5,1.0002765486725664,0.02038355987001306,0.0007571068229599308
HH_CONT_SH_OUT of 1103959_69_1133529_cp1_cp1p5_YPP_QPP_RPP,1.0002765486725667,0.027210944809723265,0.000758376804467249
HH_CONT_SH_VSS_APMU of 1103959_69_1133529_cp1_cp1p5_YPP,1.0002765486725664,0.06533740768017424,0.0007596479391306255
ZB_V_V0FVBIFF_M_VSS of 1103959_69_1133529_cp1,1.0002765486725662,0.05907875300929925,0.0007610821843812447
HH_CONT_SH_CL of 1103959_69_1133529_cp1p5,1.0002765486725662,0.012440633508578476,0.0007613215910552342
KK_LK_CL_APMU_HI of 1103959_69_1133529_cp1,1.0002765486725664,0.012100025972787358,0.000761801522246889
AG_V_SELF_TEST_GAIN_8_2_1_VSS of 1103959_69_1133529_cp1p5,1.0002765486725664,0.025779521721129954,0.0007620348031414551
HH_CONT_CL_APMU of 1103959_69_1133529_cp1_cp1p5_YPP,1.0002765486725664,0.018243419888519838,0.0007630307178956991
AC_V_AFE_CLN_5_8_8_VSS of 1103959_69_JPP,1.0002765486725664,0.07331516446686254,0.0007638277261130696
HH_CONT_SH_CM of 1103959_69_1133529_cp1,1.0002765486725664,0.01373603962553347,0.000764578505424488
VV_V_3V3_M15M of 1103959_69_1133529_cp1_cp1p5_YPP,1.0002765486725662,0.030043433497916015,0.0007646434674467485
AC_V_GAIN_AFE_CLN_5_8_8_RAW of 1103959_69_1133592_QPP,1.0002765486725664,0.1024911721689128,0.0007670095257532285
IO_ISUPFM of 1103959_69_1133529_cp1_cp1p5_YPP,1.0002765486725664,0.1107652568202556,0.0007694788484976159
Df_V_VSS of 1103959_69_1133529_cp1_cp1p5_YPP,1.0002765486725664,0.0336000504235503,0.0007710849204629555
HH_CONT_OUT_APMU of 1103959_69_1133529_cp1p5,1.0002765486725662,0.01925034308480995,0.0007717801934472936
ZB_V_V0FVBI00_M_RAW of 1103959_69_1133529_cp1,1.0002765486725664,0.04405549413548,0.0007721998455110912
AC_V_GAIN_AFE_CLP_5_8_8_RAW of 1103959_69_1133529_cp1_cp1p5_YPP_QPP,1.0002765486725662,0.035695178586071685,0.0007723588132005951
EX_EXTRACT_T_REFOSC of 1103959_69_1133529_cp1_cp1p5,1.0002765486725662,0.07068503299038446,0.0007732406809035222
KK_LK_PTEN_HI of 1103959_69_1133529_cp1,1.0002765486725664,0.04034700452590175,0.0007740301143447465
KK_LK_CM_HI of 1103959_69_1133529_cp1_cp1p5_YPP,1.0002765486725664,0.08747062580334608,0.0007742817195167353
AG_V_SELF_TEST_GAIN_12_2_1_2C of 1103959_69_JPP,1.0002765486725664,0.09340321967121931,0.0007743865562807031
VV_V_3V3_UL of 1103959_69_1133529_cp1,1.0002765486725664,0.01842323751860908,0.0007746993213441808
AG_V_SELF_TEST_GAIN_11_2_1_RAW of 1103959_69_1133529_cp1p5,1.0002765486725662,0.06182204217794966,0.0007748328858549922
Ro_T_REFOSC_LV of 1103959_69_1133529_cp1p5,1.0002765486725664,0.018466633486077584,0.0007752288543073289
AC_V_GAIN_AFE_CRN_5_8_8_RAW of 1103959_69_1133592_QPP,1.0002765486725664,0.10632556781550656,0.0007783827981989659
VV_V_3V3_2M of 1103959_69_1133592_QPP,1.0002765486725662,0.019465605824441193,0.000780009551545883
Zb_I_OBSHORTL_VSS of 1103959_69_1133529_cp1p5,1.0002765486725664,0.02073068587971688,0.0007815512544606389
AG_V_SELF_TEST_GAIN_5_8_1_VSS of 1103959_69_1133529_cp1p5,1.000276548672566,0.027873839176379575,0.0007821873527311547
HH_CONT_CL of 1103959_69_1133529_cp1_cp1p5_YPP_QPP_RPP,1.0002765486725662,0.08534290736179147,0.0007833449832556579
AG_V_SELF_TEST_GAIN_10_1_2_VSS of 1103959_69_1133592_QPP,1.0002765486725664,0.0012911220799059324,0.0007875771460337317
Df_V_VR1V2D_OUT of 1103959_69_1133529_cp1,1.0002765486725662,0.03390377803762086,0.000788957957046825
AG_V_SELF_TEST_GAIN_9_1_2 of 1103959_69_1133529_cp1_cp1p5_YPP_QPP_RPP,1.0002765486725667,0.08552177766523338,0.0007909702729435867
AG_V_SELF_TEST_GA_5_1_8_2C_RAW of 1103959_69_1133529_cp1p5,1.0002765486725667,0.10884010924069955,0.0007910940007151118
IO_ISUPFM_PRE of 1103959_69_JPP,1.0002765486725664,0.07113045721841695,0.0007911459361842699
AC_V_AFE_CRN_5_8_8_I0 of 1103959_69_JPP,1.0002765486725664,0.048565100250987765,0.0007949970657832599
HH_CONT_SH_CL_APMU of 1103959_69_1133592_QPP,1.0002765486725664,0.03115269245195471,0.0007958763258815038
AG_V_SELF_TEST_GAIN_5_8_1 of 1103959_69_1133529_cp1_cp1p5_YPP,1.0002765486725664,0.09766373041406651,0.0007980699665837079
AC_OFFCALRES of 1103959_69_1133529_cp1_cp1p5_YPP,1.0002765486725664,0.010239751100557673,0.0007986414615059026
AG_V_SELF_TEST_GAIN_8_2_1 of 1103959_69_1133529_cp1_cp1p5_YPP,1.0002765486725664,0.07855130386611994,0.0008001069807449645
AG_V_SELF_GAIN_9_1_2_N of 1103959_69_1133592_QPP,1.0002765486725667,0.03031171320727898,0.0008004137711914891
AG_V_SELF_TEST_GAIN_5_1_8 of 1103959_69_1133592_QPP,1.0002765486725664,0.10121008394674935,0.0008013784304894886
HH_CONT_VSS_APMU of 1103959_69_1133529_cp1,1.0002765486725664,0.03197910865440359,0.000802221090967872
AC_V_GAIN_AFE_CRP_5_8_8_RAW of 1103959_69_1133529_cp1_cp1p5_YPP_QPP,1.0002765486725662,5.571236233465203e-05,0.0008038044195854847
AG_V_SELF_GAIN_7_4_1_N_RAW of 1103959_69_1133529_cp1p5,1.0002765486725664,0.05163541636498719,0.0008055489752204358
AG_V_SELF_TEST_GAIN_12_2_1_VSS of 1103959_69_1133529_cp1p5,1.0002765486725664,0.019299726857239536,0.0008079446561715936
ZB_V_V0RA_P3MA of 1103959_69_1133592_RPP,1.0002765486725664,0.06663290511220132,0.0008147610582528788
AG_V_SELF_TEST_GAIN_5_8_1_RAW of 1103959_69_1133529_cp1_cp1p5_YPP_QPP_RPP,1.0002765486725664,0.10555276922730117,0.0008154377518314339
Ro_T_REFOSC_HV of 1103959_69_1133529_cp1_cp1p5_YPP_QPP_RPP,1.0002765486725662,0.035341984203864404,0.0008207988105774595
HH_CONT_SH_PTEN of 1103959_69_1133529_cp1p5,1.0002765486725664,0.022812966071104793,0.0008222954124699505
Zb_I_OBSHORT of 1103959_69_1133529_cp1p5,1.0002765486725664,0.08773497248794784,0.0008228490489165212
ZB_V_V0FVBI00_M_VSS of 1103959_69_1133529_cp1p5,1.0002765486725664,0.020371824819026003,0.0008248085724048572
AC_V_AFE_CLN_5_8_8_VSS of 1103959_69_1133529_cp1p5,1.0002765486725662,0.011493476962608355,0.0008289176110512766
AG_V_SELF_GAIN_7_4_1_N_VSS of 1103959_69_1133529_cp1,1.0002765486725664,0.08804705692300803,0.0008309740889700075
AG_V_SELF_TEST_GAIN_8_2_1_VSS of 1103959_69_1133529_cp1,1.0002765486725664,0.06340641253954875,0.0008318149775894475
Zb_V_OBVOL_L of 1103959_69_1133529_cp1p5,1.0002765486725664,0.029996773396883277,0.000833111150030237
Gb_I_GBIAS_0 of 1103959_69_1133529_cp1_cp1p5_YPP_QPP_RPP,1.0002765486725667,0.11698203422197648,0.0008345520807377816
Df_V_VR1V2D_M of 1103959_69_1133529_cp1,1.0002765486725664,0.011277031207223329,0.0008347990691738291
AG_V_SELF_TEST_GAIN_6_1_4_RAW of 1103959_69_1133529_cp1_cp1p5_YPP,1.0002765486725667,0.08986954599314136,0.0008354954438665454
AC_V_GAIN_AFE_CN_FG_SA of 1103959_69_1133529_cp1_cp1p5_YPP_QPP_RPP,1.0002765486725662,0.1138501637160684,0.0008363424849250195
AC_V_GAIN_AFE_CLN_5_8_8_RAW of 1103959_69_JPP,1.0002765486725662,0.027844447389982693,0.0008366998893786433
Zb_V_OBVOH of 1103959_69_1133529_cp1,1.0002765486725664,0.06312454074465676,0.0008382231905313318
Zb_V_OBVOH_H of 1103959_69_1133592_QPP,1.0002765486725664,0.03065970684791898,0.0008394466517036127
ROW of 1103959_69_1133529_cp1_cp1p5_YPP,1.0002765486725667,0.04401284857433568,0.0008399277625813095
HH_CONT_SH_OUT of 1103959_69_1133529_cp1_cp1p5_YPP,1.0002765486725664,0.018511688184574628,0.0008422405399524087
Zb_I_OBSHORTL of 1103959_69_1133592_QPP,1.0002765486725664,0.1394205709714796,0.0008427066012950991
VV_V_3V3_2M of 1103959_69_1133529_cp1,1.0002765486725664,0.014739428355544561,0.0008442688262817779
KK_LK_PTEN_HI of 1103959_69_JPP,1.0002765486725664,0.0571229164655109,0.0008523747157131289
Zb_V_OBVOH_VSS_H of 1103959_69_1133529_cp1_cp1p5_YPP,1.0002765486725664,0.029245410243519003,0.0008537037056502217
VV_V_3V3_M15M of 1103959_69_1133529_cp1_cp1p5_YPP_QPP_RPP,1.0002765486725667,0.056091652513941104,0.0008540868812837619
Dt_V_VR1V2DRA_M_OUT of 1103959_69_1133592_RPP,1.0002765486725662,0.08417399610572646,0.0008558216365495594
Zb_V_OBVOL_H_RAW of 1103959_69_1133592_QPP,1.0002765486725664,0.0016420164669621847,0.0008565909350573744
KK_LK_OUT_LO of 1103959_69_1133529_cp1_cp1p5_YPP,1.0002765486725662,0.027987809275373775,0.0008578668321342745
Sb_I_SCALBIAS_0_HV of 1103959_69_1133529_cp1_cp1p5_YPP_QPP_RPP,1.0002765486725662,0.10896664683186663,0.0008600620639065122
AG_V_SELF_TEST_GAIN_6_4_1_VSS of 1103959_69_1133529_cp1p5,1.000276548672567,0.020483159996770712,0.0008601194550262504
AG_V_SELF_GAIN_9_1_2_N_VSS of 1103959_69_JPP,1.0002765486725664,0.06986259325070168,0.0008607581186642248
AG_V_SELF_TEST_GAIN_5_1_8_RAW of 1103959_69_1133592_QPP,1.0002765486725662,0.10575607811767707,0.0008631867788495922
Gb_I_GBIAS_0 of 1103959_69_1133592_QPP,1.0002765486725667,0.12164395561836464,0.0008638460095061656
Sb_I_SCALBIAS_0_HV of 1103959_69_1133592_QPP,1.0002765486725664,0.1015286488535069,0.0008653617627096211
Df_V_VR1V2D_M of 1103959_69_1133529_cp1_cp1p5_YPP_QPP_RPP,1.0002765486725664,0.04523865542547835,0.0008657406295429136
AG_V_SELF_TEST_GAIN_12_2_1_2C of 1103959_69_1133529_cp1_cp1p5_YPP,1.0002765486725662,0.0909259612029814,0.0008671134692102019
AC_SENSE_CAL of 1103959_69_1133592_QPP,1.0002765486725664,0.0003585760223767772,0.0008671426985208596
AG_V_SELF_TEST_GAIN_5_1_8_2C of 1103959_69_JPP,1.0002765486725667,0.0958117915531743,0.0008672675668258292
HH_CONT_CR_APMU of 1103959_69_1133529_cp1p5,1.0002765486725664,0.020658965774422652,0.000867513143657618
AG_V_SELF_TEST_GAIN_7_4_1_VSS of 1103959_69_1133529_cp1p5,1.0002765486725662,0.026395782546869764,0.0008683362855276372
AC_V_GAIN_AFE_CRP_5_8_8 of 1103959_69_1133529_cp1_cp1p5_YPP_QPP,1.0002765486725664,0.03665470962282936,0.0008688566435794289
AC_V_AFE_CLP_5_8_8_VSS of 1103959_69_1133529_cp1_cp1p5_YPP_QPP,1.0002765486725664,0.09000644160981679,0.000869697450253192
ZB_V_V0RA_N3MA of 1103959_69_1133529_cp1_cp1p5_YPP_QPP,1.0002765486725664,0.018006929108630155,0.000870239896623483
AG_V_SELF_TEST_GAIN_11_2_1_RAW of 1103959_69_1133592_QPP,1.0002765486725664,0.08385608767476016,0.0008709145880590385
Gb_I_GBIAS_0 of 1103959_69_JPP,1.0002765486725664,0.10776884152863937,0.0008720034588182654
AG_V_SELF_TEST_GA_5_1_8_2C_VSS of 1103959_69_1133529_cp1,1.0002765486725664,0.06728337458986362,0.0008732709856696701
Df_V_VR1V2D_M of 1103959_69_1133529_cp1_cp1p5_YPP,1.0002765486725664,0.03457973808875092,0.0008801697721678326
AI_F_SAFE of 1103959_69_JPP,1.0002765486725667,0.08449618541537539,0.0008812869194418064
AC_VOUTB0 of 1103959_69_1133592_QPP,1.0002765486725662,0.0013668705294069868,0.0008822402350291152
AG_V_SELF_GAIN_9_1_2_N_RAW of 1103959_69_1133529_cp1_cp1p5_YPP,1.0002765486725662,0.01251427405400705,0.0008822761744209032
IO_ISUPFM_PRE of 1103959_69_1133592_QPP,1.0002765486725667,0.023161875399060193,0.0008850462172144588
KK_LK_OUT_HI of 1103959_69_1133529_cp1p5,1.0002765486725667,0.010345117591870606,0.0008853753966438116
Zb_V_OBVOL_H of 1103959_69_1133529_cp1_cp1p5_YPP_QPP_RPP,1.0002765486725664,0.003829535108823701,0.000885948072939054
EEPROM_SET_T4__,1.0002765486725658,0.051925828221185646,0.0008861815462177539
Zb_V_OBVOH_VSS of 1103959_69_1133529_cp1,1.0002765486725664,0.05851319061486795,0.0008908318570707574
Zb_V_OBVOL_L_RAW of 1103959_69_1133592_QPP,1.0002765486725664,0.0026617839296617296,0.0008910860602596684
TR_TEMP_CALC of 1103959_69_JPP,1.0002765486725664,0.024737037424054788,0.0008925034070503088
AG_V_SELF_TEST_GAIN_7_4_1 of 1103959_69_1133529_cp1,1.0002765486725667,0.1003443482763468,0.0008925791007820631
AC_SENSE_CRN of 1103959_69_1133592_QPP,1.0002765486725664,0.11829668568726982,0.0008989986335304785
AG_V_SELF_GAIN_12_2_1_2C_VSS of 1103959_69_1133529_cp1_cp1p5_YPP,1.0002765486725662,0.022095319359473776,0.0009000360604347334
Df_V_VR1V2D_OUT of 1103959_69_1133592_QPP,1.0002765486725662,0.03340054605166135,0.0009009586822591058
Zb_V_OBVOL_VSS_L of 1103959_69_1133529_cp1p5,1.0002765486725662,0.02603006138017836,0.0009027055601589509
VV_V_3V3_2M of 1103959_69_1133529_cp1_cp1p5_YPP_QPP_RPP,1.0002765486725664,0.030807783707984673,0.0009075634037340741
COL of 1103959_69_1133529_cp1,1.0002765486725664,0.052351299826831725,0.0009099624026138192
AC_SENSE_CRN of 1103959_69_1133529_cp1,1.0002765486725667,0.12059111144900055,0.0009111073819962973
Dt_V_VR1V2DRA_M of 1103959_69_1133529_cp1_cp1p5_YPP_QPP,1.0002765486725664,0.034533212135670406,0.0009117599244167919
KK_LK_OUT_HI of 1103959_69_1133529_cp1_cp1p5_YPP,1.0002765486725667,0.049132829122736074,0.0009155403465106526
AC_SENSE_CN_FG_SA of 1103959_69_1133529_cp1p5,1.0002765486725664,0.12134521072054322,0.0009164106317306416
AC_TRIALS of 1103959_69_JPP,1.0002765486725669,0.13574961005404085,0.0009169160850097027
KK_LK_CR_APMU_HI of 1103959_69_1133529_cp1p5,1.0002765486725662,0.011364838866729482,0.000917196528725877
HH_CONT_VSS_APMU of 1103959_69_1133529_cp1_cp1p5_YPP_QPP_RPP,1.0002765486725664,0.025020728240638928,0.0009174353359110729
VV_V_3V3_UL of 1103959_69_1133529_cp1_cp1p5_YPP_QPP_RPP,1.0002765486725664,0.04706354560689972,0.0009180502267307698
AG_V_SELF_GAIN_12_2_1_2C_RAW of 1103959_69_1133529_cp1_cp1p5_YPP,1.0002765486725664,0.0813258894483013,0.0009213114238934931
KK_LK_CL_APMU_LO of 1103959_69_1133529_cp1,1.0002765486725664,0.0027504706883236087,0.0009220425346179544
HH_CONT_CR of 1103959_69_1133529_cp1_cp1p5_YPP_QPP_RPP,1.0002765486725664,0.08427684463273463,0.0009251287691549951
IO_ISUPFM_PRE of 1103959_69_1133529_cp1_cp1p5_YPP,1.0002765486725664,0.02371737387643439,0.0009280307690390443
OV_V_OB_VOUT of 1103959_69_1133529_cp1p5,1.0002765486725664,0.029801038995189724,0.0009293345077536437
HH_CONT_SH_VINT of 1103959_69_1133592_QPP,1.0002765486725662,0.03129797965198236,0.0009293542201903143
Gb_I_GBIAS_0 2 of 1103959_69_1133529_cp1_cp1p5_YPP_QPP_RPP,1.0002765486725667,0.11698203422197648,0.0009317691207218332
AG_V_SELF_TEST_GAIN_10_1_2 of 1103959_69_1133529_cp1_cp1p5_YPP,1.0002765486725664,0.08729972650408463,0.0009364767319847238
Zb_V_OBVOH_RAW of 1103959_69_JPP,1.0002765486725664,0.05006206167706642,0.0009392540650351322
AC_V_AFE_CRN_5_8_8_I0_RAW of 1103959_69_JPP,1.0002765486725664,0.06997872077432175,0.0009404113602681916
HH_CONT_VSS_APMU of 1103959_69_1133529_cp1_cp1p5_YPP,1.0002765486725662,0.017133620968579136,0.0009434319802021431
AC_VOFF_TGT of 1103959_69_1133529_cp1,1.0002765486725664,0.0012381044752706079,0.0009474920846147088
HH_CONT_CR_APMU of 1103959_69_1133529_cp1_cp1p5_YPP,1.0002765486725664,0.020599663529415443,0.0009478886457105593
AG_V_SELF_TEST_GAIN_7_4_1_VSS of 1103959_69_1133529_cp1_cp1p5_YPP,1.0002765486725662,0.021223489913385185,0.0009486153714131282
ZB_V_V0FVBI00_M_RAW of 1103959_69_1133529_cp1_cp1p5_YPP,1.0002765486725664,0.03189725082831743,0.000951871506578013
Sb_I_SCALBIAS_0_LV of 1103959_69_JPP,1.0002765486725664,0.060121184451194944,0.0009520666152439621
ROW of 1103959_69_JPP,1.0002765486725662,0.05017152120414913,0.0009521886971301601
Sb_I_SCALBIAS_0_HV of 1103959_69_JPP,1.0002765486725664,0.05953300677171549,0.0009564036593567616
HH_CONT_CL_APMU of 1103959_69_1133529_cp1_cp1p5_YPP_QPP_RPP,1.0002765486725664,0.027589609233560082,0.0009589884366648977
AG_V_SELF_TEST_GAIN_12_2_1_VSS of 1103959_69_1133529_cp1_cp1p5_YPP,1.0002765486725662,0.027833465570372768,0.0009616111124420695
KK_LK_CM_LO of 1103959_69_JPP,1.0002765486725667,0.0367114378036145,0.0009646956471663395
AC_V_AFE_CLN_5_8_8_I0_RAW of 1103959_69_JPP,1.0002765486725662,0.02056561556559366,0.0009696701069095004
HH_CONT_SH_VINT of 1103959_69_JPP,1.0002765486725664,0.055522563426649636,0.0009752315138648408
AG_V_SELF_TEST_GAIN_9_1_2_RAW of 1103959_69_1133529_cp1,1.0002765486725664,0.06739634790303943,0.0009755041983794813
HH_CONT_SH_PTEN of 1103959_69_JPP,1.0002765486725662,0.10450249322594009,0.0009761258397775006
Ro_T_REFOSC_HV of 1103959_69_1133529_cp1p5,1.0002765486725664,0.016445991281619894,0.0009764692049553192
KC_COIL_CL of 1103959_69_JPP,1.0002765486725667,0.02212736972388753,0.0009780199424699
HH_CONT_CR_APMU of 1103959_69_JPP,1.0002765486725664,0.022932430912838024,0.0009812820110002693
EEPROM_S2__,1.0002765486725664,0.02882428577552096,0.0009870994786308398
AG_V_SELF_GAIN_7_4_1_N_RAW of 1103959_69_1133529_cp1,1.0002765486725662,0.014930253562191393,0.0009906765537328224
AG_V_SELF_TEST_GAIN_5_1_8_RAW of 1103959_69_1133529_cp1_cp1p5_YPP_QPP_RPP,1.0002765486725662,0.10626718811783205,0.0009913356989087565
AG_V_SELF_TEST_GAIN_6_4_1_RAW of 1103959_69_1133529_cp1,1.0002765486725664,0.07384772316928581,0.0009940383809575347
Zb_V_OBVOH_L_RAW of 1103959_69_JPP,1.0002765486725664,0.04807651206458453,0.0009950992872019026
EEPROM_SET_T0__,1.0002765486725664,0.1175238419275575,0.0009960598112333733
AC_SENSE_CLP of 1103959_69_1133529_cp1_cp1p5_YPP_QPP,1.0002765486725664,0.09323844804254637,0.0009968054341444193
Dt_V_VR1V2DRA_M_OUT_DIG of 1103959_69_1133529_cp1_cp1p5_YPP_QPP,1.0002765486725664,0.06159413498096103,0.0010002019411465173
TR_TEMP_REG11 of 1103959_69_1133529_cp1_cp1p5_YPP,1.0002765486725667,0.017842575034278392,0.001006248213700779
Dr_V_VR1V2DRA_OUT of 1103959_69_1133529_cp1_cp1p5_YPP_QPP,1.0002765486725662,0.03300342669491028,0.0010065357869989005
TR_TEMP_REG42 of 1103959_69_1133592_QPP,1.0002765486725664,0.03125364523245871,0.0010065891136416176
AC_VOUTB0_PRE of 1103959_69_1133529_cp1_cp1p5_YPP_QPP_RPP,1.0002765486725664,0.0013473622504414982,0.0010093239027814157
AI_V_V0FVUNI_SELF of 1103959_69_1133592_QPP,1.0002765486725664,0.033034104464364195,0.00100989553847335
HH_CONT_OUT of 1103959_69_1133529_cp1,1.0002765486725664,0.008590761465366168,0.0010134558335692094
VV_VSS of 1103959_69_1133529_cp1,1.0002765486725664,0.054011440604202786,0.0010144689374096635
ROW of 1103959_69_1133529_cp1,1.0002765486725667,0.04401284857433568,0.001021085046199843
KK_LK_PTEN_LO of 1103959_69_1133529_cp1,1.0002765486725667,0.00563709359068245,0.0010224836737134527
AG_V_SELF_TEST_GAIN_8_2_1 of 1103959_69_JPP,1.0002765486725664,0.07696625282610656,0.001022783750126862
AG_V_SELF_TEST_GAIN_5_1_8_RAW of 1103959_69_1133529_cp1,1.0002765486725662,0.10119661405948899,0.0010242022495338945
AG_V_SELF_TEST_GAIN_12_2_1 of 1103959_69_1133592_QPP,1.0002765486725664,0.09659170021940557,0.0010261878385944647
COL of 1103959_69_1133529_cp1_cp1p5_YPP_QPP_RPP,1.0002765486725664,0.052351299826831725,0.0010271873108842345
Ro_T_REFOSC_HV of 1103959_69_1133592_QPP,1.0002765486725664,0.04836263796965651,0.00102766719433256
Zb_V_OBVOH of 1103959_69_JPP,1.0002765486725667,0.061610445962158714,0.0010351959496656547
AG_V_SELF_GAIN_12_2_1_2C_RAW of 1103959_69_1133592_QPP,1.0002765486725662,0.08668340776645231,0.001037621295301394
EEPROM_SET_T1__,1.0002765486725664,0.1175238419275575,0.001038666277410081
Gb_I_GBIAS_0_LV of 1103959_69_JPP,1.0002765486725664,0.012093172357873154,0.0010405436293242658
AC_V_GAIN_AFE_CLN_5_8_8 of 1103959_69_1133529_cp1p5,1.0002765486725664,0.06014061330663274,0.0010424123221949681
Df_V_VR1V2D_M of 1103959_69_1133529_cp1p5,1.0002765486725664,0.0071957766159863375,0.0010426612508991986
AG_V_SELF_TEST_GAIN_6_1_4 of 1103959_69_1133529_cp1p5,1.0002765486725664,0.08967902160244932,0.001050093618889408
AG_V_SELF_TEST_GAIN_6_1_4 of 1103959_69_JPP,1.0002765486725664,0.0914047010098719,0.0010512938756906433
AG_V_SELF_TEST_GAIN_5_8_1 of 1103959_69_JPP,1.0002765486725667,0.09577741710552087,0.00105350721773469
AC_VOFF_TGT_PRE_TM of 1103959_69_1133529_cp1_cp1p5_YPP_QPP_RPP,1.000276548672566,0.0043552316422481654,0.0010539532874643083
EEPROM_V0__,1.0002765486725664,0.02757302946589718,0.001053975303908742
AG_V_SELF_TEST_GAIN_12_2_1_2C of 1103959_69_1133529_cp1_cp1p5_YPP_QPP_RPP,1.000276548672566,0.09847923674034882,0.0010559864193998491
AC_V_AFE_CRN_5_8_8_VSS of 1103959_69_1133529_cp1,1.0002765486725664,0.05345164527216457,0.0010567710399146909
KK_LK_VSS_APMU_LO of 1103959_69_1133529_cp1p5,1.0002765486725667,0.023984703178553907,0.0010582262854532205
Zb_V_OBVOL of 1103959_69_1133529_cp1p5,1.0002765486725662,0.031192163848629845,0.001060187127050036
AG_V_SELF_TEST_GA_5_1_8_2C_RAW of 1103959_69_JPP,1.0002765486725664,0.1093240411303198,0.0010608032521908564
AC_VOUTB0_PRE of 1103959_69_1133529_cp1,1.0002765486725664,0.05730022051437033,0.001061485734568167
AG_V_SELF_TEST_GAIN_9_1_2 of 1103959_69_JPP,1.0002765486725664,0.08212356207909549,0.0010633745180799775
HH_CONT_SH_VSS_APMU of 1103959_69_1133592_QPP,1.0002765486725662,0.030371119128671988,0.001063496408322375
AG_V_SELF_TEST_GAIN_5_1_8_2C of 1103959_69_1133529_cp1p5,1.0002765486725664,0.095344120154791,0.0010635865831629177
Zb_V_OBVOL_VSS_H of 1103959_69_1133529_cp1p5,1.0002765486725662,0.028197134293749045,0.0010680068785635123
AG_V_SELF_TEST_GAIN_6_4_1_RAW of 1103959_69_1133529_cp1_cp1p5_YPP,1.0002765486725662,0.09079052215657966,0.0010688311319010297
OV_V_OB_VOUT_DIG of 1103959_69_1133529_cp1_cp1p5_YPP,1.0002765486725664,0.041454338150916065,0.0010690706912053999
HH_CONT_CL of 1103959_69_1133529_cp1_cp1p5_YPP,1.0002765486725664,0.10520594740436251,0.001073154197028408
Zb_V_OBVOH_L of 1103959_69_JPP,1.0002765486725664,0.05932943073386997,0.001080778189665904
AG_V_SELF_TEST_GAIN_6_1_4_RAW of 1103959_69_1133592_QPP,1.0002765486725664,0.08604526515116562,0.0010814612601012373
Gb_I_GBIAS_0_LV of 1103959_69_1133529_cp1,1.0002765486725664,0.06845382047593469,0.0010898766096818654
EEPROM_V4__,1.0002765486725667,0.05175913139690507,0.0010902953731192356
HH_CONT_CR_APMU of 1103959_69_1133529_cp1,1.0002765486725662,0.02622874627269972,0.0010959043733963108
ZB_V_V0FVBIFF_M_RAW of 1103959_69_1133529_cp1_cp1p5_YPP,1.0002765486725662,0.025639901135718162,0.0010959750320025604
AG_V_SELF_TEST_GAIN_8_2_1 of 1103959_69_1133529_cp1_cp1p5_YPP_QPP_RPP,1.0002765486725662,0.08048945457752509,0.0010974719564033994
AC_SENSE_CRP of 1103959_69_1133592_RPP,1.0002765486725667,0.08926280567615506,0.0010999973283738883
AG_V_SELF_TEST_GAIN_5_8_1 of 1103959_69_1133592_QPP,1.0002765486725664,0.09893966074356911,0.0011000005491499827
AC_V_AFE_CLP_5_8_8_I0 of 1103959_69_1133529_cp1_cp1p5_YPP_QPP,1.0002765486725664,0.01899703456154011,0.0011000809405136503
KK_LK_CM_HI of 1103959_69_JPP,1.0002765486725664,0.0554243328674412,0.0011012980766234842
Zb_V_OBVOH_L_RAW of 1103959_69_1133529_cp1,1.0002765486725664,0.04453674137368264,0.0011015453755415312
VV_V_3V3_UL of 1103959_69_1133592_QPP,1.0002765486725664,0.02852382083610305,0.0011036217075559177
AG_V_SELF_TEST_GAIN_6_4_1 of 1103959_69_1133529_cp1_cp1p5_YPP,1.0002765486725662,0.09414502972311337,0.0011068381184580237
Sb_I_SCALBIAS_0_LV of 1103959_69_1133592_QPP,1.0002765486725664,0.0923001017531135,0.0011069064384720954
AG_V_SELF_TEST_GAIN_7_4_1 of 1103959_69_1133529_cp1_cp1p5_YPP_QPP_RPP,1.0002765486725664,0.10232985125002897,0.0011097626477235567
AC_V_GAIN_AFE_CRN_5_8_8 of 1103959_69_1133529_cp1p5,1.0002765486725664,0.08899977794950628,0.0011109431695323824
ZB_V_V0FVBI_UL_RAW of 1103959_69_1133529_cp1_cp1p5_YPP,1.0002765486725667,0.029115529401262483,0.0011116282548141684
AC_V_AFE_CN_FG_SA_I0 of 1103959_69_1133529_cp1_cp1p5_YPP,1.0002765486725664,0.11366908953522556,0.0011159749901117025
AG_V_SELF_TEST_GAIN_5_8_1_RAW of 1103959_69_1133529_cp1_cp1p5_YPP,1.000276548672566,0.09313833212472135,0.0011232420674894374
AG_V_SELF_TEST_GAIN_6_1_4 of 1103959_69_1133529_cp1_cp1p5_YPP,1.0002765486725664,0.09342220397584682,0.0011236048126788167
Zb_V_OBVOH_L of 1103959_69_1133529_cp1,1.0002765486725664,0.05647842008720932,0.0011241431922204559
HH_CONT_SH_PTEN of 1103959_69_1133592_QPP,1.0002765486725664,0.07616014277762388,0.0011278077824381468
HH_CONT_SH_VINT of 1103959_69_1133529_cp1p5,1.0002765486725667,0.03809785519292155,0.0011305001502079745
AC_V_AFE_CRN_5_8_8_I0_RAW of 1103959_69_1133529_cp1p5,1.0002765486725662,0.032854652667762635,0.001136684289255809
Zb_V_ILOUT_VSS of 1103959_69_1133529_cp1,1.0002765486725662,0.05879288322570146,0.0011417279563153081
AC_V_AFE_CRN_5_8_8_I0 of 1103959_69_1133592_QPP,1.0002765486725664,0.001354104835535082,0.0011432097679040922
OV_V_OBVOFF of 1103959_69_1133529_cp1p5,1.0002765486725664,0.0023702159074309326,0.0011432991558525166
Ro_T_REFOSC_LV of 1103959_69_1133529_cp1_cp1p5_YPP,1.0002765486725667,0.01792327971626793,0.0011477199081401251
Sb_I_SCALBIAS_0_HV of 1103959_69_1133529_cp1_cp1p5_YPP,1.0002765486725662,0.08965648726653216,0.0011495060208912636
Zb_I_OBSHORTL of 1103959_69_JPP,1.0002765486725667,0.10039409701949285,0.0011533935948677754
ZB_V_V0RA_N3MA_RAW of 1103959_69_1133529_cp1_cp1p5_YPP_QPP,1.0002765486725664,0.003433609698728025,0.0011541669383746543
AC_V_AFE_CN_5_8_8_I0 YPP,1.0002765486725664,0.005656778804152931,0.0011565041471514866
AC_V_AFE_CRP_5_8_8_VSS of 1103959_69_1133529_cp1_cp1p5_YPP_QPP,1.0002765486725662,0.08883474637193059,0.0011588314692996655
Gb_I_GBIAS_0_HV of 1103959_69_JPP,1.0002765486725664,0.012722928601758913,0.0011664224072846826
IO_ISUPFM of 1103959_69_1133592_QPP,1.0002765486725664,0.08908504329118737,0.0011668481411848221
HH_CONT_SH_OUT of 1103959_69_1133592_QPP,1.0002765486725662,0.010030458904339193,0.00116697099332402
AC_V_AFE_CRP_5_8_8_I0_VSS of 1103959_69_1133529_cp1_cp1p5_YPP_QPP,1.0002765486725664,0.08737166811980752,0.0011726989145866714
AG_V_SELF_TEST_GAIN_11_2_1_VSS of 1103959_69_1133529_cp1p5,1.0002765486725662,0.024263618930096847,0.0011760141046246633
Zb_V_OBVOH_H_RAW of 1103959_69_JPP,1.0002765486725664,0.05062636400073366,0.001176419066651793
AC_V_AFE_CLP_5_8_8_I0_RAW of 1103959_69_1133529_cp1_cp1p5_YPP_QPP,1.0002765486725667,0.05806220097941382,0.001177629561531793
AG_V_SELF_TEST_GAIN_5_1_8 of 1103959_69_1133529_cp1p5,1.0002765486725662,0.10123411396257115,0.0011805093999553557
HH_CONT_SH_OUT_APMU of 1103959_69_1133529_cp1,1.0002765486725662,0.019334085922681314,0.0011835187785279372
AC_SENSE_CLN of 1103959_69_1133529_cp1_cp1p5_YPP_QPP_RPP,1.0002765486725662,0.12091871379259177,0.0011856360688976258
IO_ISUPFM of 1103959_69_1133529_cp1_cp1p5_YPP_QPP_RPP,1.0002765486725662,0.10351388685386205,0.0011870508829513583
HH_CONT_VINT of 1103959_69_1133529_cp1_cp1p5_YPP_QPP_RPP,1.0002765486725664,0.08585469860425927,0.0011877857201478186
AC_OFFCALRES of 1103959_69_1133529_cp1,1.0002765486725664,0.0010544937531157235,0.0011894308037042267
AC_V_AFE_CLN_5_8_8_I0 of 1103959_69_JPP,1.0002765486725662,0.003327922670132689,0.0011972816527682096
AG_V_SELF_TEST_GAIN_10_1_2 of 1103959_69_JPP,1.0002765486725664,0.08515195720788209,0.001200380636550976
AC_V_GAIN_AFE_CLN_5_8_8_RAW of 1103959_69_1133529_cp1_cp1p5_YPP_QPP_RPP,1.0002765486725664,0.10646588260797346,0.0012014979908359263
Gb_I_GBIAS_0 2 of 1103959_69_1133529_cp1,1.0002765486725662,0.1241714708274578,0.001207017903129796
TR_TEMP_CALC of 1103959_69_1133529_cp1p5,1.0002765486725664,0.016929097654580543,0.0012109196099176274
VV_V_3V3_M20M of 1103959_69_JPP,1.0002765486725664,0.02120514746691603,0.001210956055370352
AC_V_AFE_CLN_5_8_8_I0_RAW of 1103959_69_1133529_cp1_cp1p5_YPP_QPP_RPP,1.0002765486725664,0.036586091629309064,0.0012191271794198884
HH_CONT_SH_OUT of 1103959_69_JPP,1.0002765486725664,0.020446287188605156,0.0012199934021775117
HH_CONT_OUT_APMU of 1103959_69_1133529_cp1_cp1p5_YPP,1.0002765486725662,0.024521001427005272,0.0012217795235611414
AG_V_SELF_TEST_GAIN_7_4_1 of 1103959_69_1133529_cp1p5,1.0002765486725667,0.09572545253995572,0.00122211428624749
Zb_V_OBVOL_VSS of 1103959_69_1133529_cp1,1.0002765486725664,0.05929857644113873,0.001223855110432034
Zb_V_OBVOL_L_RAW of 1103959_69_1133529_cp1p5,1.0002765486725664,0.0250932132246174,0.0012247118029946546
AC_V_AFE_CLP_5_8_8_I0_VSS of 1103959_69_1133529_cp1_cp1p5_YPP_QPP,1.0002765486725667,0.08810677505439782,0.001232033512625543
HH_CONT_CL_APMU of 1103959_69_1133592_QPP,1.0002765486725664,0.00440481538511522,0.0012325303052826608
HH_CONT_CR_APMU of 1103959_69_1133529_cp1_cp1p5_YPP_QPP_RPP,1.0002765486725664,0.027234861316583068,0.0012389947126682048
AG_V_SELF_TEST_GAIN_5_1_8 of 1103959_69_JPP,1.0002765486725662,0.09629088057816164,0.0012401332990082078
Gb_I_GBIAS_0 2 of 1103959_69_JPP,1.0002765486725664,0.10776884152863937,0.0012436442189397838
VV_V_3V3_M20M of 1103959_69_1133529_cp1_cp1p5_YPP,1.0002765486725662,0.03730962093668671,0.0012450597527175384
AG_V_SELF_TEST_GAIN_12_2_1_RAW of 1103959_69_1133529_cp1_cp1p5_YPP_QPP_RPP,1.0002765486725664,0.09300038907150833,0.0012460071942497492
AG_V_SELF_TEST_GAIN_11_2_1 of 1103959_69_1133529_cp1_cp1p5_YPP,1.0002765486725664,0.09067645327642909,0.001246850809775401
TR_TEMP_CALC of 1103959_69_1133529_cp1_cp1p5_YPP,1.0002765486725664,0.01946903602700886,0.0012488303199550638
AC_SENSE_CRN of 1103959_69_JPP,1.0002765486725664,0.12816670449774517,0.001253212031362017
AC_V_GAIN_AFE_CRN_5_8_8_RAW of 1103959_69_1133529_cp1p5,1.0002765486725664,0.08876248246073193,0.0012557507442253234
Gb_I_GBIAS_0_HV of 1103959_69_1133529_cp1_cp1p5_YPP_QPP_RPP,1.0002765486725664,0.07397455337377555,0.0012605296057846638
AG_V_SELF_GAIN_9_1_2_N_VSS of 1103959_69_1133529_cp1,1.0002765486725662,0.09059076704856436,0.0012665884291573814
HH_CONT_CL of 1103959_69_1133529_cp1p5,1.0002765486725662,0.10267540133258382,0.0012666384709386432
HH_CONT_PTEN of 1103959_69_1133592_QPP,1.0002765486725664,0.015941802906851165,0.0012667016331354473
SensorOffset YPP,1.0002765486725662,0.03598878985049716,0.0012676491446928743
Zb_I_OBSHORTL of 1103959_69_1133529_cp1_cp1p5_YPP_QPP_RPP,1.0002765486725664,0.1331067862790458,0.0012717508231455134
AC_VOUTB0 of 1103959_69_1133529_cp1p5,1.0002765486725664,0.01703763178603889,0.0012745039367126146
Gb_I_GBIAS_0 of 1103959_69_1133529_cp1,1.0002765486725662,0.11463267487345664,0.0012745998151730041
AC_V_AFE_CLN_5_8_8_I0_RAW of 1103959_69_1133529_cp1,1.0002765486725664,0.005824554737341131,0.0012754085197583301
AG_V_SELF_GAIN_12_2_1_2C_VSS of 1103959_69_1133529_cp1p5,1.0002765486725664,0.02382489940300325,0.0012778922873846348
AG_V_SELF_TEST_GAIN_12_2_1 of 1103959_69_1133529_cp1_cp1p5_YPP_QPP_RPP,1.0002765486725662,0.09746435755281509,0.0012779861677991533
AC_SENSE_CRP of 1103959_69_1133529_cp1_cp1p5_YPP_QPP,1.0002765486725664,0.09700590106180922,0.001279921024330827
AG_V_SELF_TEST_GAIN_5_1_8_RAW of 1103959_69_JPP,1.0002765486725662,0.10927706437278624,0.0012821895828660694
HH_CONT_CL_APMU of 1103959_69_1133529_cp1p5,1.0002765486725664,0.024366393025198718,0.0012846992623739395
HH_CONT_CR of 1103959_69_1133592_QPP,1.0002765486725664,0.032548897921357976,0.0012890065723045452
AG_V_SELF_TEST_GAIN_6_4_1 of 1103959_69_1133529_cp1p5,1.000276548672566,0.0774997464126142,0.0012897419063657228
AC_SENSE_CN_FG_SA of 1103959_69_1133529_cp1,1.0002765486725662,0.04667041245393942,0.0012930706207592924
HH_CONT_CM of 1103959_69_1133592_QPP,1.0002765486725667,0.03323026830858926,0.0013022266299334022
Zb_V_OBVOH_L of 1103959_69_1133529_cp1_cp1p5_YPP,1.0002765486725667,0.03577718350670964,0.0013038362790733964
KK_LK_CM_LO of 1103959_69_1133592_QPP,1.0002765486725662,0.01345633854851666,0.001307702833582325
EEPROM_S1__,1.0002765486725662,0.019696012800939706,0.0013137426825154499
Dt_V_VR1V2DRA_M_OUT_RAW of 1103959_69_1133529_cp1_cp1p5_YPP_QPP,1.0002765486725664,0.06154867666165465,0.001322806966396994
AG_V_SELF_TEST_GAIN_5_8_1_RAW of 1103959_69_1133529_cp1p5,1.0002765486725662,0.09329860685754135,0.0013287287950213983
Df_V_VR1V2D_OUT_RAW of 1103959_69_1133529_cp1_cp1p5_YPP,1.0002765486725662,0.0501704282586547,0.001334448838796959
Dt_V_VR1V2DRA_M_OUT of 1103959_69_1133529_cp1_cp1p5_YPP_QPP,1.0002765486725664,0.0204226451909209,0.0013364105262897242
Zb_V_OBVOH_L_RAW of 1103959_69_1133529_cp1_cp1p5_YPP,1.0002765486725664,0.031162215870335262,0.0013455049351107178
AG_V_SELF_TEST_GAIN_7_4_1_RAW of 1103959_69_1133592_QPP,1.0002765486725662,0.09356743051097971,0.0013477793002240647
HH_CONT_SH_VINT of 1103959_69_1133529_cp1,1.0002765486725664,0.07225855392015273,0.0013548963464281552
Po_T_PTATOSC_HV of 1103959_69_1133529_cp1,1.0002765486725662,0.03636955568657743,0.0013583818918634944
HH_CONT_CR_APMU of 1103959_69_1133592_QPP,1.0002765486725664,0.00029407609861698605,0.0013597828345575244
AC_SENSE_CLP of 1103959_69_1133592_RPP,1.0002765486725667,0.0782225054677354,0.0013607148501501318
Zb_V_OBVOH_L_RAW of 1103959_69_1133592_QPP,1.0002765486725667,0.03143778890155664,0.0013633328840842117
HH_CONT_CL_APMU of 1103959_69_1133529_cp1,1.0002765486725662,0.027780609036155784,0.001368700817536101
HH_CONT_SH_VINT of 1103959_69_1133529_cp1_cp1p5_YPP_QPP_RPP,1.0002765486725662,0.03930056792707443,0.0013722984859700833
HH_CONT_SH_CL of 1103959_69_JPP,1.0002765486725662,0.09262689125501104,0.0013798436517367192
AG_V_SELF_TEST_GAIN_5_8_1_RAW of 1103959_69_JPP,1.0002765486725664,0.10892809605786367,0.00139587741008317
AC_OFFCALRES_PRE of 1103959_69_1133529_cp1,1.0002765486725664,0.021430213079077963,0.0014054283676760222
Zb_V_OBVOH_L_RAW of 1103959_69_1133529_cp1_cp1p5_YPP_QPP_RPP,1.0002765486725662,0.03266667664504621,0.0014245494823762295
Zb_V_OBVOL of 1103959_69_1133529_cp1_cp1p5_YPP,1.0002765486725664,0.034763197152621265,0.001427265608622692
EEPROM_S0__,1.0002765486725662,0.019696012800939706,0.0014330555557466808
AG_V_SELF_TEST_GAIN_5_8_1 of 1103959_69_1133529_cp1p5,1.0002765486725664,0.10044075491751206,0.0014361780815650327
OV_V_OBVOFF of 1103959_69_1133529_cp1_cp1p5_YPP,1.0002765486725664,0.01977801101550112,0.001439506796022453
AC_VOUTB0_PRE of 1103959_69_1133529_cp1p5,1.0002765486725664,0.017653851963612736,0.001443750671966643
EEPROM_SET_V2__,1.0002765486725662,0.005291162256431055,0.0014454286149174983
AC_V_GAIN_AFE_CRN_5_8_8_RAW of 1103959_69_JPP,1.0002765486725664,0.08142189659798049,0.0014620890066385345
TR_TEMP_REG42 of 1103959_69_1133529_cp1_cp1p5_YPP_QPP_RPP,1.0002765486725664,0.023907374574563704,0.0014717630767016935
Gb_I_GBIAS_0_LV of 1103959_69_1133529_cp1_cp1p5_YPP_QPP_RPP,1.0002765486725662,0.08560719256470646,0.0014733764442838343
AC_V_AFE_CLN_5_8_8_I0 of 1103959_69_1133529_cp1_cp1p5_YPP_QPP_RPP,1.0002765486725662,0.014300008849588604,0.0014805407095303603
AC_V_GAIN_AFE_CLN_5_8_8 of 1103959_69_1133529_cp1,1.0002765486725662,0.09364613109604372,0.0014832143272098587
AC_VOFF_TGT_PRE_TM of 1103959_69_1133529_cp1,1.0002765486725664,0.0679551831597199,0.0014922030736613605
Zb_V_OBVOL_L_RAW of 1103959_69_1133529_cp1_cp1p5_YPP,1.0002765486725664,0.03837693354779061,0.0014966115712114845
AC_VOFF_TGT_PRE_TM of 1103959_69_JPP,1.0002765486725664,0.020167835084030437,0.0015017034147265034
SensorOffsetLRdiff RPP,1.0002765486725664,0.021027341666899114,0.0015119749331245506
KK_LK_OUT_HI of 1103959_69_1133529_cp1_cp1p5_YPP_QPP_RPP,1.0002765486725664,0.0020708912372990125,0.0015174803673333897
AC_V_GAIN_AFE_CRN_5_8_8_RAW of 1103959_69_1133529_cp1_cp1p5_YPP,1.0002765486725662,0.09481846060515393,0.0015234668463919366
Gb_I_GBIAS_0_LV of 1103959_69_1133529_cp1p5,1.0002765486725664,0.02616318411835933,0.0015261035612574635
SensorOffserLRdiff CP1,1.0002765486725664,0.0225303147869053,0.0015347589818395868
EEPROM_SET_BK8_B__,1.0002765486725662,0.0583393839203798,0.0015404208659773608
KK_LK_OUT_HI of 1103959_69_1133592_QPP,1.0002765486725664,0.02152304903484038,0.0015504750117469254
HH_CONT_VSS_APMU of 1103959_69_1133592_QPP,1.0002765486725664,0.06520221219730114,0.001557183805486441
HH_CONT_CL of 1103959_69_1133592_QPP,1.0002765486725664,0.03383486809648666,0.0015592428086332298
Dr_V_VR1V2DRA_OUT_DIG of 1103959_69_1133529_cp1_cp1p5_YPP_QPP,1.0002765486725658,0.03419829814864749,0.0015723357973649352
Zb_V_OBVOL_H of 1103959_69_1133529_cp1p5,1.0002765486725664,0.0011592673676594503,0.0015840506789214282
AC_V_AFE_CN_TGT_I0 of 1103959_69_1133529_cp1p5,1.0002765486725664,0.017750457311427045,0.0015857285206680124
SensorOffset CP1p5,1.0002765486725662,0.04427593215811819,0.0015906364961704065
AC_V_GAIN_AFE_CRP_5_8_8 of 1103959_69_1133592_RPP,1.0002765486725664,0.0282386539809562,0.0015926017319238509
Gb_I_GBIAS_0_HV of 1103959_69_1133529_cp1p5,1.0002765486725662,0.03600426164287815,0.0015986918184240691
HH_CONT_VSS_APMU of 1103959_69_1133529_cp1p5,1.0002765486725664,0.015427731416968453,0.0016028625547876226
HH_CONT_SH_PTEN of 1103959_69_1133529_cp1_cp1p5_YPP,1.0002765486725664,0.04918059942925072,0.0016194633853671083
EEPROM_V2__,1.0002765486725667,0.017593036013951697,0.0016300147071356748
HH_CONT_VINT of 1103959_69_1133592_QPP,1.0002765486725664,0.02957135777755013,0.0016317352935212126
AC_V_AFE_CRP_5_8_8_I0 of 1103959_69_1133529_cp1_cp1p5_YPP_QPP,1.0002765486725667,0.01695346722991681,0.0016328951124935452
EEPROM_SET_S1__,1.0002765486725664,0.008008629228220892,0.0016397968704149734
AC_VOFF_TGT_PRE_TM of 1103959_69_1133592_QPP,1.0002765486725667,0.0042107932173729035,0.0016433693893444497
SensorOffset QPP,1.0002765486725664,0.09086134204377552,0.0016436452890637339
TR_TEMP_REG11 of 1103959_69_JPP,1.0002765486725662,0.034770808934200106,0.0016598431791263202
AC_V_AFE_CRN_5_8_8_I0_RAW of 1103959_69_1133529_cp1_cp1p5_YPP,1.0002765486725664,0.036199278988685184,0.001660389314440316
Zb_V_OBVOL_H of 1103959_69_1133529_cp1_cp1p5_YPP,1.0002765486725662,0.013008590495595534,0.0016613669877842139
AC_V_GAIN_AFE_CRN_5_8_8 of 1103959_69_1133529_cp1_cp1p5_YPP_QPP_RPP,1.0002765486725662,0.11974313985366544,0.0016767267890361718
AC_VOUTB0_PRE of 1103959_69_JPP,1.0002765486725662,0.03018113345962883,0.0016896729563495928
AC_VOUTB0 of 1103959_69_1133529_cp1_cp1p5_YPP,1.0002765486725662,0.01668980417579696,0.0016935323507419986
AC_V_AFE_CRP_5_8_8_I0_RAW of 1103959_69_1133592_RPP,1.0002765486725664,0.0018139745330323467,0.0016960638530759064
AC_V_AFE_CRN_5_8_8_I0 of 1103959_69_1133529_cp1p5,1.0002765486725664,0.02915958439625717,0.0017002897075380772
TR_TEMP_REG42 of 1103959_69_1133529_cp1p5,1.0002765486725664,0.025418750191645897,0.0017021847015951704
HH_CONT_SH_CM of 1103959_69_JPP,1.0002765486725667,0.09897354869296969,0.0017067393817459657
AC_V_AFE_CN_5_8_8_I0 JPP,1.0002765486725662,0.03251374812577315,0.0017076240000775571
Dr_V_VR1V2DRA_OUT_RAW of 1103959_69_1133529_cp1_cp1p5_YPP_QPP,1.0002765486725664,0.03365056690567637,0.0017152103839289487
EEPROM_SET_V0__,1.0002765486725664,0.03588862508856148,0.0017191085441512477
Zb_V_OBVOL_L of 1103959_69_1133529_cp1_cp1p5_YPP,1.0002765486725664,0.03153611330682307,0.0017233845770575273
KK_LK_CL_APMU_LO of 1103959_69_1133529_cp1_cp1p5_YPP_QPP_RPP,1.0002765486725664,0.002869187247213409,0.001732162139393719
VV_V_3V3_M20M of 1103959_69_1133529_cp1_cp1p5_YPP_QPP_RPP,1.0002765486725664,0.048430971312335765,0.001736384278578169
HH_CONT_SH_CR of 1103959_69_1133592_QPP,1.0002765486725664,0.07306916215396883,0.0017367421665008438
AC_V_AFE_CLP_5_8_8_I0_RAW of 1103959_69_1133592_RPP,1.0002765486725664,0.02219857357768672,0.0017436790734814008
Dt_V_VR1V2DRA_M of 1103959_69_1133592_RPP,1.0002765486725664,0.08133623052811186,0.0017528347520040315
AC_SENSE_CLN of 1103959_69_1133529_cp1,1.0002765486725664,0.12423664184645329,0.001753915794584855
Gb_I_GBIAS_0_HV of 1103959_69_1133529_cp1,1.0002765486725662,0.06922247696080948,0.0017565470689546389
AG_V_SELF_TEST_GAIN_11_2_1 of 1103959_69_JPP,1.0002765486725664,0.08915627157154966,0.0017688441281270312
Zb_V_OBVOH_H_RAW of 1103959_69_1133529_cp1_cp1p5_YPP,1.0002765486725664,0.033127948416269676,0.0017694497823454742
AC_V_GAIN_AFE_CLN_5_8_8 of 1103959_69_1133529_cp1_cp1p5_YPP_QPP_RPP,1.0002765486725664,0.11057386714506125,0.001790427297810188
AC_V_GAIN_AFE_CRN_5_8_8 of 1103959_69_1133529_cp1_cp1p5_YPP,1.0002765486725664,0.09120999061129316,0.0018023985008063593
Zb_V_OBVOH_H of 1103959_69_1133529_cp1_cp1p5_YPP,1.0002765486725664,0.03800640007236438,0.0018090928460209703
SensorOffset CP1,1.0002765486725664,0.11533340628935783,0.0018394787973735692
AG_V_SELF_TEST_GAIN_6_1_4 of 1103959_69_1133529_cp1_cp1p5_YPP_QPP_RPP,1.0002765486725664,0.09611937982869988,0.0018655301775844853
AC_VOUTB0 of 1103959_69_JPP,1.0002765486725664,0.0371896644289448,0.0019056306697180032
HH_CONT_SH_CL_APMU of 1103959_69_1133529_cp1_cp1p5_YPP,1.0002765486725664,0.06681835770829556,0.0019401639362425557
Zb_I_OBSHORTL of 1103959_69_1133529_cp1_cp1p5_YPP,1.0002765486725664,0.13759356472186265,0.0019572602235046837
Po_T_PTATOSC_LV of 1103959_69_1133592_QPP,1.0002765486725664,0.04984004679993543,0.0020132864886265914
AC_V_GAIN_AFE_CLN_5_8_8_RAW of 1103959_69_1133529_cp1,1.0002765486725667,0.10456721734195022,0.0020607532276942196
TR_TEMP_REG42 of 1103959_69_1133529_cp1,1.0002765486725667,0.024419095332483143,0.0020738847144080243
HH_CONT_VSS_APMU of 1103959_69_JPP,1.0002765486725664,0.003235418464624123,0.0021025454839182075
AC_V_GAIN_AFE_CLP_5_8_8_RAW of 1103959_69_1133592_RPP,1.0002765486725662,0.006835051529172045,0.0021053563099819746
SensorOffsetLRdiff QPP,1.0002765486725664,0.015380532940312415,0.002105392281265843
EEPROM_BANK8_D__,1.0002765486725662,0.0583393839203798,0.002124098764384087
AC_V_AFE_CRN_5_8_8_I0_RAW of 1103959_69_1133529_cp1,1.0002765486725664,0.03957569804452542,0.0021260977060613743
EEPROM_V3__,1.0002765486725662,0.010914304034797678,0.0021402463421980257
Gb_I_GBIAS_0_LV of 1103959_69_1133592_QPP,1.0002765486725664,0.10098174517741065,0.0021468042043927675
TR_TEMP_REG42 of 1103959_69_1133529_cp1_cp1p5_YPP,1.0002765486725667,0.025858613606271195,0.002160610597769984
Zb_V_OBVOH_L of 1103959_69_1133529_cp1_cp1p5_YPP_QPP_RPP,1.0002765486725664,0.033002551017503136,0.0021780074163927983
AC_V_AFE_CN_TGT_I0 of 1103959_69_1133529_cp1_cp1p5_YPP,1.0002765486725662,0.016809877963219755,0.0021868827051757596
AC_OFFCALRES of 1103959_69_1133529_cp1_cp1p5_YPP_QPP_RPP,1.0002765486725664,0.00036835696040999103,0.0022072810346402206
AC_V_GAIN_AFE_CRN_5_8_8_RAW of 1103959_69_1133529_cp1_cp1p5_YPP_QPP_RPP,1.0002765486725667,0.11525044667590653,0.0022109495752410703
AC_SENSE_CAL of 1103959_69_1133529_cp1,1.0002765486725664,0.06298534443346009,0.00223591151715714
AC_V_AFE_CN_TGT_I0 of 1103959_69_JPP,1.0002765486725667,0.029598049782072134,0.002236555173463386
HH_CONT_OUT_APMU of 1103959_69_JPP,1.0002765486725664,0.05380659008148695,0.0022467097885966597
AC_V_GAIN_AFE_CN_FG_SA of 1103959_69_JPP,1.0002765486725662,0.056753712338651785,0.002247018710962301
AC_V_AFE_CN_FG_SA_I0 of 1103959_69_JPP,1.0002765486725664,0.10305808335046272,0.002254486598415597
HH_CONT_OUT of 1103959_69_1133592_QPP,1.0002765486725664,0.06829974350042542,0.0022612019486719895
Gb_I_GBIAS_0_HV of 1103959_69_1133592_QPP,1.0002765486725664,0.09685012884564712,0.002337942473613672
AC_V_GAIN_AFE_CLP_5_8_8 of 1103959_69_1133592_RPP,1.0002765486725664,0.0023889808182122395,0.0023390971911812714
AC_V_GAIN_AFE_CRN_5_8_8_RAW of 1103959_69_1133529_cp1,1.0002765486725667,0.1396241581457861,0.002347834403575056
AG_V_SELF_TEST_GAIN_7_4_1_RAW of 1103959_69_1133529_cp1,1.0002765486725664,0.12698115517559805,0.0023675136976815544
HH_CONT_OUT of 1103959_69_1133529_cp1_cp1p5_YPP_QPP_RPP,1.0002765486725664,0.003093411355375955,0.002386163217547313
KK_LK_CM_LO of 1103959_69_1133529_cp1_cp1p5_YPP_QPP_RPP,1.0002765486725662,0.014630484915500194,0.0023985716513415176
HH_CONT_OUT_APMU of 1103959_69_1133592_QPP,1.0002765486725662,0.06339458124253995,0.00243624491985028
AC_V_GAIN_AFE_CN_FG_SA of 1103959_69_1133529_cp1,1.0002765486725664,0.037621010205626165,0.0025166666120500815
AC_VOUTB0_PRE of 1103959_69_1133529_cp1_cp1p5_YPP,1.0002765486725667,0.015777189402733857,0.002599891734075511
HH_CONT_OUT_APMU of 1103959_69_1133529_cp1_cp1p5_YPP_QPP_RPP,1.0002765486725664,0.007955541617742116,0.002648217195638756
Po_T_PTATOSC_HV of 1103959_69_1133592_QPP,1.0002765486725664,0.032596425283566786,0.0026756109372757077
EEPROM_SET_V4__,1.0002765486725662,0.029924848933967994,0.0027429713013704116
EEPROM_SET_S0__,1.0002765486725664,0.008008629228220892,0.0028392926883480515
HH_CONT_SH_CM of 1103959_69_1133592_QPP,1.0002765486725662,0.06994628993393975,0.002875903148058653
KC_COIL_CL of 1103959_69_1133529_cp1_cp1p5_YPP,1.0002765486725664,0.028037083477740955,0.002937956062210418
KC_COIL_CL of 1103959_69_1133592_QPP,1.0002765486725662,0.024235485173026483,0.0029825054373077953
HH_CONT_SH_OUT_APMU of 1103959_69_1133529_cp1p5,1.0002765486725662,0.024637310145116557,0.0029905880876031532
KC_COIL_CL of 1103959_69_1133529_cp1_cp1p5_YPP_QPP_RPP,1.0002765486725667,0.055666053707649855,0.003056873008909353
AC_SENSE_CRN of 1103959_69_1133529_cp1_cp1p5_YPP,1.0002765486725664,0.12665505384587197,0.003061201487447927
AC_VOFF_TGT_PRE of 1103959_69_1133529_cp1,1.0002765486725664,0.021736885908432525,0.0030693120530886036
TR_TEMP_REG42 of 1103959_69_JPP,1.0002765486725664,0.023234525894116703,0.003285647093065215
AC_VOFF_TGT_PRE of 1103959_69_JPP,1.0002765486725667,0.10468907707742409,0.0033637463575891323
EEPROM_SET_S2__,1.0002765486725667,0.1175238312875952,0.003598817218437473
SensorOffset JPP,1.0002765486725664,0.02601373801088819,0.003707120185400574
AC_V_AFE_CLP_5_8_8_I0 of 1103959_69_1133592_RPP,1.0002765486725664,0.01403542859679171,0.0037930845977582725
HH_CONT_SH_CL of 1103959_69_1133592_QPP,1.0002765486725664,0.08374937364520825,0.003945995624106031
AC_V_AFE_CN_5_8_8_I0 cp1p5,1.0002765486725664,0.001685431005798238,0.004169215507777071
AC_OFFCALRES_PRE of 1103959_69_JPP,1.0002765486725664,0.10452618410930029,0.004695377541177459
EEPROM_SET_V3__,1.0002765486725667,0.01977022831074202,0.004806690642989033
SensorOffsetHot-Cold,1.0002765486725664,0.0006521648856697359,0.13669330643892424
