feature_name,is_selected,importance_column,importance_score,feature_value_by_importance_column
X,True,FeatureFilter_variance,0.0,1.0002765486725667
Y,True,FeatureFilter_variance,0.006699931342154741,1.0002765486725664
Radius,True,FeatureFilter_variance,0.0031747273169457912,1.0002765486725664
AC_COIL_FACTOR of 1103959_69_1133529_YPP,False,FeatureFilter_variance,0.0,2.9515737178689093e-33
AC_COIL_FACTOR of 1103959_69_1133529_cp1_cp1p5,False,FeatureFilter_variance,0.0,2.9515737178689093e-33
AC_COIL_FACTOR of 1103959_69_1133529_cp1_cp1p5_YPP_QPP,False,FeatureFilter_variance,0.0,2.9515737178689093e-33
AC_COIL_FACTOR of 1103959_69_1133592_RPP,False,FeatureFilter_variance,0.0,2.9515737178689093e-33
AC_GAIN_32 of 1103959_69_1133529_cp1,False,FeatureFilter_variance,0.0,0.0
AC_GAIN_32 of 1103959_69_1133529_cp1_cp1p5_YPP,False,FeatureFilter_variance,0.0,1.000276548672566
AC_GAIN_32 of 1103959_69_1133529_cp1_cp1p5_YPP_QPP_RPP,False,FeatureFilter_variance,0.0,1.000276548672566
AC_GAIN_32 of 1103959_69_1133529_cp1p5,False,FeatureFilter_variance,0.0,1.000276548672566
AC_GAIN_32 of 1103959_69_1133592_QPP,False,FeatureFilter_variance,0.0,1.000276548672566
AC_GAIN_32 of 1103959_69_JPP,False,FeatureFilter_variance,0.0,0.0
AC_GAIN_33 of 1103959_69_1133529_cp1,False,FeatureFilter_variance,0.0,0.0
AC_GAIN_33 of 1103959_69_1133529_cp1_cp1p5_YPP,False,FeatureFilter_variance,0.0,0.0
AC_GAIN_33 of 1103959_69_1133529_cp1_cp1p5_YPP_QPP_RPP,False,FeatureFilter_variance,0.0,0.0
AC_GAIN_33 of 1103959_69_1133529_cp1p5,False,FeatureFilter_variance,0.0,0.0
AC_GAIN_33 of 1103959_69_1133592_QPP,False,FeatureFilter_variance,0.0,0.0
AC_GAIN_33 of 1103959_69_JPP,False,FeatureFilter_variance,0.0,0.0
AC_ITER of 1103959_69_1133529_YPP,False,FeatureFilter_variance,0.0,0.0
AC_ITER of 1103959_69_1133529_cp1_cp1p5,False,FeatureFilter_variance,0.0,0.0
AC_ITER of 1103959_69_1133529_cp1_cp1p5_YPP_QPP,False,FeatureFilter_variance,0.0,0.0
AC_ITER of 1103959_69_1133592_RPP,False,FeatureFilter_variance,0.0,0.0
AC_MATCH_FAIL_PF of 1103959_69_1133529_YPP,False,FeatureFilter_variance,0.0,0.0
AC_MATCH_FAIL_PF of 1103959_69_1133529_cp1_cp1p5,False,FeatureFilter_variance,0.0,0.0
AC_MATCH_FAIL_PF of 1103959_69_1133529_cp1_cp1p5_YPP_QPP,False,FeatureFilter_variance,0.0,0.0
AC_MATCH_FAIL_PF of 1103959_69_1133592_RPP,False,FeatureFilter_variance,0.0,0.0
AC_OFFCALRES of 1103959_69_1133529_cp1,True,FeatureFilter_variance,0.0,1.0002765486725664
AC_OFFCALRES of 1103959_69_1133529_cp1_cp1p5_YPP,True,FeatureFilter_variance,0.0,1.0002765486725664
AC_OFFCALRES of 1103959_69_1133529_cp1_cp1p5_YPP_QPP_RPP,True,FeatureFilter_variance,0.001410087337717414,1.0002765486725664
AC_OFFCALRES of 1103959_69_1133529_cp1p5,False,FeatureFilter_variance,0.0,1.0002765486725662
AC_OFFCALRES of 1103959_69_1133592_QPP,True,FeatureFilter_variance,0.0,1.0002765486725664
AC_OFFCALRES of 1103959_69_JPP,True,FeatureFilter_variance,0.0,1.0002765486725664
AC_OFFCALRES_PRE of 1103959_69_1133529_cp1,True,FeatureFilter_variance,0.0,1.0002765486725664
AC_OFFCALRES_PRE of 1103959_69_1133529_cp1_cp1p5_YPP,True,FeatureFilter_variance,0.0,1.0002765486725664
AC_OFFCALRES_PRE of 1103959_69_1133529_cp1_cp1p5_YPP_QPP_RPP,True,FeatureFilter_variance,0.00246622902341187,1.0002765486725664
AC_OFFCALRES_PRE of 1103959_69_1133529_cp1p5,True,FeatureFilter_variance,0.0,1.0002765486725662
AC_OFFCALRES_PRE of 1103959_69_1133592_QPP,True,FeatureFilter_variance,0.0,1.0002765486725664
AC_OFFCALRES_PRE of 1103959_69_JPP,True,FeatureFilter_variance,0.0,1.0002765486725664
AC_SENSETGT of 1103959_69_1133529_cp1,False,FeatureFilter_variance,0.0,0.0
AC_SENSETGT of 1103959_69_1133529_cp1_cp1p5_YPP,False,FeatureFilter_variance,0.0,1.000276548672566
AC_SENSETGT of 1103959_69_1133529_cp1_cp1p5_YPP_QPP_RPP,False,FeatureFilter_variance,0.0,1.000276548672566
AC_SENSETGT of 1103959_69_1133529_cp1p5,False,FeatureFilter_variance,0.0,1.000276548672566
AC_SENSETGT of 1103959_69_1133592_QPP,False,FeatureFilter_variance,0.0,1.000276548672566
AC_SENSETGT of 1103959_69_JPP,False,FeatureFilter_variance,0.0,0.0
AC_SENSE_CAL of 1103959_69_1133529_cp1,True,FeatureFilter_variance,0.0013094363966956735,1.0002765486725664
AC_SENSE_CAL of 1103959_69_1133529_cp1_cp1p5_YPP,False,FeatureFilter_variance,0.0,1.0002765486725662
AC_SENSE_CAL of 1103959_69_1133529_cp1_cp1p5_YPP_QPP_RPP,False,FeatureFilter_variance,0.0,1.0002765486725662
AC_SENSE_CAL of 1103959_69_1133529_cp1p5,True,FeatureFilter_variance,0.0,1.0002765486725664
AC_SENSE_CAL of 1103959_69_1133592_QPP,True,FeatureFilter_variance,0.0,1.0002765486725664
AC_SENSE_CAL of 1103959_69_JPP,True,FeatureFilter_variance,0.0,1.0002765486725664
AC_SENSE_CLN 2 of 1103959_69_1133529_YPP,True,FeatureFilter_variance,0.0,1.0002765486725664
AC_SENSE_CLN 2 of 1103959_69_1133529_cp1_cp1p5,True,FeatureFilter_variance,0.0,1.000276548672567
AC_SENSE_CLN 2 of 1103959_69_1133529_cp1_cp1p5_YPP_QPP,True,FeatureFilter_variance,0.0,1.0002765486725664
AC_SENSE_CLN 2 of 1103959_69_1133592_RPP,True,FeatureFilter_variance,0.0,1.0002765486725664
AC_SENSE_CLN of 1103959_69_1133529_cp1,True,FeatureFilter_variance,0.0018382807029411197,1.0002765486725664
AC_SENSE_CLN of 1103959_69_1133529_cp1_cp1p5_YPP,True,FeatureFilter_variance,0.0,1.0002765486725662
AC_SENSE_CLN of 1103959_69_1133529_cp1_cp1p5_YPP_QPP_RPP,True,FeatureFilter_variance,0.0,1.0002765486725662
AC_SENSE_CLN of 1103959_69_1133529_cp1p5,True,FeatureFilter_variance,0.0,1.0002765486725664
AC_SENSE_CLN of 1103959_69_1133592_QPP,True,FeatureFilter_variance,0.0,1.0002765486725667
AC_SENSE_CLN of 1103959_69_JPP,True,FeatureFilter_variance,0.0,1.0002765486725667
AC_SENSE_CLP of 1103959_69_1133529_cp1_cp1p5_YPP_QPP,True,FeatureFilter_variance,0.0,1.0002765486725664
AC_SENSE_CLP of 1103959_69_1133592_RPP,True,FeatureFilter_variance,0.0,1.0002765486725667
AC_SENSE_CN_FG_SA of 1103959_69_1133529_cp1,True,FeatureFilter_variance,0.009671254083514214,1.0002765486725662
AC_SENSE_CN_FG_SA of 1103959_69_1133529_cp1_cp1p5_YPP,True,FeatureFilter_variance,0.0,1.0002765486725662
AC_SENSE_CN_FG_SA of 1103959_69_1133529_cp1_cp1p5_YPP_QPP_RPP,True,FeatureFilter_variance,0.0,1.0002765486725664
AC_SENSE_CN_FG_SA of 1103959_69_1133529_cp1p5,True,FeatureFilter_variance,0.0,1.0002765486725664
AC_SENSE_CN_FG_SA of 1103959_69_1133592_QPP,True,FeatureFilter_variance,0.0,1.0002765486725664
AC_SENSE_CN_FG_SA of 1103959_69_JPP,True,FeatureFilter_variance,0.0009267811547033489,1.0002765486725667
AC_SENSE_CRN 2 of 1103959_69_1133529_YPP,True,FeatureFilter_variance,0.0,1.0002765486725664
AC_SENSE_CRN 2 of 1103959_69_1133529_cp1_cp1p5,True,FeatureFilter_variance,0.0,1.0002765486725662
AC_SENSE_CRN 2 of 1103959_69_1133529_cp1_cp1p5_YPP_QPP,True,FeatureFilter_variance,0.0,1.0002765486725664
AC_SENSE_CRN 2 of 1103959_69_1133592_RPP,True,FeatureFilter_variance,0.0,1.0002765486725662
AC_SENSE_CRN of 1103959_69_1133529_cp1,True,FeatureFilter_variance,0.004657613579183817,1.0002765486725667
AC_SENSE_CRN of 1103959_69_1133529_cp1_cp1p5_YPP,True,FeatureFilter_variance,0.005416341125965118,1.0002765486725664
AC_SENSE_CRN of 1103959_69_1133529_cp1_cp1p5_YPP_QPP_RPP,True,FeatureFilter_variance,0.0,1.0002765486725664
AC_SENSE_CRN of 1103959_69_1133529_cp1p5,True,FeatureFilter_variance,0.002233064267784357,1.0002765486725667
AC_SENSE_CRN of 1103959_69_1133592_QPP,True,FeatureFilter_variance,0.0020050874445587397,1.0002765486725664
AC_SENSE_CRN of 1103959_69_JPP,True,FeatureFilter_variance,0.002101125894114375,1.0002765486725664
AC_SENSE_CRP of 1103959_69_1133529_cp1_cp1p5_YPP_QPP,True,FeatureFilter_variance,0.0,1.0002765486725664
AC_SENSE_CRP of 1103959_69_1133592_RPP,True,FeatureFilter_variance,0.0,1.0002765486725667
AC_TLIN_H2_BIAS of 1103959_69_1133529_YPP,True,FeatureFilter_variance,0.0,1.0002765486725664
AC_TLIN_H2_BIAS of 1103959_69_1133529_cp1_cp1p5,True,FeatureFilter_variance,0.0,1.0002765486725664
AC_TLIN_H2_BIAS of 1103959_69_1133529_cp1_cp1p5_YPP_QPP,True,FeatureFilter_variance,0.0,1.0002765486725664
AC_TLIN_H2_BIAS of 1103959_69_1133592_RPP,True,FeatureFilter_variance,0.0,1.0002765486725664
AC_TLIN_H2_BIAS_INIT of 1103959_69_1133529_YPP,True,FeatureFilter_variance,0.0,1.0002765486725664
AC_TLIN_H2_BIAS_INIT of 1103959_69_1133529_cp1_cp1p5,True,FeatureFilter_variance,0.0,1.0002765486725664
AC_TLIN_H2_BIAS_INIT of 1103959_69_1133529_cp1_cp1p5_YPP_QPP,True,FeatureFilter_variance,0.0,1.0002765486725664
AC_TLIN_H2_BIAS_INIT of 1103959_69_1133592_RPP,True,FeatureFilter_variance,0.0,1.0002765486725664
AC_TRIALS of 1103959_69_1133529_cp1,True,FeatureFilter_variance,0.0,1.0002765486725664
AC_TRIALS of 1103959_69_1133529_cp1_cp1p5_YPP,True,FeatureFilter_variance,0.0,1.0002765486725664
AC_TRIALS of 1103959_69_1133529_cp1_cp1p5_YPP_QPP_RPP,True,FeatureFilter_variance,0.0,1.0002765486725667
AC_TRIALS of 1103959_69_1133529_cp1p5,True,FeatureFilter_variance,0.0,1.0002765486725664
AC_TRIALS of 1103959_69_1133592_QPP,True,FeatureFilter_variance,0.0,1.0002765486725664
AC_TRIALS of 1103959_69_JPP,True,FeatureFilter_variance,0.0,1.0002765486725669
AC_T_H2_BIAS of 1103959_69_1133529_YPP,True,FeatureFilter_variance,0.0,1.0002765486725664
AC_T_H2_BIAS of 1103959_69_1133529_cp1_cp1p5,True,FeatureFilter_variance,0.0,1.0002765486725664
AC_T_H2_BIAS of 1103959_69_1133529_cp1_cp1p5_YPP_QPP,True,FeatureFilter_variance,0.0,1.0002765486725664
AC_T_H2_BIAS of 1103959_69_1133592_RPP,True,FeatureFilter_variance,0.0,1.0002765486725664
AC_T_H2_BIAS_INIT of 1103959_69_1133529_YPP,True,FeatureFilter_variance,0.0,1.0002765486725664
AC_T_H2_BIAS_INIT of 1103959_69_1133529_cp1_cp1p5,True,FeatureFilter_variance,0.0,1.0002765486725664
AC_T_H2_BIAS_INIT of 1103959_69_1133529_cp1_cp1p5_YPP_QPP,True,FeatureFilter_variance,0.0,1.0002765486725664
AC_T_H2_BIAS_INIT of 1103959_69_1133592_RPP,True,FeatureFilter_variance,0.0,1.0002765486725664
AC_VOFF_TGT of 1103959_69_1133529_cp1,True,FeatureFilter_variance,0.0,1.0002765486725664
AC_VOFF_TGT of 1103959_69_1133529_cp1_cp1p5_YPP,True,FeatureFilter_variance,0.0,1.0002765486725662
AC_VOFF_TGT of 1103959_69_1133529_cp1_cp1p5_YPP_QPP_RPP,True,FeatureFilter_variance,0.0,1.0002765486725664
AC_VOFF_TGT of 1103959_69_1133529_cp1p5,True,FeatureFilter_variance,0.0037203545216470957,1.0002765486725667
AC_VOFF_TGT of 1103959_69_1133592_QPP,True,FeatureFilter_variance,0.0,1.0002765486725662
AC_VOFF_TGT of 1103959_69_JPP,True,FeatureFilter_variance,0.0,1.0002765486725664
AC_VOFF_TGT_PRE of 1103959_69_1133529_cp1,True,FeatureFilter_variance,0.0,1.0002765486725664
AC_VOFF_TGT_PRE of 1103959_69_1133529_cp1_cp1p5_YPP,True,FeatureFilter_variance,0.0,1.0002765486725664
AC_VOFF_TGT_PRE of 1103959_69_1133529_cp1_cp1p5_YPP_QPP_RPP,True,FeatureFilter_variance,0.007355425041168928,1.0002765486725664
AC_VOFF_TGT_PRE of 1103959_69_1133529_cp1p5,True,FeatureFilter_variance,0.0,1.0002765486725662
AC_VOFF_TGT_PRE of 1103959_69_1133592_QPP,True,FeatureFilter_variance,0.0,1.0002765486725662
AC_VOFF_TGT_PRE of 1103959_69_JPP,True,FeatureFilter_variance,0.010341945104300976,1.0002765486725667
AC_VOFF_TGT_PRE_TM of 1103959_69_1133529_cp1,True,FeatureFilter_variance,0.010801991447806358,1.0002765486725664
AC_VOFF_TGT_PRE_TM of 1103959_69_1133529_cp1_cp1p5_YPP,True,FeatureFilter_variance,0.004571061115711927,1.0002765486725664
AC_VOFF_TGT_PRE_TM of 1103959_69_1133529_cp1_cp1p5_YPP_QPP_RPP,False,FeatureFilter_variance,0.0,1.000276548672566
AC_VOFF_TGT_PRE_TM of 1103959_69_1133529_cp1p5,True,FeatureFilter_variance,0.002165647689253092,1.0002765486725664
AC_VOFF_TGT_PRE_TM of 1103959_69_1133592_QPP,True,FeatureFilter_variance,0.0,1.0002765486725667
AC_VOFF_TGT_PRE_TM of 1103959_69_JPP,True,FeatureFilter_variance,0.0,1.0002765486725664
AC_VOUTB0 of 1103959_69_1133529_cp1,True,FeatureFilter_variance,0.0,1.0002765486725664
AC_VOUTB0 of 1103959_69_1133529_cp1_cp1p5_YPP,True,FeatureFilter_variance,0.0,1.0002765486725662
AC_VOUTB0 of 1103959_69_1133529_cp1_cp1p5_YPP_QPP_RPP,True,FeatureFilter_variance,0.0,1.0002765486725667
AC_VOUTB0 of 1103959_69_1133529_cp1p5,True,FeatureFilter_variance,0.0,1.0002765486725664
AC_VOUTB0 of 1103959_69_1133592_QPP,True,FeatureFilter_variance,0.0,1.0002765486725662
AC_VOUTB0 of 1103959_69_JPP,True,FeatureFilter_variance,0.017172351479530334,1.0002765486725664
AC_VOUTB0_PRE of 1103959_69_1133529_cp1,True,FeatureFilter_variance,0.0,1.0002765486725664
AC_VOUTB0_PRE of 1103959_69_1133529_cp1_cp1p5_YPP,True,FeatureFilter_variance,0.0,1.0002765486725667
AC_VOUTB0_PRE of 1103959_69_1133529_cp1_cp1p5_YPP_QPP_RPP,True,FeatureFilter_variance,0.0,1.0002765486725664
AC_VOUTB0_PRE of 1103959_69_1133529_cp1p5,True,FeatureFilter_variance,0.0,1.0002765486725664
AC_VOUTB0_PRE of 1103959_69_1133592_QPP,True,FeatureFilter_variance,0.0,1.0002765486725664
AC_VOUTB0_PRE of 1103959_69_JPP,True,FeatureFilter_variance,0.0,1.0002765486725662
AC_V_AFE_5_8_8_SENSL of 1103959_69_1133529_YPP,False,FeatureFilter_variance,0.0,1.000276548672566
AC_V_AFE_5_8_8_SENSL of 1103959_69_1133529_cp1_cp1p5,False,FeatureFilter_variance,0.0,1.000276548672566
AC_V_AFE_5_8_8_SENSL of 1103959_69_1133529_cp1_cp1p5_YPP_QPP,True,FeatureFilter_variance,0.0,1.0002765486725664
AC_V_AFE_5_8_8_SENSL of 1103959_69_1133592_RPP,True,FeatureFilter_variance,0.0,1.0002765486725667
AC_V_AFE_5_8_8_SENSR of 1103959_69_1133529_YPP,True,FeatureFilter_variance,0.0,1.0002765486725664
AC_V_AFE_5_8_8_SENSR of 1103959_69_1133529_cp1_cp1p5,True,FeatureFilter_variance,0.0,1.0002765486725662
AC_V_AFE_5_8_8_SENSR of 1103959_69_1133529_cp1_cp1p5_YPP_QPP,True,FeatureFilter_variance,0.0,1.0002765486725662
AC_V_AFE_5_8_8_SENSR of 1103959_69_1133592_RPP,False,FeatureFilter_variance,0.0,1.0002765486725658
AC_V_AFE_5_8_8_SENSR_INIT of 1103959_69_1133529_YPP,True,FeatureFilter_variance,0.0,1.0002765486725664
AC_V_AFE_5_8_8_SENSR_INIT of 1103959_69_1133529_cp1_cp1p5,True,FeatureFilter_variance,0.0,1.0002765486725662
AC_V_AFE_5_8_8_SENSR_INIT of 1103959_69_1133529_cp1_cp1p5_YPP_QPP,True,FeatureFilter_variance,0.0,1.0002765486725662
AC_V_AFE_5_8_8_SENSR_INIT of 1103959_69_1133592_RPP,False,FeatureFilter_variance,0.0,1.0002765486725658
AC_V_AFE_CLN_5_8_8_I0 2 of 1103959_69_1133529_YPP,True,FeatureFilter_variance,0.0,1.0002765486725664
AC_V_AFE_CLN_5_8_8_I0 2 of 1103959_69_1133529_cp1_cp1p5,True,FeatureFilter_variance,0.0,1.0002765486725662
AC_V_AFE_CLN_5_8_8_I0 2 of 1103959_69_1133529_cp1_cp1p5_YPP_QPP,True,FeatureFilter_variance,0.0,1.0002765486725664
AC_V_AFE_CLN_5_8_8_I0 2 of 1103959_69_1133592_RPP,True,FeatureFilter_variance,0.0,1.0002765486725664
AC_V_AFE_CLN_5_8_8_I0 of 1103959_69_1133529_cp1,True,FeatureFilter_variance,0.0,1.0002765486725664
AC_V_AFE_CLN_5_8_8_I0 of 1103959_69_1133529_cp1_cp1p5_YPP,True,FeatureFilter_variance,0.0,1.0002765486725662
AC_V_AFE_CLN_5_8_8_I0 of 1103959_69_1133529_cp1_cp1p5_YPP_QPP_RPP,True,FeatureFilter_variance,0.0,1.0002765486725662
AC_V_AFE_CLN_5_8_8_I0 of 1103959_69_1133529_cp1p5,True,FeatureFilter_variance,0.0,1.0002765486725664
AC_V_AFE_CLN_5_8_8_I0 of 1103959_69_1133592_QPP,True,FeatureFilter_variance,0.0,1.0002765486725662
AC_V_AFE_CLN_5_8_8_I0 of 1103959_69_JPP,True,FeatureFilter_variance,0.0,1.0002765486725662
AC_V_AFE_CLN_5_8_8_I0_RAW 2 of 1103959_69_1133529_YPP,True,FeatureFilter_variance,0.0,1.0002765486725664
AC_V_AFE_CLN_5_8_8_I0_RAW 2 of 1103959_69_1133529_cp1_cp1p5,True,FeatureFilter_variance,0.0,1.0002765486725664
AC_V_AFE_CLN_5_8_8_I0_RAW 2 of 1103959_69_1133529_cp1_cp1p5_YPP_QPP,True,FeatureFilter_variance,0.0,1.0002765486725664
AC_V_AFE_CLN_5_8_8_I0_RAW 2 of 1103959_69_1133592_RPP,True,FeatureFilter_variance,0.0,1.0002765486725662
AC_V_AFE_CLN_5_8_8_I0_RAW of 1103959_69_1133529_cp1,True,FeatureFilter_variance,0.0,1.0002765486725664
AC_V_AFE_CLN_5_8_8_I0_RAW of 1103959_69_1133529_cp1_cp1p5_YPP,True,FeatureFilter_variance,0.002640755847096443,1.0002765486725664
AC_V_AFE_CLN_5_8_8_I0_RAW of 1103959_69_1133529_cp1_cp1p5_YPP_QPP_RPP,True,FeatureFilter_variance,0.0,1.0002765486725664
AC_V_AFE_CLN_5_8_8_I0_RAW of 1103959_69_1133529_cp1p5,True,FeatureFilter_variance,0.0,1.0002765486725664
AC_V_AFE_CLN_5_8_8_I0_RAW of 1103959_69_1133592_QPP,True,FeatureFilter_variance,0.0,1.0002765486725667
AC_V_AFE_CLN_5_8_8_I0_RAW of 1103959_69_JPP,True,FeatureFilter_variance,0.0,1.0002765486725662
AC_V_AFE_CLN_5_8_8_I0_VSS 2 of 1103959_69_1133529_YPP,True,FeatureFilter_variance,0.0,1.0002765486725664
AC_V_AFE_CLN_5_8_8_I0_VSS 2 of 1103959_69_1133529_cp1_cp1p5,True,FeatureFilter_variance,0.0,1.0002765486725664
AC_V_AFE_CLN_5_8_8_I0_VSS 2 of 1103959_69_1133529_cp1_cp1p5_YPP_QPP,True,FeatureFilter_variance,0.0,1.0002765486725662
AC_V_AFE_CLN_5_8_8_I0_VSS 2 of 1103959_69_1133592_RPP,True,FeatureFilter_variance,0.0,1.0002765486725664
AC_V_AFE_CLN_5_8_8_I0_VSS of 1103959_69_1133529_cp1,True,FeatureFilter_variance,0.0,1.0002765486725662
AC_V_AFE_CLN_5_8_8_I0_VSS of 1103959_69_1133529_cp1_cp1p5_YPP,True,FeatureFilter_variance,0.0,1.0002765486725664
AC_V_AFE_CLN_5_8_8_I0_VSS of 1103959_69_1133529_cp1_cp1p5_YPP_QPP_RPP,True,FeatureFilter_variance,0.0,1.0002765486725664
AC_V_AFE_CLN_5_8_8_I0_VSS of 1103959_69_1133529_cp1p5,True,FeatureFilter_variance,0.0,1.0002765486725664
AC_V_AFE_CLN_5_8_8_I0_VSS of 1103959_69_1133592_QPP,True,FeatureFilter_variance,0.0,1.0002765486725664
AC_V_AFE_CLN_5_8_8_I0_VSS of 1103959_69_JPP,True,FeatureFilter_variance,0.0,1.0002765486725664
AC_V_AFE_CLN_5_8_8_P_F 2 of 1103959_69_1133529_YPP,True,FeatureFilter_variance,0.0,1.0002765486725662
AC_V_AFE_CLN_5_8_8_P_F 2 of 1103959_69_1133529_cp1_cp1p5,True,FeatureFilter_variance,0.0,1.0002765486725662
AC_V_AFE_CLN_5_8_8_P_F 2 of 1103959_69_1133529_cp1_cp1p5_YPP_QPP,False,FeatureFilter_variance,0.0,0.0
AC_V_AFE_CLN_5_8_8_P_F 2 of 1103959_69_1133592_RPP,True,FeatureFilter_variance,0.0,1.0002765486725664
AC_V_AFE_CLN_5_8_8_P_F of 1103959_69_1133529_cp1,True,FeatureFilter_variance,0.0,1.0002765486725664
AC_V_AFE_CLN_5_8_8_P_F of 1103959_69_1133529_cp1_cp1p5_YPP,True,FeatureFilter_variance,0.0,1.0002765486725664
AC_V_AFE_CLN_5_8_8_P_F of 1103959_69_1133529_cp1_cp1p5_YPP_QPP_RPP,True,FeatureFilter_variance,0.0,1.0002765486725662
AC_V_AFE_CLN_5_8_8_P_F of 1103959_69_1133529_cp1p5,True,FeatureFilter_variance,0.0,1.0002765486725662
AC_V_AFE_CLN_5_8_8_P_F of 1103959_69_1133592_QPP,True,FeatureFilter_variance,0.0,1.0002765486725664
AC_V_AFE_CLN_5_8_8_P_F of 1103959_69_JPP,True,FeatureFilter_variance,0.0,1.0002765486725664
AC_V_AFE_CLN_5_8_8_VSS 2 of 1103959_69_1133529_YPP,True,FeatureFilter_variance,0.0,1.0002765486725664
AC_V_AFE_CLN_5_8_8_VSS 2 of 1103959_69_1133529_cp1_cp1p5,True,FeatureFilter_variance,0.0,1.0002765486725664
AC_V_AFE_CLN_5_8_8_VSS 2 of 1103959_69_1133529_cp1_cp1p5_YPP_QPP,True,FeatureFilter_variance,0.0,1.0002765486725667
AC_V_AFE_CLN_5_8_8_VSS 2 of 1103959_69_1133592_RPP,True,FeatureFilter_variance,0.0,1.0002765486725662
AC_V_AFE_CLN_5_8_8_VSS of 1103959_69_1133529_cp1,True,FeatureFilter_variance,0.0,1.0002765486725664
AC_V_AFE_CLN_5_8_8_VSS of 1103959_69_1133529_cp1_cp1p5_YPP,True,FeatureFilter_variance,0.0,1.0002765486725664
AC_V_AFE_CLN_5_8_8_VSS of 1103959_69_1133529_cp1_cp1p5_YPP_QPP_RPP,True,FeatureFilter_variance,0.0,1.0002765486725664
AC_V_AFE_CLN_5_8_8_VSS of 1103959_69_1133529_cp1p5,True,FeatureFilter_variance,0.0,1.0002765486725662
AC_V_AFE_CLN_5_8_8_VSS of 1103959_69_1133592_QPP,True,FeatureFilter_variance,0.0,1.0002765486725667
AC_V_AFE_CLN_5_8_8_VSS of 1103959_69_JPP,True,FeatureFilter_variance,0.0,1.0002765486725664
AC_V_AFE_CLP_5_8_8_I0 of 1103959_69_1133529_cp1_cp1p5_YPP_QPP,True,FeatureFilter_variance,0.0046661668457090855,1.0002765486725664
AC_V_AFE_CLP_5_8_8_I0 of 1103959_69_1133592_RPP,True,FeatureFilter_variance,0.000898507481906563,1.0002765486725664
AC_V_AFE_CLP_5_8_8_I0_RAW of 1103959_69_1133529_cp1_cp1p5_YPP_QPP,True,FeatureFilter_variance,0.018511515110731125,1.0002765486725667
AC_V_AFE_CLP_5_8_8_I0_RAW of 1103959_69_1133592_RPP,True,FeatureFilter_variance,0.0,1.0002765486725664
AC_V_AFE_CLP_5_8_8_I0_VSS of 1103959_69_1133529_cp1_cp1p5_YPP_QPP,True,FeatureFilter_variance,0.0,1.0002765486725667
AC_V_AFE_CLP_5_8_8_I0_VSS of 1103959_69_1133592_RPP,True,FeatureFilter_variance,0.0,1.0002765486725664
AC_V_AFE_CLP_5_8_8_P_F of 1103959_69_1133529_cp1_cp1p5_YPP_QPP,False,FeatureFilter_variance,0.0,1.0002765486725655
AC_V_AFE_CLP_5_8_8_P_F of 1103959_69_1133592_RPP,True,FeatureFilter_variance,0.0,1.0002765486725664
AC_V_AFE_CLP_5_8_8_VSS of 1103959_69_1133529_cp1_cp1p5_YPP_QPP,True,FeatureFilter_variance,0.0,1.0002765486725664
AC_V_AFE_CLP_5_8_8_VSS of 1103959_69_1133592_RPP,True,FeatureFilter_variance,0.0,1.0002765486725664
AC_V_AFE_CN_5_8_8_I0 JPP,True,FeatureFilter_variance,0.0,1.0002765486725662
AC_V_AFE_CN_5_8_8_I0 QPP,True,FeatureFilter_variance,0.0,1.0002765486725664
AC_V_AFE_CN_5_8_8_I0 RPP,True,FeatureFilter_variance,0.0,1.0002765486725664
AC_V_AFE_CN_5_8_8_I0 YPP,True,FeatureFilter_variance,0.0,1.0002765486725664
AC_V_AFE_CN_5_8_8_I0 cp1,True,FeatureFilter_variance,0.0,1.0002765486725667
AC_V_AFE_CN_5_8_8_I0 cp1p5,True,FeatureFilter_variance,0.0,1.0002765486725664
AC_V_AFE_CN_FG_SA_I0 of 1103959_69_1133529_cp1,True,FeatureFilter_variance,0.0,1.0002765486725664
AC_V_AFE_CN_FG_SA_I0 of 1103959_69_1133529_cp1_cp1p5_YPP,True,FeatureFilter_variance,0.0,1.0002765486725664
AC_V_AFE_CN_FG_SA_I0 of 1103959_69_1133529_cp1_cp1p5_YPP_QPP_RPP,True,FeatureFilter_variance,0.0028238845989108086,1.0002765486725664
AC_V_AFE_CN_FG_SA_I0 of 1103959_69_1133529_cp1p5,True,FeatureFilter_variance,0.002457464812323451,1.0002765486725664
AC_V_AFE_CN_FG_SA_I0 of 1103959_69_1133592_QPP,True,FeatureFilter_variance,0.0,1.0002765486725664
AC_V_AFE_CN_FG_SA_I0 of 1103959_69_JPP,True,FeatureFilter_variance,0.01149191427975893,1.0002765486725664
AC_V_AFE_CN_FG_SA_P_F of 1103959_69_1133529_cp1,True,FeatureFilter_variance,0.0,1.0002765486725664
AC_V_AFE_CN_FG_SA_P_F of 1103959_69_1133529_cp1_cp1p5_YPP,True,FeatureFilter_variance,0.0,1.0002765486725664
AC_V_AFE_CN_FG_SA_P_F of 1103959_69_1133529_cp1_cp1p5_YPP_QPP_RPP,True,FeatureFilter_variance,0.0,1.0002765486725664
AC_V_AFE_CN_FG_SA_P_F of 1103959_69_1133529_cp1p5,True,FeatureFilter_variance,0.0,1.0002765486725662
AC_V_AFE_CN_FG_SA_P_F of 1103959_69_1133592_QPP,True,FeatureFilter_variance,0.0,1.0002765486725664
AC_V_AFE_CN_FG_SA_P_F of 1103959_69_JPP,True,FeatureFilter_variance,0.0,1.0002765486725664
AC_V_AFE_CN_TGT_I0 of 1103959_69_1133529_cp1,True,FeatureFilter_variance,0.0,1.0002765486725664
AC_V_AFE_CN_TGT_I0 of 1103959_69_1133529_cp1_cp1p5_YPP,True,FeatureFilter_variance,0.0,1.0002765486725662
AC_V_AFE_CN_TGT_I0 of 1103959_69_1133529_cp1_cp1p5_YPP_QPP_RPP,True,FeatureFilter_variance,0.0,1.0002765486725662
AC_V_AFE_CN_TGT_I0 of 1103959_69_1133529_cp1p5,True,FeatureFilter_variance,0.0,1.0002765486725664
AC_V_AFE_CN_TGT_I0 of 1103959_69_1133592_QPP,True,FeatureFilter_variance,0.0,1.0002765486725664
AC_V_AFE_CN_TGT_I0 of 1103959_69_JPP,True,FeatureFilter_variance,0.0,1.0002765486725667
AC_V_AFE_CRN_5_8_8_I0 2 of 1103959_69_1133529_YPP,True,FeatureFilter_variance,0.0,1.0002765486725662
AC_V_AFE_CRN_5_8_8_I0 2 of 1103959_69_1133529_cp1_cp1p5,True,FeatureFilter_variance,0.0,1.0002765486725662
AC_V_AFE_CRN_5_8_8_I0 2 of 1103959_69_1133529_cp1_cp1p5_YPP_QPP,True,FeatureFilter_variance,0.0,1.0002765486725662
AC_V_AFE_CRN_5_8_8_I0 2 of 1103959_69_1133592_RPP,True,FeatureFilter_variance,0.0,1.0002765486725662
AC_V_AFE_CRN_5_8_8_I0 of 1103959_69_1133529_cp1,True,FeatureFilter_variance,0.0,1.0002765486725664
AC_V_AFE_CRN_5_8_8_I0 of 1103959_69_1133529_cp1_cp1p5_YPP,True,FeatureFilter_variance,0.0,1.0002765486725662
AC_V_AFE_CRN_5_8_8_I0 of 1103959_69_1133529_cp1_cp1p5_YPP_QPP_RPP,True,FeatureFilter_variance,0.0,1.0002765486725664
AC_V_AFE_CRN_5_8_8_I0 of 1103959_69_1133529_cp1p5,True,FeatureFilter_variance,0.0,1.0002765486725664
AC_V_AFE_CRN_5_8_8_I0 of 1103959_69_1133592_QPP,True,FeatureFilter_variance,0.0,1.0002765486725664
AC_V_AFE_CRN_5_8_8_I0 of 1103959_69_JPP,True,FeatureFilter_variance,0.0,1.0002765486725664
AC_V_AFE_CRN_5_8_8_I0_RAW 2 of 1103959_69_1133529_YPP,True,FeatureFilter_variance,0.0,1.0002765486725664
AC_V_AFE_CRN_5_8_8_I0_RAW 2 of 1103959_69_1133529_cp1_cp1p5,True,FeatureFilter_variance,0.0,1.0002765486725664
AC_V_AFE_CRN_5_8_8_I0_RAW 2 of 1103959_69_1133529_cp1_cp1p5_YPP_QPP,True,FeatureFilter_variance,0.0,1.0002765486725664
AC_V_AFE_CRN_5_8_8_I0_RAW 2 of 1103959_69_1133592_RPP,True,FeatureFilter_variance,0.0,1.0002765486725664
AC_V_AFE_CRN_5_8_8_I0_RAW of 1103959_69_1133529_cp1,True,FeatureFilter_variance,0.0013415892608463764,1.0002765486725664
AC_V_AFE_CRN_5_8_8_I0_RAW of 1103959_69_1133529_cp1_cp1p5_YPP,True,FeatureFilter_variance,0.0006756322691217065,1.0002765486725664
AC_V_AFE_CRN_5_8_8_I0_RAW of 1103959_69_1133529_cp1_cp1p5_YPP_QPP_RPP,True,FeatureFilter_variance,0.0,1.0002765486725664
AC_V_AFE_CRN_5_8_8_I0_RAW of 1103959_69_1133529_cp1p5,True,FeatureFilter_variance,0.0011815628968179226,1.0002765486725662
AC_V_AFE_CRN_5_8_8_I0_RAW of 1103959_69_1133592_QPP,True,FeatureFilter_variance,0.0,1.0002765486725664
AC_V_AFE_CRN_5_8_8_I0_RAW of 1103959_69_JPP,True,FeatureFilter_variance,0.0,1.0002765486725664
AC_V_AFE_CRN_5_8_8_I0_VSS 2 of 1103959_69_1133529_YPP,True,FeatureFilter_variance,0.0,1.0002765486725662
AC_V_AFE_CRN_5_8_8_I0_VSS 2 of 1103959_69_1133529_cp1_cp1p5,True,FeatureFilter_variance,0.0,1.0002765486725664
AC_V_AFE_CRN_5_8_8_I0_VSS 2 of 1103959_69_1133529_cp1_cp1p5_YPP_QPP,True,FeatureFilter_variance,0.0,1.0002765486725664
AC_V_AFE_CRN_5_8_8_I0_VSS 2 of 1103959_69_1133592_RPP,True,FeatureFilter_variance,0.0,1.0002765486725664
AC_V_AFE_CRN_5_8_8_I0_VSS of 1103959_69_1133529_cp1,True,FeatureFilter_variance,0.0,1.0002765486725664
AC_V_AFE_CRN_5_8_8_I0_VSS of 1103959_69_1133529_cp1_cp1p5_YPP,True,FeatureFilter_variance,0.0,1.0002765486725667
AC_V_AFE_CRN_5_8_8_I0_VSS of 1103959_69_1133529_cp1_cp1p5_YPP_QPP_RPP,True,FeatureFilter_variance,0.0,1.0002765486725664
AC_V_AFE_CRN_5_8_8_I0_VSS of 1103959_69_1133529_cp1p5,True,FeatureFilter_variance,0.0,1.0002765486725664
AC_V_AFE_CRN_5_8_8_I0_VSS of 1103959_69_1133592_QPP,True,FeatureFilter_variance,0.0,1.0002765486725662
AC_V_AFE_CRN_5_8_8_I0_VSS of 1103959_69_JPP,True,FeatureFilter_variance,0.0,1.0002765486725667
AC_V_AFE_CRN_5_8_8_P_F 2 of 1103959_69_1133529_YPP,False,FeatureFilter_variance,0.0,0.0
AC_V_AFE_CRN_5_8_8_P_F 2 of 1103959_69_1133529_cp1_cp1p5,False,FeatureFilter_variance,0.0,0.0
AC_V_AFE_CRN_5_8_8_P_F 2 of 1103959_69_1133529_cp1_cp1p5_YPP_QPP,False,FeatureFilter_variance,0.0,0.0
AC_V_AFE_CRN_5_8_8_P_F 2 of 1103959_69_1133592_RPP,True,FeatureFilter_variance,0.0,1.0002765486725662
AC_V_AFE_CRN_5_8_8_P_F of 1103959_69_1133529_cp1,True,FeatureFilter_variance,0.0,1.0002765486725667
AC_V_AFE_CRN_5_8_8_P_F of 1103959_69_1133529_cp1_cp1p5_YPP,True,FeatureFilter_variance,0.0,1.0002765486725667
AC_V_AFE_CRN_5_8_8_P_F of 1103959_69_1133529_cp1_cp1p5_YPP_QPP_RPP,True,FeatureFilter_variance,0.0,1.0002765486725664
AC_V_AFE_CRN_5_8_8_P_F of 1103959_69_1133529_cp1p5,True,FeatureFilter_variance,0.0,1.0002765486725667
AC_V_AFE_CRN_5_8_8_P_F of 1103959_69_1133592_QPP,True,FeatureFilter_variance,0.0,1.0002765486725667
AC_V_AFE_CRN_5_8_8_P_F of 1103959_69_JPP,True,FeatureFilter_variance,0.0,1.0002765486725667
AC_V_AFE_CRN_5_8_8_VSS 2 of 1103959_69_1133529_YPP,True,FeatureFilter_variance,0.0,1.0002765486725664
AC_V_AFE_CRN_5_8_8_VSS 2 of 1103959_69_1133529_cp1_cp1p5,True,FeatureFilter_variance,0.0,1.0002765486725664
AC_V_AFE_CRN_5_8_8_VSS 2 of 1103959_69_1133529_cp1_cp1p5_YPP_QPP,True,FeatureFilter_variance,0.0,1.0002765486725664
AC_V_AFE_CRN_5_8_8_VSS 2 of 1103959_69_1133592_RPP,True,FeatureFilter_variance,0.0,1.0002765486725667
AC_V_AFE_CRN_5_8_8_VSS of 1103959_69_1133529_cp1,True,FeatureFilter_variance,0.0,1.0002765486725664
AC_V_AFE_CRN_5_8_8_VSS of 1103959_69_1133529_cp1_cp1p5_YPP,True,FeatureFilter_variance,0.0,1.0002765486725664
AC_V_AFE_CRN_5_8_8_VSS of 1103959_69_1133529_cp1_cp1p5_YPP_QPP_RPP,True,FeatureFilter_variance,0.0,1.0002765486725667
AC_V_AFE_CRN_5_8_8_VSS of 1103959_69_1133529_cp1p5,True,FeatureFilter_variance,0.0,1.0002765486725662
AC_V_AFE_CRN_5_8_8_VSS of 1103959_69_1133592_QPP,True,FeatureFilter_variance,0.0,1.0002765486725664
AC_V_AFE_CRN_5_8_8_VSS of 1103959_69_JPP,True,FeatureFilter_variance,0.0,1.0002765486725662
AC_V_AFE_CRP_5_8_8_I0 of 1103959_69_1133529_cp1_cp1p5_YPP_QPP,True,FeatureFilter_variance,0.0,1.0002765486725667
AC_V_AFE_CRP_5_8_8_I0 of 1103959_69_1133592_RPP,True,FeatureFilter_variance,0.0,1.0002765486725664
AC_V_AFE_CRP_5_8_8_I0_RAW of 1103959_69_1133529_cp1_cp1p5_YPP_QPP,True,FeatureFilter_variance,0.0,1.0002765486725664
AC_V_AFE_CRP_5_8_8_I0_RAW of 1103959_69_1133592_RPP,True,FeatureFilter_variance,0.0,1.0002765486725664
AC_V_AFE_CRP_5_8_8_I0_VSS of 1103959_69_1133529_cp1_cp1p5_YPP_QPP,True,FeatureFilter_variance,0.0,1.0002765486725664
AC_V_AFE_CRP_5_8_8_I0_VSS of 1103959_69_1133592_RPP,True,FeatureFilter_variance,0.0,1.0002765486725664
AC_V_AFE_CRP_5_8_8_P_F of 1103959_69_1133529_cp1_cp1p5_YPP_QPP,True,FeatureFilter_variance,0.0,1.0002765486725664
AC_V_AFE_CRP_5_8_8_P_F of 1103959_69_1133592_RPP,True,FeatureFilter_variance,0.0,1.0002765486725664
AC_V_AFE_CRP_5_8_8_VSS of 1103959_69_1133529_cp1_cp1p5_YPP_QPP,True,FeatureFilter_variance,0.0,1.0002765486725662
AC_V_AFE_CRP_5_8_8_VSS of 1103959_69_1133592_RPP,True,FeatureFilter_variance,0.0,1.0002765486725667
AC_V_GAIN_AFE_CLN_5_8_8 2 of 1103959_69_1133529_YPP,True,FeatureFilter_variance,0.0,1.0002765486725664
AC_V_GAIN_AFE_CLN_5_8_8 2 of 1103959_69_1133529_cp1_cp1p5,True,FeatureFilter_variance,0.0,1.0002765486725664
AC_V_GAIN_AFE_CLN_5_8_8 2 of 1103959_69_1133529_cp1_cp1p5_YPP_QPP,True,FeatureFilter_variance,0.0,1.0002765486725664
AC_V_GAIN_AFE_CLN_5_8_8 2 of 1103959_69_1133592_RPP,True,FeatureFilter_variance,0.0,1.0002765486725662
AC_V_GAIN_AFE_CLN_5_8_8 of 1103959_69_1133529_cp1,True,FeatureFilter_variance,0.0,1.0002765486725662
AC_V_GAIN_AFE_CLN_5_8_8 of 1103959_69_1133529_cp1_cp1p5_YPP,True,FeatureFilter_variance,0.0,1.0002765486725662
AC_V_GAIN_AFE_CLN_5_8_8 of 1103959_69_1133529_cp1_cp1p5_YPP_QPP_RPP,True,FeatureFilter_variance,0.0,1.0002765486725664
AC_V_GAIN_AFE_CLN_5_8_8 of 1103959_69_1133529_cp1p5,True,FeatureFilter_variance,0.0,1.0002765486725664
AC_V_GAIN_AFE_CLN_5_8_8 of 1103959_69_1133592_QPP,True,FeatureFilter_variance,0.0,1.0002765486725664
AC_V_GAIN_AFE_CLN_5_8_8 of 1103959_69_JPP,True,FeatureFilter_variance,0.0,1.0002765486725664
AC_V_GAIN_AFE_CLN_5_8_8_RAW 2 of 1103959_69_1133529_YPP,True,FeatureFilter_variance,0.0,1.0002765486725664
AC_V_GAIN_AFE_CLN_5_8_8_RAW 2 of 1103959_69_1133529_cp1_cp1p5,True,FeatureFilter_variance,0.0,1.0002765486725662
AC_V_GAIN_AFE_CLN_5_8_8_RAW 2 of 1103959_69_1133529_cp1_cp1p5_YPP_QPP,False,FeatureFilter_variance,0.0,1.000276548672566
AC_V_GAIN_AFE_CLN_5_8_8_RAW 2 of 1103959_69_1133592_RPP,True,FeatureFilter_variance,0.0,1.0002765486725664
AC_V_GAIN_AFE_CLN_5_8_8_RAW of 1103959_69_1133529_cp1,True,FeatureFilter_variance,0.009870107285678387,1.0002765486725667
AC_V_GAIN_AFE_CLN_5_8_8_RAW of 1103959_69_1133529_cp1_cp1p5_YPP,True,FeatureFilter_variance,0.0003745458088815212,1.0002765486725664
AC_V_GAIN_AFE_CLN_5_8_8_RAW of 1103959_69_1133529_cp1_cp1p5_YPP_QPP_RPP,True,FeatureFilter_variance,0.005545050371438265,1.0002765486725664
AC_V_GAIN_AFE_CLN_5_8_8_RAW of 1103959_69_1133529_cp1p5,True,FeatureFilter_variance,0.0,1.0002765486725664
AC_V_GAIN_AFE_CLN_5_8_8_RAW of 1103959_69_1133592_QPP,True,FeatureFilter_variance,0.008278833702206612,1.0002765486725664
AC_V_GAIN_AFE_CLN_5_8_8_RAW of 1103959_69_JPP,True,FeatureFilter_variance,0.0,1.0002765486725662
AC_V_GAIN_AFE_CLP_5_8_8 of 1103959_69_1133529_cp1_cp1p5_YPP_QPP,True,FeatureFilter_variance,0.0,1.0002765486725664
AC_V_GAIN_AFE_CLP_5_8_8 of 1103959_69_1133592_RPP,True,FeatureFilter_variance,0.0,1.0002765486725664
AC_V_GAIN_AFE_CLP_5_8_8_RAW of 1103959_69_1133529_cp1_cp1p5_YPP_QPP,True,FeatureFilter_variance,0.0,1.0002765486725662
AC_V_GAIN_AFE_CLP_5_8_8_RAW of 1103959_69_1133592_RPP,True,FeatureFilter_variance,0.0,1.0002765486725662
AC_V_GAIN_AFE_CN_FG_SA of 1103959_69_1133529_cp1,True,FeatureFilter_variance,0.0,1.0002765486725664
AC_V_GAIN_AFE_CN_FG_SA of 1103959_69_1133529_cp1_cp1p5_YPP,True,FeatureFilter_variance,0.0,1.0002765486725662
AC_V_GAIN_AFE_CN_FG_SA of 1103959_69_1133529_cp1_cp1p5_YPP_QPP_RPP,True,FeatureFilter_variance,0.0,1.0002765486725662
AC_V_GAIN_AFE_CN_FG_SA of 1103959_69_1133529_cp1p5,True,FeatureFilter_variance,0.009956209920346737,1.0002765486725664
AC_V_GAIN_AFE_CN_FG_SA of 1103959_69_1133592_QPP,True,FeatureFilter_variance,0.0,1.0002765486725667
AC_V_GAIN_AFE_CN_FG_SA of 1103959_69_JPP,True,FeatureFilter_variance,0.005863051861524582,1.0002765486725662
AC_V_GAIN_AFE_CRN_5_8_8 2 of 1103959_69_1133529_YPP,True,FeatureFilter_variance,0.0,1.0002765486725667
AC_V_GAIN_AFE_CRN_5_8_8 2 of 1103959_69_1133529_cp1_cp1p5,True,FeatureFilter_variance,0.0,1.0002765486725664
AC_V_GAIN_AFE_CRN_5_8_8 2 of 1103959_69_1133529_cp1_cp1p5_YPP_QPP,True,FeatureFilter_variance,0.0,1.0002765486725664
AC_V_GAIN_AFE_CRN_5_8_8 2 of 1103959_69_1133592_RPP,True,FeatureFilter_variance,0.0,1.0002765486725664
AC_V_GAIN_AFE_CRN_5_8_8 of 1103959_69_1133529_cp1,True,FeatureFilter_variance,0.0,1.0002765486725664
AC_V_GAIN_AFE_CRN_5_8_8 of 1103959_69_1133529_cp1_cp1p5_YPP,True,FeatureFilter_variance,0.0,1.0002765486725664
AC_V_GAIN_AFE_CRN_5_8_8 of 1103959_69_1133529_cp1_cp1p5_YPP_QPP_RPP,True,FeatureFilter_variance,0.0,1.0002765486725662
AC_V_GAIN_AFE_CRN_5_8_8 of 1103959_69_1133529_cp1p5,True,FeatureFilter_variance,0.0,1.0002765486725664
AC_V_GAIN_AFE_CRN_5_8_8 of 1103959_69_1133592_QPP,True,FeatureFilter_variance,0.0,1.0002765486725662
AC_V_GAIN_AFE_CRN_5_8_8 of 1103959_69_JPP,True,FeatureFilter_variance,0.0004781766328960657,1.0002765486725662
AC_V_GAIN_AFE_CRN_5_8_8_RAW 2 of 1103959_69_1133529_YPP,True,FeatureFilter_variance,0.0,1.0002765486725664
AC_V_GAIN_AFE_CRN_5_8_8_RAW 2 of 1103959_69_1133529_cp1_cp1p5,True,FeatureFilter_variance,0.0,1.0002765486725664
AC_V_GAIN_AFE_CRN_5_8_8_RAW 2 of 1103959_69_1133529_cp1_cp1p5_YPP_QPP,True,FeatureFilter_variance,0.0,1.0002765486725662
AC_V_GAIN_AFE_CRN_5_8_8_RAW 2 of 1103959_69_1133592_RPP,True,FeatureFilter_variance,0.0,1.0002765486725664
AC_V_GAIN_AFE_CRN_5_8_8_RAW of 1103959_69_1133529_cp1,True,FeatureFilter_variance,0.007887808606028557,1.0002765486725667
AC_V_GAIN_AFE_CRN_5_8_8_RAW of 1103959_69_1133529_cp1_cp1p5_YPP,True,FeatureFilter_variance,0.0,1.0002765486725662
AC_V_GAIN_AFE_CRN_5_8_8_RAW of 1103959_69_1133529_cp1_cp1p5_YPP_QPP_RPP,True,FeatureFilter_variance,0.0,1.0002765486725667
AC_V_GAIN_AFE_CRN_5_8_8_RAW of 1103959_69_1133529_cp1p5,True,FeatureFilter_variance,0.0,1.0002765486725664
AC_V_GAIN_AFE_CRN_5_8_8_RAW of 1103959_69_1133592_QPP,True,FeatureFilter_variance,0.0,1.0002765486725664
AC_V_GAIN_AFE_CRN_5_8_8_RAW of 1103959_69_JPP,True,FeatureFilter_variance,0.0,1.0002765486725664
AC_V_GAIN_AFE_CRP_5_8_8 of 1103959_69_1133529_cp1_cp1p5_YPP_QPP,True,FeatureFilter_variance,0.0,1.0002765486725664
AC_V_GAIN_AFE_CRP_5_8_8 of 1103959_69_1133592_RPP,True,FeatureFilter_variance,0.0,1.0002765486725664
AC_V_GAIN_AFE_CRP_5_8_8_RAW of 1103959_69_1133529_cp1_cp1p5_YPP_QPP,True,FeatureFilter_variance,0.0,1.0002765486725662
AC_V_GAIN_AFE_CRP_5_8_8_RAW of 1103959_69_1133592_RPP,True,FeatureFilter_variance,0.0,1.0002765486725664
AG_AFE_GAIN_10_1_2_PF of 1103959_69_1133529_cp1,False,FeatureFilter_variance,0.0,0.0
AG_AFE_GAIN_10_1_2_PF of 1103959_69_1133529_cp1_cp1p5_YPP,False,FeatureFilter_variance,0.0,0.0
AG_AFE_GAIN_10_1_2_PF of 1103959_69_1133529_cp1_cp1p5_YPP_QPP_RPP,False,FeatureFilter_variance,0.0,0.0
AG_AFE_GAIN_10_1_2_PF of 1103959_69_1133529_cp1p5,False,FeatureFilter_variance,0.0,0.0
AG_AFE_GAIN_10_1_2_PF of 1103959_69_1133592_QPP,False,FeatureFilter_variance,0.0,0.0
AG_AFE_GAIN_10_1_2_PF of 1103959_69_JPP,False,FeatureFilter_variance,0.0,0.0
AG_AFE_GAIN_11_2_1_PF of 1103959_69_1133529_cp1,True,FeatureFilter_variance,0.0,1.0002765486725662
AG_AFE_GAIN_11_2_1_PF of 1103959_69_1133529_cp1_cp1p5_YPP,False,FeatureFilter_variance,0.0,0.0
AG_AFE_GAIN_11_2_1_PF of 1103959_69_1133529_cp1_cp1p5_YPP_QPP_RPP,False,FeatureFilter_variance,0.0,0.0
AG_AFE_GAIN_11_2_1_PF of 1103959_69_1133529_cp1p5,True,FeatureFilter_variance,0.0,1.0002765486725667
AG_AFE_GAIN_11_2_1_PF of 1103959_69_1133592_QPP,False,FeatureFilter_variance,0.0,0.0
AG_AFE_GAIN_11_2_1_PF of 1103959_69_JPP,False,FeatureFilter_variance,0.0,0.0
AG_AFE_GAIN_12_2_1_2C_PF of 1103959_69_1133529_cp1,False,FeatureFilter_variance,0.0,0.0
AG_AFE_GAIN_12_2_1_2C_PF of 1103959_69_1133529_cp1_cp1p5_YPP,False,FeatureFilter_variance,0.0,0.0
AG_AFE_GAIN_12_2_1_2C_PF of 1103959_69_1133529_cp1_cp1p5_YPP_QPP_RPP,False,FeatureFilter_variance,0.0,0.0
AG_AFE_GAIN_12_2_1_2C_PF of 1103959_69_1133529_cp1p5,False,FeatureFilter_variance,0.0,1.0002765486725653
AG_AFE_GAIN_12_2_1_2C_PF of 1103959_69_1133592_QPP,False,FeatureFilter_variance,0.0,0.0
AG_AFE_GAIN_12_2_1_2C_PF of 1103959_69_JPP,False,FeatureFilter_variance,0.0,0.0
AG_AFE_GAIN_12_2_1_PF of 1103959_69_1133529_cp1,False,FeatureFilter_variance,0.0,0.0
AG_AFE_GAIN_12_2_1_PF of 1103959_69_1133529_cp1_cp1p5_YPP,False,FeatureFilter_variance,0.0,0.0
AG_AFE_GAIN_12_2_1_PF of 1103959_69_1133529_cp1_cp1p5_YPP_QPP_RPP,False,FeatureFilter_variance,0.0,0.0
AG_AFE_GAIN_12_2_1_PF of 1103959_69_1133529_cp1p5,False,FeatureFilter_variance,0.0,1.0002765486725653
AG_AFE_GAIN_12_2_1_PF of 1103959_69_1133592_QPP,False,FeatureFilter_variance,0.0,0.0
AG_AFE_GAIN_12_2_1_PF of 1103959_69_JPP,False,FeatureFilter_variance,0.0,0.0
AG_AFE_GAIN_5_1_8_2C_PF of 1103959_69_1133529_cp1,False,FeatureFilter_variance,0.0,0.0
AG_AFE_GAIN_5_1_8_2C_PF of 1103959_69_1133529_cp1_cp1p5_YPP,False,FeatureFilter_variance,0.0,0.0
AG_AFE_GAIN_5_1_8_2C_PF of 1103959_69_1133529_cp1_cp1p5_YPP_QPP_RPP,False,FeatureFilter_variance,0.0,0.0
AG_AFE_GAIN_5_1_8_2C_PF of 1103959_69_1133529_cp1p5,False,FeatureFilter_variance,0.0,0.0
AG_AFE_GAIN_5_1_8_2C_PF of 1103959_69_1133592_QPP,False,FeatureFilter_variance,0.0,0.0
AG_AFE_GAIN_5_1_8_2C_PF of 1103959_69_JPP,False,FeatureFilter_variance,0.0,0.0
AG_AFE_GAIN_5_1_8_PF of 1103959_69_1133529_cp1,False,FeatureFilter_variance,0.0,0.0
AG_AFE_GAIN_5_1_8_PF of 1103959_69_1133529_cp1_cp1p5_YPP,False,FeatureFilter_variance,0.0,0.0
AG_AFE_GAIN_5_1_8_PF of 1103959_69_1133529_cp1_cp1p5_YPP_QPP_RPP,False,FeatureFilter_variance,0.0,0.0
AG_AFE_GAIN_5_1_8_PF of 1103959_69_1133529_cp1p5,False,FeatureFilter_variance,0.0,0.0
AG_AFE_GAIN_5_1_8_PF of 1103959_69_1133592_QPP,False,FeatureFilter_variance,0.0,0.0
AG_AFE_GAIN_5_1_8_PF of 1103959_69_JPP,False,FeatureFilter_variance,0.0,0.0
AG_AFE_GAIN_5_8_1_PF of 1103959_69_1133529_cp1,False,FeatureFilter_variance,0.0,0.0
AG_AFE_GAIN_5_8_1_PF of 1103959_69_1133529_cp1_cp1p5_YPP,False,FeatureFilter_variance,0.0,0.0
AG_AFE_GAIN_5_8_1_PF of 1103959_69_1133529_cp1_cp1p5_YPP_QPP_RPP,False,FeatureFilter_variance,0.0,0.0
AG_AFE_GAIN_5_8_1_PF of 1103959_69_1133529_cp1p5,False,FeatureFilter_variance,0.0,0.0
AG_AFE_GAIN_5_8_1_PF of 1103959_69_1133592_QPP,False,FeatureFilter_variance,0.0,0.0
AG_AFE_GAIN_5_8_1_PF of 1103959_69_JPP,False,FeatureFilter_variance,0.0,0.0
AG_AFE_GAIN_6_1_4_2C_PF of 1103959_69_1133529_YPP,False,FeatureFilter_variance,0.0,0.0
AG_AFE_GAIN_6_1_4_2C_PF of 1103959_69_1133529_cp1_cp1p5,False,FeatureFilter_variance,0.0,0.0
AG_AFE_GAIN_6_1_4_2C_PF of 1103959_69_1133529_cp1_cp1p5_YPP_QPP,False,FeatureFilter_variance,0.0,0.0
AG_AFE_GAIN_6_1_4_2C_PF of 1103959_69_1133592_RPP,False,FeatureFilter_variance,0.0,0.0
AG_AFE_GAIN_6_1_4_PF of 1103959_69_1133529_cp1,False,FeatureFilter_variance,0.0,0.0
AG_AFE_GAIN_6_1_4_PF of 1103959_69_1133529_cp1_cp1p5_YPP,False,FeatureFilter_variance,0.0,0.0
AG_AFE_GAIN_6_1_4_PF of 1103959_69_1133529_cp1_cp1p5_YPP_QPP_RPP,False,FeatureFilter_variance,0.0,0.0
AG_AFE_GAIN_6_1_4_PF of 1103959_69_1133529_cp1p5,False,FeatureFilter_variance,0.0,0.0
AG_AFE_GAIN_6_1_4_PF of 1103959_69_1133592_QPP,False,FeatureFilter_variance,0.0,0.0
AG_AFE_GAIN_6_1_4_PF of 1103959_69_JPP,False,FeatureFilter_variance,0.0,0.0
AG_AFE_GAIN_6_4_1_2C_PF of 1103959_69_1133529_YPP,False,FeatureFilter_variance,0.0,0.0
AG_AFE_GAIN_6_4_1_2C_PF of 1103959_69_1133529_cp1_cp1p5,False,FeatureFilter_variance,0.0,0.0
AG_AFE_GAIN_6_4_1_2C_PF of 1103959_69_1133529_cp1_cp1p5_YPP_QPP,False,FeatureFilter_variance,0.0,0.0
AG_AFE_GAIN_6_4_1_2C_PF of 1103959_69_1133592_RPP,False,FeatureFilter_variance,0.0,0.0
AG_AFE_GAIN_6_4_1_PF of 1103959_69_1133529_cp1,True,FeatureFilter_variance,0.0,1.0002765486725664
AG_AFE_GAIN_6_4_1_PF of 1103959_69_1133529_cp1_cp1p5_YPP,False,FeatureFilter_variance,0.0,0.0
AG_AFE_GAIN_6_4_1_PF of 1103959_69_1133529_cp1_cp1p5_YPP_QPP_RPP,False,FeatureFilter_variance,0.0,0.0
AG_AFE_GAIN_6_4_1_PF of 1103959_69_1133529_cp1p5,False,FeatureFilter_variance,0.0,0.0
AG_AFE_GAIN_6_4_1_PF of 1103959_69_1133592_QPP,False,FeatureFilter_variance,0.0,0.0
AG_AFE_GAIN_6_4_1_PF of 1103959_69_JPP,False,FeatureFilter_variance,0.0,0.0
AG_AFE_GAIN_7_4_1_N_PF of 1103959_69_1133529_cp1,False,FeatureFilter_variance,0.0,0.0
AG_AFE_GAIN_7_4_1_N_PF of 1103959_69_1133529_cp1_cp1p5_YPP,False,FeatureFilter_variance,0.0,0.0
AG_AFE_GAIN_7_4_1_N_PF of 1103959_69_1133529_cp1_cp1p5_YPP_QPP_RPP,False,FeatureFilter_variance,0.0,0.0
AG_AFE_GAIN_7_4_1_N_PF of 1103959_69_1133529_cp1p5,False,FeatureFilter_variance,0.0,0.0
AG_AFE_GAIN_7_4_1_N_PF of 1103959_69_1133592_QPP,False,FeatureFilter_variance,0.0,0.0
AG_AFE_GAIN_7_4_1_N_PF of 1103959_69_JPP,False,FeatureFilter_variance,0.0,0.0
AG_AFE_GAIN_7_4_1_PF of 1103959_69_1133529_cp1,False,FeatureFilter_variance,0.0,0.0
AG_AFE_GAIN_7_4_1_PF of 1103959_69_1133529_cp1_cp1p5_YPP,False,FeatureFilter_variance,0.0,0.0
AG_AFE_GAIN_7_4_1_PF of 1103959_69_1133529_cp1_cp1p5_YPP_QPP_RPP,False,FeatureFilter_variance,0.0,0.0
AG_AFE_GAIN_7_4_1_PF of 1103959_69_1133529_cp1p5,False,FeatureFilter_variance,0.0,0.0
AG_AFE_GAIN_7_4_1_PF of 1103959_69_1133592_QPP,False,FeatureFilter_variance,0.0,0.0
AG_AFE_GAIN_7_4_1_PF of 1103959_69_JPP,False,FeatureFilter_variance,0.0,0.0
AG_AFE_GAIN_8_2_1_PF of 1103959_69_1133529_cp1,False,FeatureFilter_variance,0.0,0.0
AG_AFE_GAIN_8_2_1_PF of 1103959_69_1133529_cp1_cp1p5_YPP,False,FeatureFilter_variance,0.0,0.0
AG_AFE_GAIN_8_2_1_PF of 1103959_69_1133529_cp1_cp1p5_YPP_QPP_RPP,False,FeatureFilter_variance,0.0,0.0
AG_AFE_GAIN_8_2_1_PF of 1103959_69_1133529_cp1p5,False,FeatureFilter_variance,0.0,0.0
AG_AFE_GAIN_8_2_1_PF of 1103959_69_1133592_QPP,False,FeatureFilter_variance,0.0,0.0
AG_AFE_GAIN_8_2_1_PF of 1103959_69_JPP,False,FeatureFilter_variance,0.0,0.0
AG_AFE_GAIN_9_1_2_N_PF of 1103959_69_1133529_cp1,False,FeatureFilter_variance,0.0,0.0
AG_AFE_GAIN_9_1_2_N_PF of 1103959_69_1133529_cp1_cp1p5_YPP,False,FeatureFilter_variance,0.0,0.0
AG_AFE_GAIN_9_1_2_N_PF of 1103959_69_1133529_cp1_cp1p5_YPP_QPP_RPP,False,FeatureFilter_variance,0.0,0.0
AG_AFE_GAIN_9_1_2_N_PF of 1103959_69_1133529_cp1p5,False,FeatureFilter_variance,0.0,0.0
AG_AFE_GAIN_9_1_2_N_PF of 1103959_69_1133592_QPP,False,FeatureFilter_variance,0.0,0.0
AG_AFE_GAIN_9_1_2_N_PF of 1103959_69_JPP,False,FeatureFilter_variance,0.0,0.0
AG_AFE_GAIN_9_1_2_PF of 1103959_69_1133529_cp1,False,FeatureFilter_variance,0.0,0.0
AG_AFE_GAIN_9_1_2_PF of 1103959_69_1133529_cp1_cp1p5_YPP,False,FeatureFilter_variance,0.0,0.0
AG_AFE_GAIN_9_1_2_PF of 1103959_69_1133529_cp1_cp1p5_YPP_QPP_RPP,False,FeatureFilter_variance,0.0,0.0
AG_AFE_GAIN_9_1_2_PF of 1103959_69_1133529_cp1p5,False,FeatureFilter_variance,0.0,0.0
AG_AFE_GAIN_9_1_2_PF of 1103959_69_1133592_QPP,False,FeatureFilter_variance,0.0,0.0
AG_AFE_GAIN_9_1_2_PF of 1103959_69_JPP,False,FeatureFilter_variance,0.0,0.0
AG_V_SELF_GAIN_12_2_1_2C_RAW of 1103959_69_1133529_cp1,True,FeatureFilter_variance,0.0,1.0002765486725664
AG_V_SELF_GAIN_12_2_1_2C_RAW of 1103959_69_1133529_cp1_cp1p5_YPP,True,FeatureFilter_variance,0.0,1.0002765486725664
AG_V_SELF_GAIN_12_2_1_2C_RAW of 1103959_69_1133529_cp1_cp1p5_YPP_QPP_RPP,True,FeatureFilter_variance,0.0,1.0002765486725664
AG_V_SELF_GAIN_12_2_1_2C_RAW of 1103959_69_1133529_cp1p5,True,FeatureFilter_variance,0.0010428265668451786,1.0002765486725667
AG_V_SELF_GAIN_12_2_1_2C_RAW of 1103959_69_1133592_QPP,True,FeatureFilter_variance,0.0,1.0002765486725662
AG_V_SELF_GAIN_12_2_1_2C_RAW of 1103959_69_JPP,True,FeatureFilter_variance,0.0,1.0002765486725662
AG_V_SELF_GAIN_12_2_1_2C_VSS of 1103959_69_1133529_cp1,True,FeatureFilter_variance,0.0,1.0002765486725667
AG_V_SELF_GAIN_12_2_1_2C_VSS of 1103959_69_1133529_cp1_cp1p5_YPP,True,FeatureFilter_variance,0.0,1.0002765486725662
AG_V_SELF_GAIN_12_2_1_2C_VSS of 1103959_69_1133529_cp1_cp1p5_YPP_QPP_RPP,True,FeatureFilter_variance,0.0,1.0002765486725662
AG_V_SELF_GAIN_12_2_1_2C_VSS of 1103959_69_1133529_cp1p5,True,FeatureFilter_variance,0.0,1.0002765486725664
AG_V_SELF_GAIN_12_2_1_2C_VSS of 1103959_69_1133592_QPP,True,FeatureFilter_variance,0.0,1.0002765486725667
AG_V_SELF_GAIN_12_2_1_2C_VSS of 1103959_69_JPP,True,FeatureFilter_variance,0.0,1.0002765486725664
AG_V_SELF_GAIN_7_4_1_N of 1103959_69_1133529_cp1,True,FeatureFilter_variance,0.0,1.0002765486725662
AG_V_SELF_GAIN_7_4_1_N of 1103959_69_1133529_cp1_cp1p5_YPP,True,FeatureFilter_variance,0.0,1.0002765486725662
AG_V_SELF_GAIN_7_4_1_N of 1103959_69_1133529_cp1_cp1p5_YPP_QPP_RPP,True,FeatureFilter_variance,0.0,1.0002765486725662
AG_V_SELF_GAIN_7_4_1_N of 1103959_69_1133529_cp1p5,True,FeatureFilter_variance,0.0,1.0002765486725664
AG_V_SELF_GAIN_7_4_1_N of 1103959_69_1133592_QPP,True,FeatureFilter_variance,0.0,1.0002765486725662
AG_V_SELF_GAIN_7_4_1_N of 1103959_69_JPP,True,FeatureFilter_variance,0.0,1.0002765486725662
AG_V_SELF_GAIN_7_4_1_N_RAW of 1103959_69_1133529_cp1,True,FeatureFilter_variance,0.0,1.0002765486725662
AG_V_SELF_GAIN_7_4_1_N_RAW of 1103959_69_1133529_cp1_cp1p5_YPP,True,FeatureFilter_variance,0.0,1.0002765486725662
AG_V_SELF_GAIN_7_4_1_N_RAW of 1103959_69_1133529_cp1_cp1p5_YPP_QPP_RPP,True,FeatureFilter_variance,0.0,1.0002765486725664
AG_V_SELF_GAIN_7_4_1_N_RAW of 1103959_69_1133529_cp1p5,True,FeatureFilter_variance,0.0,1.0002765486725664
AG_V_SELF_GAIN_7_4_1_N_RAW of 1103959_69_1133592_QPP,True,FeatureFilter_variance,0.0,1.0002765486725662
AG_V_SELF_GAIN_7_4_1_N_RAW of 1103959_69_JPP,True,FeatureFilter_variance,0.0,1.0002765486725667
AG_V_SELF_GAIN_7_4_1_N_VSS of 1103959_69_1133529_cp1,True,FeatureFilter_variance,0.0,1.0002765486725664
AG_V_SELF_GAIN_7_4_1_N_VSS of 1103959_69_1133529_cp1_cp1p5_YPP,True,FeatureFilter_variance,0.0,1.0002765486725664
AG_V_SELF_GAIN_7_4_1_N_VSS of 1103959_69_1133529_cp1_cp1p5_YPP_QPP_RPP,True,FeatureFilter_variance,0.0,1.0002765486725664
AG_V_SELF_GAIN_7_4_1_N_VSS of 1103959_69_1133529_cp1p5,True,FeatureFilter_variance,0.0,1.0002765486725664
AG_V_SELF_GAIN_7_4_1_N_VSS of 1103959_69_1133592_QPP,True,FeatureFilter_variance,0.0,1.0002765486725667
AG_V_SELF_GAIN_7_4_1_N_VSS of 1103959_69_JPP,True,FeatureFilter_variance,0.0,1.0002765486725664
AG_V_SELF_GAIN_9_1_2_N of 1103959_69_1133529_cp1,True,FeatureFilter_variance,0.0,1.0002765486725664
AG_V_SELF_GAIN_9_1_2_N of 1103959_69_1133529_cp1_cp1p5_YPP,True,FeatureFilter_variance,0.0,1.0002765486725667
AG_V_SELF_GAIN_9_1_2_N of 1103959_69_1133529_cp1_cp1p5_YPP_QPP_RPP,True,FeatureFilter_variance,0.0,1.0002765486725664
AG_V_SELF_GAIN_9_1_2_N of 1103959_69_1133529_cp1p5,False,FeatureFilter_variance,0.0,1.0002765486725662
AG_V_SELF_GAIN_9_1_2_N of 1103959_69_1133592_QPP,True,FeatureFilter_variance,0.0,1.0002765486725667
AG_V_SELF_GAIN_9_1_2_N of 1103959_69_JPP,True,FeatureFilter_variance,0.0,1.0002765486725664
AG_V_SELF_GAIN_9_1_2_N_RAW of 1103959_69_1133529_cp1,True,FeatureFilter_variance,0.0,1.0002765486725664
AG_V_SELF_GAIN_9_1_2_N_RAW of 1103959_69_1133529_cp1_cp1p5_YPP,False,FeatureFilter_variance,0.0,1.0002765486725662
AG_V_SELF_GAIN_9_1_2_N_RAW of 1103959_69_1133529_cp1_cp1p5_YPP_QPP_RPP,True,FeatureFilter_variance,0.0,1.0002765486725664
AG_V_SELF_GAIN_9_1_2_N_RAW of 1103959_69_1133529_cp1p5,False,FeatureFilter_variance,0.0,1.0002765486725662
AG_V_SELF_GAIN_9_1_2_N_RAW of 1103959_69_1133592_QPP,True,FeatureFilter_variance,0.0,1.0002765486725662
AG_V_SELF_GAIN_9_1_2_N_RAW of 1103959_69_JPP,True,FeatureFilter_variance,0.0024417659733444452,1.0002765486725667
AG_V_SELF_GAIN_9_1_2_N_VSS of 1103959_69_1133529_cp1,True,FeatureFilter_variance,0.0,1.0002765486725662
AG_V_SELF_GAIN_9_1_2_N_VSS of 1103959_69_1133529_cp1_cp1p5_YPP,True,FeatureFilter_variance,0.0,1.0002765486725667
AG_V_SELF_GAIN_9_1_2_N_VSS of 1103959_69_1133529_cp1_cp1p5_YPP_QPP_RPP,True,FeatureFilter_variance,0.0,1.0002765486725664
AG_V_SELF_GAIN_9_1_2_N_VSS of 1103959_69_1133529_cp1p5,True,FeatureFilter_variance,0.0,1.0002765486725662
AG_V_SELF_GAIN_9_1_2_N_VSS of 1103959_69_1133592_QPP,True,FeatureFilter_variance,0.0,1.0002765486725662
AG_V_SELF_GAIN_9_1_2_N_VSS of 1103959_69_JPP,True,FeatureFilter_variance,0.0,1.0002765486725664
AG_V_SELF_TEST_GAIN_10_1_2 of 1103959_69_1133529_cp1,True,FeatureFilter_variance,0.0,1.0002765486725664
AG_V_SELF_TEST_GAIN_10_1_2 of 1103959_69_1133529_cp1_cp1p5_YPP,True,FeatureFilter_variance,0.0,1.0002765486725664
AG_V_SELF_TEST_GAIN_10_1_2 of 1103959_69_1133529_cp1_cp1p5_YPP_QPP_RPP,True,FeatureFilter_variance,0.0,1.0002765486725667
AG_V_SELF_TEST_GAIN_10_1_2 of 1103959_69_1133529_cp1p5,True,FeatureFilter_variance,0.0,1.0002765486725664
AG_V_SELF_TEST_GAIN_10_1_2 of 1103959_69_1133592_QPP,True,FeatureFilter_variance,0.0,1.0002765486725664
AG_V_SELF_TEST_GAIN_10_1_2 of 1103959_69_JPP,True,FeatureFilter_variance,0.0,1.0002765486725664
AG_V_SELF_TEST_GAIN_10_1_2_RAW of 1103959_69_1133529_cp1,True,FeatureFilter_variance,0.0,1.0002765486725667
AG_V_SELF_TEST_GAIN_10_1_2_RAW of 1103959_69_1133529_cp1_cp1p5_YPP,True,FeatureFilter_variance,0.004207080230116844,1.0002765486725664
AG_V_SELF_TEST_GAIN_10_1_2_RAW of 1103959_69_1133529_cp1_cp1p5_YPP_QPP_RPP,True,FeatureFilter_variance,0.0,1.0002765486725664
AG_V_SELF_TEST_GAIN_10_1_2_RAW of 1103959_69_1133529_cp1p5,False,FeatureFilter_variance,0.0,1.0002765486725662
AG_V_SELF_TEST_GAIN_10_1_2_RAW of 1103959_69_1133592_QPP,True,FeatureFilter_variance,0.0,1.0002765486725664
AG_V_SELF_TEST_GAIN_10_1_2_RAW of 1103959_69_JPP,False,FeatureFilter_variance,0.0,1.0002765486725662
AG_V_SELF_TEST_GAIN_10_1_2_VSS of 1103959_69_1133529_cp1,True,FeatureFilter_variance,0.0,1.0002765486725664
AG_V_SELF_TEST_GAIN_10_1_2_VSS of 1103959_69_1133529_cp1_cp1p5_YPP,True,FeatureFilter_variance,0.0055107236839830875,1.0002765486725667
AG_V_SELF_TEST_GAIN_10_1_2_VSS of 1103959_69_1133529_cp1_cp1p5_YPP_QPP_RPP,True,FeatureFilter_variance,0.0,1.0002765486725664
AG_V_SELF_TEST_GAIN_10_1_2_VSS of 1103959_69_1133529_cp1p5,True,FeatureFilter_variance,0.0,1.0002765486725664
AG_V_SELF_TEST_GAIN_10_1_2_VSS of 1103959_69_1133592_QPP,True,FeatureFilter_variance,0.0,1.0002765486725664
AG_V_SELF_TEST_GAIN_10_1_2_VSS of 1103959_69_JPP,False,FeatureFilter_variance,0.0,1.0002765486725662
AG_V_SELF_TEST_GAIN_11_2_1 of 1103959_69_1133529_cp1,True,FeatureFilter_variance,0.0,1.0002765486725664
AG_V_SELF_TEST_GAIN_11_2_1 of 1103959_69_1133529_cp1_cp1p5_YPP,True,FeatureFilter_variance,0.0,1.0002765486725664
AG_V_SELF_TEST_GAIN_11_2_1 of 1103959_69_1133529_cp1_cp1p5_YPP_QPP_RPP,True,FeatureFilter_variance,0.0,1.0002765486725664
AG_V_SELF_TEST_GAIN_11_2_1 of 1103959_69_1133529_cp1p5,False,FeatureFilter_variance,0.0,1.0002765486725662
AG_V_SELF_TEST_GAIN_11_2_1 of 1103959_69_1133592_QPP,True,FeatureFilter_variance,0.0,1.0002765486725664
AG_V_SELF_TEST_GAIN_11_2_1 of 1103959_69_JPP,True,FeatureFilter_variance,0.0,1.0002765486725664
AG_V_SELF_TEST_GAIN_11_2_1_RAW of 1103959_69_1133529_cp1,True,FeatureFilter_variance,0.0,1.0002765486725664
AG_V_SELF_TEST_GAIN_11_2_1_RAW of 1103959_69_1133529_cp1_cp1p5_YPP,True,FeatureFilter_variance,0.0,1.0002765486725664
AG_V_SELF_TEST_GAIN_11_2_1_RAW of 1103959_69_1133529_cp1_cp1p5_YPP_QPP_RPP,True,FeatureFilter_variance,0.0,1.0002765486725664
AG_V_SELF_TEST_GAIN_11_2_1_RAW of 1103959_69_1133529_cp1p5,False,FeatureFilter_variance,0.0,1.0002765486725662
AG_V_SELF_TEST_GAIN_11_2_1_RAW of 1103959_69_1133592_QPP,True,FeatureFilter_variance,0.0,1.0002765486725664
AG_V_SELF_TEST_GAIN_11_2_1_RAW of 1103959_69_JPP,True,FeatureFilter_variance,0.0,1.0002765486725664
AG_V_SELF_TEST_GAIN_11_2_1_VSS of 1103959_69_1133529_cp1,False,FeatureFilter_variance,0.0,1.0002765486725662
AG_V_SELF_TEST_GAIN_11_2_1_VSS of 1103959_69_1133529_cp1_cp1p5_YPP,True,FeatureFilter_variance,0.0,1.0002765486725667
AG_V_SELF_TEST_GAIN_11_2_1_VSS of 1103959_69_1133529_cp1_cp1p5_YPP_QPP_RPP,True,FeatureFilter_variance,0.0,1.0002765486725664
AG_V_SELF_TEST_GAIN_11_2_1_VSS of 1103959_69_1133529_cp1p5,False,FeatureFilter_variance,0.0,1.0002765486725662
AG_V_SELF_TEST_GAIN_11_2_1_VSS of 1103959_69_1133592_QPP,False,FeatureFilter_variance,0.0,1.0002765486725662
AG_V_SELF_TEST_GAIN_11_2_1_VSS of 1103959_69_JPP,True,FeatureFilter_variance,0.0,1.0002765486725664
AG_V_SELF_TEST_GAIN_12_2_1 of 1103959_69_1133529_cp1,True,FeatureFilter_variance,0.0,1.0002765486725667
AG_V_SELF_TEST_GAIN_12_2_1 of 1103959_69_1133529_cp1_cp1p5_YPP,True,FeatureFilter_variance,0.0,1.0002765486725667
AG_V_SELF_TEST_GAIN_12_2_1 of 1103959_69_1133529_cp1_cp1p5_YPP_QPP_RPP,False,FeatureFilter_variance,0.0,1.0002765486725662
AG_V_SELF_TEST_GAIN_12_2_1 of 1103959_69_1133529_cp1p5,True,FeatureFilter_variance,0.0,1.0002765486725667
AG_V_SELF_TEST_GAIN_12_2_1 of 1103959_69_1133592_QPP,True,FeatureFilter_variance,0.0,1.0002765486725664
AG_V_SELF_TEST_GAIN_12_2_1 of 1103959_69_JPP,True,FeatureFilter_variance,0.0,1.0002765486725664
AG_V_SELF_TEST_GAIN_12_2_1_2C of 1103959_69_1133529_cp1,True,FeatureFilter_variance,0.0,1.0002765486725664
AG_V_SELF_TEST_GAIN_12_2_1_2C of 1103959_69_1133529_cp1_cp1p5_YPP,False,FeatureFilter_variance,0.0,1.0002765486725662
AG_V_SELF_TEST_GAIN_12_2_1_2C of 1103959_69_1133529_cp1_cp1p5_YPP_QPP_RPP,False,FeatureFilter_variance,0.0,1.000276548672566
AG_V_SELF_TEST_GAIN_12_2_1_2C of 1103959_69_1133529_cp1p5,True,FeatureFilter_variance,0.0,1.0002765486725664
AG_V_SELF_TEST_GAIN_12_2_1_2C of 1103959_69_1133592_QPP,True,FeatureFilter_variance,0.0,1.0002765486725664
AG_V_SELF_TEST_GAIN_12_2_1_2C of 1103959_69_JPP,True,FeatureFilter_variance,0.0,1.0002765486725664
AG_V_SELF_TEST_GAIN_12_2_1_RAW of 1103959_69_1133529_cp1,True,FeatureFilter_variance,0.0,1.0002765486725664
AG_V_SELF_TEST_GAIN_12_2_1_RAW of 1103959_69_1133529_cp1_cp1p5_YPP,True,FeatureFilter_variance,0.0,1.0002765486725664
AG_V_SELF_TEST_GAIN_12_2_1_RAW of 1103959_69_1133529_cp1_cp1p5_YPP_QPP_RPP,True,FeatureFilter_variance,0.0,1.0002765486725664
AG_V_SELF_TEST_GAIN_12_2_1_RAW of 1103959_69_1133529_cp1p5,False,FeatureFilter_variance,0.0,1.0002765486725662
AG_V_SELF_TEST_GAIN_12_2_1_RAW of 1103959_69_1133592_QPP,True,FeatureFilter_variance,0.0,1.0002765486725664
AG_V_SELF_TEST_GAIN_12_2_1_RAW of 1103959_69_JPP,False,FeatureFilter_variance,0.0,1.0002765486725662
AG_V_SELF_TEST_GAIN_12_2_1_VSS of 1103959_69_1133529_cp1,True,FeatureFilter_variance,0.0,1.0002765486725664
AG_V_SELF_TEST_GAIN_12_2_1_VSS of 1103959_69_1133529_cp1_cp1p5_YPP,False,FeatureFilter_variance,0.0,1.0002765486725662
AG_V_SELF_TEST_GAIN_12_2_1_VSS of 1103959_69_1133529_cp1_cp1p5_YPP_QPP_RPP,True,FeatureFilter_variance,0.0,1.0002765486725664
AG_V_SELF_TEST_GAIN_12_2_1_VSS of 1103959_69_1133529_cp1p5,True,FeatureFilter_variance,0.0,1.0002765486725664
AG_V_SELF_TEST_GAIN_12_2_1_VSS of 1103959_69_1133592_QPP,True,FeatureFilter_variance,0.0,1.0002765486725664
AG_V_SELF_TEST_GAIN_12_2_1_VSS of 1103959_69_JPP,True,FeatureFilter_variance,0.0,1.0002765486725664
AG_V_SELF_TEST_GAIN_5_1_8 of 1103959_69_1133529_cp1,True,FeatureFilter_variance,0.0,1.0002765486725664
AG_V_SELF_TEST_GAIN_5_1_8 of 1103959_69_1133529_cp1_cp1p5_YPP,True,FeatureFilter_variance,0.0,1.0002765486725664
AG_V_SELF_TEST_GAIN_5_1_8 of 1103959_69_1133529_cp1_cp1p5_YPP_QPP_RPP,True,FeatureFilter_variance,0.0,1.0002765486725664
AG_V_SELF_TEST_GAIN_5_1_8 of 1103959_69_1133529_cp1p5,False,FeatureFilter_variance,0.0,1.0002765486725662
AG_V_SELF_TEST_GAIN_5_1_8 of 1103959_69_1133592_QPP,True,FeatureFilter_variance,0.0,1.0002765486725664
AG_V_SELF_TEST_GAIN_5_1_8 of 1103959_69_JPP,False,FeatureFilter_variance,0.0,1.0002765486725662
AG_V_SELF_TEST_GAIN_5_1_8_2C of 1103959_69_1133529_cp1,False,FeatureFilter_variance,0.0,1.0002765486725662
AG_V_SELF_TEST_GAIN_5_1_8_2C of 1103959_69_1133529_cp1_cp1p5_YPP,True,FeatureFilter_variance,0.0,1.0002765486725664
AG_V_SELF_TEST_GAIN_5_1_8_2C of 1103959_69_1133529_cp1_cp1p5_YPP_QPP_RPP,False,FeatureFilter_variance,0.0,1.0002765486725662
AG_V_SELF_TEST_GAIN_5_1_8_2C of 1103959_69_1133529_cp1p5,True,FeatureFilter_variance,0.0,1.0002765486725664
AG_V_SELF_TEST_GAIN_5_1_8_2C of 1103959_69_1133592_QPP,True,FeatureFilter_variance,0.0,1.0002765486725664
AG_V_SELF_TEST_GAIN_5_1_8_2C of 1103959_69_JPP,True,FeatureFilter_variance,0.0,1.0002765486725667
AG_V_SELF_TEST_GAIN_5_1_8_RAW of 1103959_69_1133529_cp1,False,FeatureFilter_variance,0.0,1.0002765486725662
AG_V_SELF_TEST_GAIN_5_1_8_RAW of 1103959_69_1133529_cp1_cp1p5_YPP,True,FeatureFilter_variance,0.0,1.0002765486725664
AG_V_SELF_TEST_GAIN_5_1_8_RAW of 1103959_69_1133529_cp1_cp1p5_YPP_QPP_RPP,False,FeatureFilter_variance,0.0,1.0002765486725662
AG_V_SELF_TEST_GAIN_5_1_8_RAW of 1103959_69_1133529_cp1p5,True,FeatureFilter_variance,0.010894235223531723,1.0002765486725667
AG_V_SELF_TEST_GAIN_5_1_8_RAW of 1103959_69_1133592_QPP,False,FeatureFilter_variance,0.0,1.0002765486725662
AG_V_SELF_TEST_GAIN_5_1_8_RAW of 1103959_69_JPP,False,FeatureFilter_variance,0.0,1.0002765486725662
AG_V_SELF_TEST_GAIN_5_1_8_VSS of 1103959_69_1133529_cp1,False,FeatureFilter_variance,0.0,1.0002765486725662
AG_V_SELF_TEST_GAIN_5_1_8_VSS of 1103959_69_1133529_cp1_cp1p5_YPP,False,FeatureFilter_variance,0.0,1.0002765486725662
AG_V_SELF_TEST_GAIN_5_1_8_VSS of 1103959_69_1133529_cp1_cp1p5_YPP_QPP_RPP,False,FeatureFilter_variance,0.0,1.0002765486725662
AG_V_SELF_TEST_GAIN_5_1_8_VSS of 1103959_69_1133529_cp1p5,True,FeatureFilter_variance,0.009845769964158535,1.0002765486725667
AG_V_SELF_TEST_GAIN_5_1_8_VSS of 1103959_69_1133592_QPP,False,FeatureFilter_variance,0.0,1.0002765486725662
AG_V_SELF_TEST_GAIN_5_1_8_VSS of 1103959_69_JPP,True,FeatureFilter_variance,0.0,1.0002765486725664
AG_V_SELF_TEST_GAIN_5_8_1 of 1103959_69_1133529_cp1,True,FeatureFilter_variance,0.0,1.0002765486725664
AG_V_SELF_TEST_GAIN_5_8_1 of 1103959_69_1133529_cp1_cp1p5_YPP,True,FeatureFilter_variance,0.0,1.0002765486725664
AG_V_SELF_TEST_GAIN_5_8_1 of 1103959_69_1133529_cp1_cp1p5_YPP_QPP_RPP,False,FeatureFilter_variance,0.0,1.0002765486725662
AG_V_SELF_TEST_GAIN_5_8_1 of 1103959_69_1133529_cp1p5,True,FeatureFilter_variance,0.02194732241332531,1.0002765486725664
AG_V_SELF_TEST_GAIN_5_8_1 of 1103959_69_1133592_QPP,True,FeatureFilter_variance,0.0,1.0002765486725664
AG_V_SELF_TEST_GAIN_5_8_1 of 1103959_69_JPP,True,FeatureFilter_variance,0.0,1.0002765486725667
AG_V_SELF_TEST_GAIN_5_8_1_RAW of 1103959_69_1133529_cp1,True,FeatureFilter_variance,0.0,1.0002765486725664
AG_V_SELF_TEST_GAIN_5_8_1_RAW of 1103959_69_1133529_cp1_cp1p5_YPP,False,FeatureFilter_variance,0.0,1.000276548672566
AG_V_SELF_TEST_GAIN_5_8_1_RAW of 1103959_69_1133529_cp1_cp1p5_YPP_QPP_RPP,True,FeatureFilter_variance,0.0,1.0002765486725664
AG_V_SELF_TEST_GAIN_5_8_1_RAW of 1103959_69_1133529_cp1p5,False,FeatureFilter_variance,0.0,1.0002765486725662
AG_V_SELF_TEST_GAIN_5_8_1_RAW of 1103959_69_1133592_QPP,True,FeatureFilter_variance,0.0,1.0002765486725667
AG_V_SELF_TEST_GAIN_5_8_1_RAW of 1103959_69_JPP,True,FeatureFilter_variance,0.0,1.0002765486725664
AG_V_SELF_TEST_GAIN_5_8_1_VSS of 1103959_69_1133529_cp1,False,FeatureFilter_variance,0.0,1.0002765486725662
AG_V_SELF_TEST_GAIN_5_8_1_VSS of 1103959_69_1133529_cp1_cp1p5_YPP,True,FeatureFilter_variance,0.0,1.0002765486725667
AG_V_SELF_TEST_GAIN_5_8_1_VSS of 1103959_69_1133529_cp1_cp1p5_YPP_QPP_RPP,True,FeatureFilter_variance,0.0,1.0002765486725664
AG_V_SELF_TEST_GAIN_5_8_1_VSS of 1103959_69_1133529_cp1p5,False,FeatureFilter_variance,0.0,1.000276548672566
AG_V_SELF_TEST_GAIN_5_8_1_VSS of 1103959_69_1133592_QPP,False,FeatureFilter_variance,0.0,1.0002765486725662
AG_V_SELF_TEST_GAIN_5_8_1_VSS of 1103959_69_JPP,True,FeatureFilter_variance,0.0,1.0002765486725667
AG_V_SELF_TEST_GAIN_6_1_4 of 1103959_69_1133529_cp1,True,FeatureFilter_variance,0.0,1.0002765486725664
AG_V_SELF_TEST_GAIN_6_1_4 of 1103959_69_1133529_cp1_cp1p5_YPP,True,FeatureFilter_variance,0.0,1.0002765486725664
AG_V_SELF_TEST_GAIN_6_1_4 of 1103959_69_1133529_cp1_cp1p5_YPP_QPP_RPP,True,FeatureFilter_variance,0.0,1.0002765486725664
AG_V_SELF_TEST_GAIN_6_1_4 of 1103959_69_1133529_cp1p5,True,FeatureFilter_variance,0.0,1.0002765486725664
AG_V_SELF_TEST_GAIN_6_1_4 of 1103959_69_1133592_QPP,True,FeatureFilter_variance,0.0,1.0002765486725667
AG_V_SELF_TEST_GAIN_6_1_4 of 1103959_69_JPP,True,FeatureFilter_variance,0.0,1.0002765486725664
AG_V_SELF_TEST_GAIN_6_1_4_2C of 1103959_69_1133529_YPP,True,FeatureFilter_variance,0.0,1.0002765486725664
AG_V_SELF_TEST_GAIN_6_1_4_2C of 1103959_69_1133529_cp1_cp1p5,False,FeatureFilter_variance,0.0,1.0002765486725662
AG_V_SELF_TEST_GAIN_6_1_4_2C of 1103959_69_1133529_cp1_cp1p5_YPP_QPP,True,FeatureFilter_variance,0.0,1.0002765486725667
AG_V_SELF_TEST_GAIN_6_1_4_2C of 1103959_69_1133592_RPP,True,FeatureFilter_variance,0.0,1.0002765486725664
AG_V_SELF_TEST_GAIN_6_1_4_RAW of 1103959_69_1133529_cp1,False,FeatureFilter_variance,0.0,1.0002765486725662
AG_V_SELF_TEST_GAIN_6_1_4_RAW of 1103959_69_1133529_cp1_cp1p5_YPP,True,FeatureFilter_variance,0.0,1.0002765486725667
AG_V_SELF_TEST_GAIN_6_1_4_RAW of 1103959_69_1133529_cp1_cp1p5_YPP_QPP_RPP,True,FeatureFilter_variance,0.0,1.0002765486725664
AG_V_SELF_TEST_GAIN_6_1_4_RAW of 1103959_69_1133529_cp1p5,False,FeatureFilter_variance,0.0,1.0002765486725662
AG_V_SELF_TEST_GAIN_6_1_4_RAW of 1103959_69_1133592_QPP,True,FeatureFilter_variance,0.0,1.0002765486725664
AG_V_SELF_TEST_GAIN_6_1_4_RAW of 1103959_69_JPP,True,FeatureFilter_variance,0.0,1.0002765486725664
AG_V_SELF_TEST_GAIN_6_1_4_VSS of 1103959_69_1133529_cp1,True,FeatureFilter_variance,0.0016020199982449412,1.0002765486725667
AG_V_SELF_TEST_GAIN_6_1_4_VSS of 1103959_69_1133529_cp1_cp1p5_YPP,False,FeatureFilter_variance,0.0,1.0002765486725662
AG_V_SELF_TEST_GAIN_6_1_4_VSS of 1103959_69_1133529_cp1_cp1p5_YPP_QPP_RPP,True,FeatureFilter_variance,0.0,1.0002765486725667
AG_V_SELF_TEST_GAIN_6_1_4_VSS of 1103959_69_1133529_cp1p5,False,FeatureFilter_variance,0.0,1.0002765486725662
AG_V_SELF_TEST_GAIN_6_1_4_VSS of 1103959_69_1133592_QPP,True,FeatureFilter_variance,0.0,1.0002765486725664
AG_V_SELF_TEST_GAIN_6_1_4_VSS of 1103959_69_JPP,True,FeatureFilter_variance,0.0,1.0002765486725664
AG_V_SELF_TEST_GAIN_6_4_1 of 1103959_69_1133529_cp1,True,FeatureFilter_variance,0.0,1.0002765486725664
AG_V_SELF_TEST_GAIN_6_4_1 of 1103959_69_1133529_cp1_cp1p5_YPP,False,FeatureFilter_variance,0.0,1.0002765486725662
AG_V_SELF_TEST_GAIN_6_4_1 of 1103959_69_1133529_cp1_cp1p5_YPP_QPP_RPP,True,FeatureFilter_variance,0.0,1.0002765486725664
AG_V_SELF_TEST_GAIN_6_4_1 of 1103959_69_1133529_cp1p5,False,FeatureFilter_variance,0.0,1.000276548672566
AG_V_SELF_TEST_GAIN_6_4_1 of 1103959_69_1133592_QPP,True,FeatureFilter_variance,0.0,1.0002765486725664
AG_V_SELF_TEST_GAIN_6_4_1 of 1103959_69_JPP,False,FeatureFilter_variance,0.0,1.0002765486725662
AG_V_SELF_TEST_GAIN_6_4_1_2C of 1103959_69_1133529_YPP,True,FeatureFilter_variance,0.0,1.0002765486725664
AG_V_SELF_TEST_GAIN_6_4_1_2C of 1103959_69_1133529_cp1_cp1p5,True,FeatureFilter_variance,0.0,1.0002765486725664
AG_V_SELF_TEST_GAIN_6_4_1_2C of 1103959_69_1133529_cp1_cp1p5_YPP_QPP,False,FeatureFilter_variance,0.0,1.0002765486725662
AG_V_SELF_TEST_GAIN_6_4_1_2C of 1103959_69_1133592_RPP,False,FeatureFilter_variance,0.0,1.0002765486725658
AG_V_SELF_TEST_GAIN_6_4_1_RAW of 1103959_69_1133529_cp1,True,FeatureFilter_variance,0.0,1.0002765486725664
AG_V_SELF_TEST_GAIN_6_4_1_RAW of 1103959_69_1133529_cp1_cp1p5_YPP,False,FeatureFilter_variance,0.0,1.0002765486725662
AG_V_SELF_TEST_GAIN_6_4_1_RAW of 1103959_69_1133529_cp1_cp1p5_YPP_QPP_RPP,True,FeatureFilter_variance,0.0,1.0002765486725664
AG_V_SELF_TEST_GAIN_6_4_1_RAW of 1103959_69_1133529_cp1p5,True,FeatureFilter_variance,0.0,1.0002765486725667
AG_V_SELF_TEST_GAIN_6_4_1_RAW of 1103959_69_1133592_QPP,True,FeatureFilter_variance,0.0,1.0002765486725667
AG_V_SELF_TEST_GAIN_6_4_1_RAW of 1103959_69_JPP,True,FeatureFilter_variance,0.0,1.0002765486725667
AG_V_SELF_TEST_GAIN_6_4_1_VSS of 1103959_69_1133529_cp1,True,FeatureFilter_variance,0.0,1.0002765486725664
AG_V_SELF_TEST_GAIN_6_4_1_VSS of 1103959_69_1133529_cp1_cp1p5_YPP,True,FeatureFilter_variance,0.0,1.0002765486725667
AG_V_SELF_TEST_GAIN_6_4_1_VSS of 1103959_69_1133529_cp1_cp1p5_YPP_QPP_RPP,True,FeatureFilter_variance,0.0,1.0002765486725664
AG_V_SELF_TEST_GAIN_6_4_1_VSS of 1103959_69_1133529_cp1p5,True,FeatureFilter_variance,0.010869293473660946,1.000276548672567
AG_V_SELF_TEST_GAIN_6_4_1_VSS of 1103959_69_1133592_QPP,True,FeatureFilter_variance,0.0,1.0002765486725667
AG_V_SELF_TEST_GAIN_6_4_1_VSS of 1103959_69_JPP,True,FeatureFilter_variance,0.0,1.0002765486725664
AG_V_SELF_TEST_GAIN_7_4_1 of 1103959_69_1133529_cp1,True,FeatureFilter_variance,0.0,1.0002765486725667
AG_V_SELF_TEST_GAIN_7_4_1 of 1103959_69_1133529_cp1_cp1p5_YPP,True,FeatureFilter_variance,0.0,1.0002765486725662
AG_V_SELF_TEST_GAIN_7_4_1 of 1103959_69_1133529_cp1_cp1p5_YPP_QPP_RPP,True,FeatureFilter_variance,0.0,1.0002765486725664
AG_V_SELF_TEST_GAIN_7_4_1 of 1103959_69_1133529_cp1p5,True,FeatureFilter_variance,0.0,1.0002765486725667
AG_V_SELF_TEST_GAIN_7_4_1 of 1103959_69_1133592_QPP,True,FeatureFilter_variance,0.0,1.0002765486725662
AG_V_SELF_TEST_GAIN_7_4_1 of 1103959_69_JPP,True,FeatureFilter_variance,0.0,1.0002765486725667
AG_V_SELF_TEST_GAIN_7_4_1_RAW of 1103959_69_1133529_cp1,True,FeatureFilter_variance,0.02955779805779457,1.0002765486725664
AG_V_SELF_TEST_GAIN_7_4_1_RAW of 1103959_69_1133529_cp1_cp1p5_YPP,True,FeatureFilter_variance,0.0,1.0002765486725664
AG_V_SELF_TEST_GAIN_7_4_1_RAW of 1103959_69_1133529_cp1_cp1p5_YPP_QPP_RPP,True,FeatureFilter_variance,0.0,1.0002765486725662
AG_V_SELF_TEST_GAIN_7_4_1_RAW of 1103959_69_1133529_cp1p5,True,FeatureFilter_variance,0.0,1.0002765486725664
AG_V_SELF_TEST_GAIN_7_4_1_RAW of 1103959_69_1133592_QPP,False,FeatureFilter_variance,0.0,1.0002765486725662
AG_V_SELF_TEST_GAIN_7_4_1_RAW of 1103959_69_JPP,True,FeatureFilter_variance,0.0,1.0002765486725667
AG_V_SELF_TEST_GAIN_7_4_1_VSS of 1103959_69_1133529_cp1,False,FeatureFilter_variance,0.0,1.0002765486725662
AG_V_SELF_TEST_GAIN_7_4_1_VSS of 1103959_69_1133529_cp1_cp1p5_YPP,False,FeatureFilter_variance,0.0,1.0002765486725662
AG_V_SELF_TEST_GAIN_7_4_1_VSS of 1103959_69_1133529_cp1_cp1p5_YPP_QPP_RPP,False,FeatureFilter_variance,0.0,1.000276548672566
AG_V_SELF_TEST_GAIN_7_4_1_VSS of 1103959_69_1133529_cp1p5,False,FeatureFilter_variance,0.0,1.0002765486725662
AG_V_SELF_TEST_GAIN_7_4_1_VSS of 1103959_69_1133592_QPP,True,FeatureFilter_variance,0.0,1.0002765486725664
AG_V_SELF_TEST_GAIN_7_4_1_VSS of 1103959_69_JPP,True,FeatureFilter_variance,0.0,1.0002765486725664
AG_V_SELF_TEST_GAIN_8_2_1 of 1103959_69_1133529_cp1,True,FeatureFilter_variance,0.0,1.0002765486725664
AG_V_SELF_TEST_GAIN_8_2_1 of 1103959_69_1133529_cp1_cp1p5_YPP,True,FeatureFilter_variance,0.003909144084900618,1.0002765486725664
AG_V_SELF_TEST_GAIN_8_2_1 of 1103959_69_1133529_cp1_cp1p5_YPP_QPP_RPP,False,FeatureFilter_variance,0.0,1.0002765486725662
AG_V_SELF_TEST_GAIN_8_2_1 of 1103959_69_1133529_cp1p5,True,FeatureFilter_variance,0.0,1.0002765486725664
AG_V_SELF_TEST_GAIN_8_2_1 of 1103959_69_1133592_QPP,True,FeatureFilter_variance,0.0,1.0002765486725664
AG_V_SELF_TEST_GAIN_8_2_1 of 1103959_69_JPP,True,FeatureFilter_variance,0.0,1.0002765486725664
AG_V_SELF_TEST_GAIN_8_2_1_RAW of 1103959_69_1133529_cp1,True,FeatureFilter_variance,0.0,1.0002765486725664
AG_V_SELF_TEST_GAIN_8_2_1_RAW of 1103959_69_1133529_cp1_cp1p5_YPP,False,FeatureFilter_variance,0.0,1.0002765486725662
AG_V_SELF_TEST_GAIN_8_2_1_RAW of 1103959_69_1133529_cp1_cp1p5_YPP_QPP_RPP,True,FeatureFilter_variance,0.0,1.0002765486725664
AG_V_SELF_TEST_GAIN_8_2_1_RAW of 1103959_69_1133529_cp1p5,False,FeatureFilter_variance,0.0,1.0002765486725662
AG_V_SELF_TEST_GAIN_8_2_1_RAW of 1103959_69_1133592_QPP,True,FeatureFilter_variance,0.0,1.0002765486725664
AG_V_SELF_TEST_GAIN_8_2_1_RAW of 1103959_69_JPP,True,FeatureFilter_variance,0.0,1.0002765486725662
AG_V_SELF_TEST_GAIN_8_2_1_VSS of 1103959_69_1133529_cp1,True,FeatureFilter_variance,0.0,1.0002765486725664
AG_V_SELF_TEST_GAIN_8_2_1_VSS of 1103959_69_1133529_cp1_cp1p5_YPP,True,FeatureFilter_variance,0.0,1.0002765486725667
AG_V_SELF_TEST_GAIN_8_2_1_VSS of 1103959_69_1133529_cp1_cp1p5_YPP_QPP_RPP,False,FeatureFilter_variance,0.0,1.0002765486725662
AG_V_SELF_TEST_GAIN_8_2_1_VSS of 1103959_69_1133529_cp1p5,True,FeatureFilter_variance,0.0,1.0002765486725664
AG_V_SELF_TEST_GAIN_8_2_1_VSS of 1103959_69_1133592_QPP,False,FeatureFilter_variance,0.0,1.0002765486725662
AG_V_SELF_TEST_GAIN_8_2_1_VSS of 1103959_69_JPP,True,FeatureFilter_variance,0.0,1.0002765486725664
AG_V_SELF_TEST_GAIN_9_1_2 of 1103959_69_1133529_cp1,False,FeatureFilter_variance,0.0,1.0002765486725662
AG_V_SELF_TEST_GAIN_9_1_2 of 1103959_69_1133529_cp1_cp1p5_YPP,True,FeatureFilter_variance,0.0,1.0002765486725664
AG_V_SELF_TEST_GAIN_9_1_2 of 1103959_69_1133529_cp1_cp1p5_YPP_QPP_RPP,True,FeatureFilter_variance,0.0,1.0002765486725667
AG_V_SELF_TEST_GAIN_9_1_2 of 1103959_69_1133529_cp1p5,True,FeatureFilter_variance,0.0,1.0002765486725664
AG_V_SELF_TEST_GAIN_9_1_2 of 1103959_69_1133592_QPP,True,FeatureFilter_variance,0.0,1.0002765486725664
AG_V_SELF_TEST_GAIN_9_1_2 of 1103959_69_JPP,True,FeatureFilter_variance,0.0,1.0002765486725664
AG_V_SELF_TEST_GAIN_9_1_2_RAW of 1103959_69_1133529_cp1,True,FeatureFilter_variance,0.0,1.0002765486725664
AG_V_SELF_TEST_GAIN_9_1_2_RAW of 1103959_69_1133529_cp1_cp1p5_YPP,False,FeatureFilter_variance,0.0,1.0002765486725662
AG_V_SELF_TEST_GAIN_9_1_2_RAW of 1103959_69_1133529_cp1_cp1p5_YPP_QPP_RPP,True,FeatureFilter_variance,0.0,1.0002765486725664
AG_V_SELF_TEST_GAIN_9_1_2_RAW of 1103959_69_1133529_cp1p5,False,FeatureFilter_variance,0.0,1.000276548672566
AG_V_SELF_TEST_GAIN_9_1_2_RAW of 1103959_69_1133592_QPP,True,FeatureFilter_variance,0.0,1.0002765486725664
AG_V_SELF_TEST_GAIN_9_1_2_RAW of 1103959_69_JPP,True,FeatureFilter_variance,0.0,1.0002765486725662
AG_V_SELF_TEST_GAIN_9_1_2_VSS of 1103959_69_1133529_cp1,True,FeatureFilter_variance,0.0,1.0002765486725662
AG_V_SELF_TEST_GAIN_9_1_2_VSS of 1103959_69_1133529_cp1_cp1p5_YPP,True,FeatureFilter_variance,0.0,1.0002765486725667
AG_V_SELF_TEST_GAIN_9_1_2_VSS of 1103959_69_1133529_cp1_cp1p5_YPP_QPP_RPP,False,FeatureFilter_variance,0.0,1.0002765486725662
AG_V_SELF_TEST_GAIN_9_1_2_VSS of 1103959_69_1133529_cp1p5,True,FeatureFilter_variance,0.0,1.0002765486725664
AG_V_SELF_TEST_GAIN_9_1_2_VSS of 1103959_69_1133592_QPP,True,FeatureFilter_variance,0.0,1.0002765486725664
AG_V_SELF_TEST_GAIN_9_1_2_VSS of 1103959_69_JPP,True,FeatureFilter_variance,0.0,1.0002765486725664
AG_V_SELF_TEST_GA_5_1_8_2C_RAW of 1103959_69_1133529_cp1,True,FeatureFilter_variance,0.0,1.0002765486725664
AG_V_SELF_TEST_GA_5_1_8_2C_RAW of 1103959_69_1133529_cp1_cp1p5_YPP,True,FeatureFilter_variance,0.0,1.0002765486725667
AG_V_SELF_TEST_GA_5_1_8_2C_RAW of 1103959_69_1133529_cp1_cp1p5_YPP_QPP_RPP,True,FeatureFilter_variance,0.0,1.0002765486725667
AG_V_SELF_TEST_GA_5_1_8_2C_RAW of 1103959_69_1133529_cp1p5,True,FeatureFilter_variance,0.0,1.0002765486725667
AG_V_SELF_TEST_GA_5_1_8_2C_RAW of 1103959_69_1133592_QPP,True,FeatureFilter_variance,0.0,1.0002765486725664
AG_V_SELF_TEST_GA_5_1_8_2C_RAW of 1103959_69_JPP,True,FeatureFilter_variance,0.019071055576205254,1.0002765486725664
AG_V_SELF_TEST_GA_5_1_8_2C_VSS of 1103959_69_1133529_cp1,True,FeatureFilter_variance,0.0,1.0002765486725664
AG_V_SELF_TEST_GA_5_1_8_2C_VSS of 1103959_69_1133529_cp1_cp1p5_YPP,True,FeatureFilter_variance,0.0,1.0002765486725664
AG_V_SELF_TEST_GA_5_1_8_2C_VSS of 1103959_69_1133529_cp1_cp1p5_YPP_QPP_RPP,True,FeatureFilter_variance,0.0,1.0002765486725664
AG_V_SELF_TEST_GA_5_1_8_2C_VSS of 1103959_69_1133529_cp1p5,True,FeatureFilter_variance,0.0,1.0002765486725664
AG_V_SELF_TEST_GA_5_1_8_2C_VSS of 1103959_69_1133592_QPP,True,FeatureFilter_variance,0.0,1.0002765486725664
AG_V_SELF_TEST_GA_5_1_8_2C_VSS of 1103959_69_JPP,True,FeatureFilter_variance,0.0,1.0002765486725664
AI_F_SAFE of 1103959_69_1133529_cp1,True,FeatureFilter_variance,0.0,1.0002765486725662
AI_F_SAFE of 1103959_69_1133529_cp1_cp1p5_YPP,True,FeatureFilter_variance,0.0,1.0002765486725664
AI_F_SAFE of 1103959_69_1133529_cp1_cp1p5_YPP_QPP_RPP,True,FeatureFilter_variance,0.0014640585286542773,1.0002765486725662
AI_F_SAFE of 1103959_69_1133529_cp1p5,True,FeatureFilter_variance,0.0017889838200062513,1.0002765486725664
AI_F_SAFE of 1103959_69_1133592_QPP,True,FeatureFilter_variance,0.0,1.0002765486725667
AI_F_SAFE of 1103959_69_JPP,True,FeatureFilter_variance,0.0,1.0002765486725667
AI_RETRY of 1103959_69_1133529_cp1,False,FeatureFilter_variance,0.0,0.0
AI_RETRY of 1103959_69_1133529_cp1_cp1p5_YPP,False,FeatureFilter_variance,0.0,0.0
AI_RETRY of 1103959_69_1133529_cp1_cp1p5_YPP_QPP_RPP,False,FeatureFilter_variance,0.0,0.0
AI_RETRY of 1103959_69_1133529_cp1p5,False,FeatureFilter_variance,0.0,0.0
AI_RETRY of 1103959_69_1133592_QPP,False,FeatureFilter_variance,0.0,0.0
AI_RETRY of 1103959_69_JPP,False,FeatureFilter_variance,0.0,0.0
AI_V_V0FVBI_SELF of 1103959_69_1133529_cp1,True,FeatureFilter_variance,0.0,1.0002765486725664
AI_V_V0FVBI_SELF of 1103959_69_1133529_cp1_cp1p5_YPP,True,FeatureFilter_variance,0.0,1.0002765486725667
AI_V_V0FVBI_SELF of 1103959_69_1133529_cp1_cp1p5_YPP_QPP_RPP,True,FeatureFilter_variance,0.0,1.0002765486725667
AI_V_V0FVBI_SELF of 1103959_69_1133529_cp1p5,True,FeatureFilter_variance,0.0009742318070493639,1.0002765486725662
AI_V_V0FVBI_SELF of 1103959_69_1133592_QPP,True,FeatureFilter_variance,0.0,1.0002765486725662
AI_V_V0FVBI_SELF of 1103959_69_JPP,True,FeatureFilter_variance,0.0,1.0002765486725662
AI_V_V0FVBI_SELF_RAW of 1103959_69_1133529_cp1,True,FeatureFilter_variance,0.0,1.0002765486725662
AI_V_V0FVBI_SELF_RAW of 1103959_69_1133529_cp1_cp1p5_YPP,True,FeatureFilter_variance,0.0,1.0002765486725664
AI_V_V0FVBI_SELF_RAW of 1103959_69_1133529_cp1_cp1p5_YPP_QPP_RPP,True,FeatureFilter_variance,0.0,1.0002765486725662
AI_V_V0FVBI_SELF_RAW of 1103959_69_1133529_cp1p5,True,FeatureFilter_variance,0.0,1.0002765486725662
AI_V_V0FVBI_SELF_RAW of 1103959_69_1133592_QPP,True,FeatureFilter_variance,0.0,1.0002765486725664
AI_V_V0FVBI_SELF_RAW of 1103959_69_JPP,True,FeatureFilter_variance,0.0,1.0002765486725662
AI_V_V0FVBI_SELF_VSS of 1103959_69_1133529_cp1,True,FeatureFilter_variance,0.0,1.0002765486725664
AI_V_V0FVBI_SELF_VSS of 1103959_69_1133529_cp1_cp1p5_YPP,True,FeatureFilter_variance,0.0,1.0002765486725662
AI_V_V0FVBI_SELF_VSS of 1103959_69_1133529_cp1_cp1p5_YPP_QPP_RPP,True,FeatureFilter_variance,0.0,1.0002765486725664
AI_V_V0FVBI_SELF_VSS of 1103959_69_1133529_cp1p5,True,FeatureFilter_variance,0.0,1.0002765486725667
AI_V_V0FVBI_SELF_VSS of 1103959_69_1133592_QPP,True,FeatureFilter_variance,0.0,1.0002765486725662
AI_V_V0FVBI_SELF_VSS of 1103959_69_JPP,True,FeatureFilter_variance,0.0,1.0002765486725664
AI_V_V0FVUNI_SELF of 1103959_69_1133529_cp1,True,FeatureFilter_variance,0.0,1.0002765486725662
AI_V_V0FVUNI_SELF of 1103959_69_1133529_cp1_cp1p5_YPP,True,FeatureFilter_variance,0.0,1.0002765486725664
AI_V_V0FVUNI_SELF of 1103959_69_1133529_cp1_cp1p5_YPP_QPP_RPP,True,FeatureFilter_variance,0.0,1.0002765486725664
AI_V_V0FVUNI_SELF of 1103959_69_1133529_cp1p5,True,FeatureFilter_variance,0.0,1.0002765486725664
AI_V_V0FVUNI_SELF of 1103959_69_1133592_QPP,True,FeatureFilter_variance,0.002924734028056264,1.0002765486725664
AI_V_V0FVUNI_SELF of 1103959_69_JPP,True,FeatureFilter_variance,0.0,1.0002765486725664
AI_V_V0FVUNI_SELF_RAW of 1103959_69_1133529_cp1,True,FeatureFilter_variance,0.0,1.0002765486725664
AI_V_V0FVUNI_SELF_RAW of 1103959_69_1133529_cp1_cp1p5_YPP,True,FeatureFilter_variance,0.004223743453621864,1.0002765486725664
AI_V_V0FVUNI_SELF_RAW of 1103959_69_1133529_cp1_cp1p5_YPP_QPP_RPP,True,FeatureFilter_variance,0.0,1.0002765486725667
AI_V_V0FVUNI_SELF_RAW of 1103959_69_1133529_cp1p5,True,FeatureFilter_variance,0.0,1.0002765486725662
AI_V_V0FVUNI_SELF_RAW of 1103959_69_1133592_QPP,True,FeatureFilter_variance,0.0,1.0002765486725667
AI_V_V0FVUNI_SELF_RAW of 1103959_69_JPP,True,FeatureFilter_variance,0.0,1.0002765486725664
AI_V_V0FVUNI_SELF_VSS of 1103959_69_1133529_cp1,True,FeatureFilter_variance,0.0,1.0002765486725664
AI_V_V0FVUNI_SELF_VSS of 1103959_69_1133529_cp1_cp1p5_YPP,True,FeatureFilter_variance,0.0,1.0002765486725662
AI_V_V0FVUNI_SELF_VSS of 1103959_69_1133529_cp1_cp1p5_YPP_QPP_RPP,True,FeatureFilter_variance,0.0,1.0002765486725662
AI_V_V0FVUNI_SELF_VSS of 1103959_69_1133529_cp1p5,True,FeatureFilter_variance,0.0,1.0002765486725664
AI_V_V0FVUNI_SELF_VSS of 1103959_69_1133592_QPP,True,FeatureFilter_variance,0.0,1.0002765486725664
AI_V_V0FVUNI_SELF_VSS of 1103959_69_JPP,True,FeatureFilter_variance,0.0,1.0002765486725664
COL of 1103959_69_1133529_cp1,True,FeatureFilter_variance,0.0,1.0002765486725664
COL of 1103959_69_1133529_cp1_cp1p5_YPP,True,FeatureFilter_variance,0.0,1.0002765486725664
COL of 1103959_69_1133529_cp1_cp1p5_YPP_QPP_RPP,True,FeatureFilter_variance,0.0,1.0002765486725664
COL of 1103959_69_1133529_cp1p5,True,FeatureFilter_variance,0.0,1.0002765486725664
COL of 1103959_69_1133592_QPP,True,FeatureFilter_variance,0.0,1.0002765486725664
COL of 1103959_69_JPP,True,FeatureFilter_variance,0.0,1.0002765486725662
Df_V_VR1V2D_M of 1103959_69_1133529_cp1,True,FeatureFilter_variance,0.0,1.0002765486725664
Df_V_VR1V2D_M of 1103959_69_1133529_cp1_cp1p5_YPP,True,FeatureFilter_variance,0.0,1.0002765486725664
Df_V_VR1V2D_M of 1103959_69_1133529_cp1_cp1p5_YPP_QPP_RPP,True,FeatureFilter_variance,0.0,1.0002765486725664
Df_V_VR1V2D_M of 1103959_69_1133529_cp1p5,True,FeatureFilter_variance,0.0,1.0002765486725664
Df_V_VR1V2D_M of 1103959_69_1133592_QPP,True,FeatureFilter_variance,0.0,1.0002765486725662
Df_V_VR1V2D_M of 1103959_69_JPP,True,FeatureFilter_variance,0.0,1.0002765486725662
Df_V_VR1V2D_OUT of 1103959_69_1133529_cp1,True,FeatureFilter_variance,0.0,1.0002765486725662
Df_V_VR1V2D_OUT of 1103959_69_1133529_cp1_cp1p5_YPP,True,FeatureFilter_variance,0.0,1.0002765486725664
Df_V_VR1V2D_OUT of 1103959_69_1133529_cp1_cp1p5_YPP_QPP_RPP,True,FeatureFilter_variance,0.0,1.0002765486725664
Df_V_VR1V2D_OUT of 1103959_69_1133529_cp1p5,True,FeatureFilter_variance,0.009498408064246178,1.0002765486725664
Df_V_VR1V2D_OUT of 1103959_69_1133592_QPP,True,FeatureFilter_variance,0.0,1.0002765486725662
Df_V_VR1V2D_OUT of 1103959_69_JPP,True,FeatureFilter_variance,0.0,1.0002765486725664
Df_V_VR1V2D_OUT_DIG of 1103959_69_1133529_cp1,True,FeatureFilter_variance,0.0004068505368195474,1.0002765486725664
Df_V_VR1V2D_OUT_DIG of 1103959_69_1133529_cp1_cp1p5_YPP,True,FeatureFilter_variance,0.0,1.0002765486725667
Df_V_VR1V2D_OUT_DIG of 1103959_69_1133529_cp1_cp1p5_YPP_QPP_RPP,True,FeatureFilter_variance,0.0015199929475784302,1.0002765486725664
Df_V_VR1V2D_OUT_DIG of 1103959_69_1133529_cp1p5,True,FeatureFilter_variance,0.0,1.0002765486725664
Df_V_VR1V2D_OUT_DIG of 1103959_69_1133592_QPP,True,FeatureFilter_variance,0.0,1.0002765486725664
Df_V_VR1V2D_OUT_DIG of 1103959_69_JPP,True,FeatureFilter_variance,0.0,1.0002765486725667
Df_V_VR1V2D_OUT_RAW of 1103959_69_1133529_cp1,True,FeatureFilter_variance,0.0,1.0002765486725664
Df_V_VR1V2D_OUT_RAW of 1103959_69_1133529_cp1_cp1p5_YPP,True,FeatureFilter_variance,0.0,1.0002765486725662
Df_V_VR1V2D_OUT_RAW of 1103959_69_1133529_cp1_cp1p5_YPP_QPP_RPP,True,FeatureFilter_variance,0.0036748750135302544,1.0002765486725662
Df_V_VR1V2D_OUT_RAW of 1103959_69_1133529_cp1p5,True,FeatureFilter_variance,0.0,1.0002765486725664
Df_V_VR1V2D_OUT_RAW of 1103959_69_1133592_QPP,True,FeatureFilter_variance,0.0,1.0002765486725664
Df_V_VR1V2D_OUT_RAW of 1103959_69_JPP,True,FeatureFilter_variance,0.0,1.0002765486725664
Df_V_VSS of 1103959_69_1133529_cp1,True,FeatureFilter_variance,0.0,1.0002765486725662
Df_V_VSS of 1103959_69_1133529_cp1_cp1p5_YPP,True,FeatureFilter_variance,0.0,1.0002765486725664
Df_V_VSS of 1103959_69_1133529_cp1_cp1p5_YPP_QPP_RPP,True,FeatureFilter_variance,0.0,1.0002765486725662
Df_V_VSS of 1103959_69_1133529_cp1p5,True,FeatureFilter_variance,0.0,1.0002765486725664
Df_V_VSS of 1103959_69_1133592_QPP,True,FeatureFilter_variance,0.0,1.0002765486725667
Df_V_VSS of 1103959_69_JPP,True,FeatureFilter_variance,0.0,1.0002765486725664
Dr_V_VR1V2DRA_M of 1103959_69_1133529_cp1_cp1p5_YPP_QPP,True,FeatureFilter_variance,0.0,1.0002765486725664
Dr_V_VR1V2DRA_M of 1103959_69_1133592_RPP,True,FeatureFilter_variance,0.0,1.0002765486725664
Dr_V_VR1V2DRA_OUT of 1103959_69_1133529_cp1_cp1p5_YPP_QPP,True,FeatureFilter_variance,0.003770701587200165,1.0002765486725662
Dr_V_VR1V2DRA_OUT of 1103959_69_1133592_RPP,True,FeatureFilter_variance,0.0018984449561685324,1.0002765486725664
Dr_V_VR1V2DRA_OUT_DIG of 1103959_69_1133529_cp1_cp1p5_YPP_QPP,False,FeatureFilter_variance,0.0,1.0002765486725658
Dr_V_VR1V2DRA_OUT_DIG of 1103959_69_1133592_RPP,True,FeatureFilter_variance,0.0020841737277805805,1.0002765486725667
Dr_V_VR1V2DRA_OUT_RAW of 1103959_69_1133529_cp1_cp1p5_YPP_QPP,True,FeatureFilter_variance,0.0,1.0002765486725664
Dr_V_VR1V2DRA_OUT_RAW of 1103959_69_1133592_RPP,True,FeatureFilter_variance,0.0,1.0002765486725667
Dr_V_VSS of 1103959_69_1133529_cp1_cp1p5_YPP_QPP,True,FeatureFilter_variance,0.0,1.0002765486725662
Dr_V_VSS of 1103959_69_1133592_RPP,True,FeatureFilter_variance,0.0,1.0002765486725664
Dt_V_VR1V2DRA_M of 1103959_69_1133529_cp1_cp1p5_YPP_QPP,True,FeatureFilter_variance,0.0,1.0002765486725664
Dt_V_VR1V2DRA_M of 1103959_69_1133592_RPP,True,FeatureFilter_variance,0.007681295275688171,1.0002765486725664
Dt_V_VR1V2DRA_M_OUT of 1103959_69_1133529_cp1_cp1p5_YPP_QPP,True,FeatureFilter_variance,0.0,1.0002765486725664
Dt_V_VR1V2DRA_M_OUT of 1103959_69_1133592_RPP,True,FeatureFilter_variance,0.012350019067525864,1.0002765486725662
Dt_V_VR1V2DRA_M_OUT_DIG of 1103959_69_1133529_cp1_cp1p5_YPP_QPP,True,FeatureFilter_variance,0.0,1.0002765486725664
Dt_V_VR1V2DRA_M_OUT_DIG of 1103959_69_1133592_RPP,True,FeatureFilter_variance,0.006381204351782799,1.0002765486725664
Dt_V_VR1V2DRA_M_OUT_RAW of 1103959_69_1133529_cp1_cp1p5_YPP_QPP,True,FeatureFilter_variance,0.0,1.0002765486725664
Dt_V_VR1V2DRA_M_OUT_RAW of 1103959_69_1133592_RPP,True,FeatureFilter_variance,0.0027165126521140337,1.0002765486725664
Dt_V_VSS of 1103959_69_1133529_cp1_cp1p5_YPP_QPP,True,FeatureFilter_variance,0.0,1.0002765486725662
Dt_V_VSS of 1103959_69_1133592_RPP,True,FeatureFilter_variance,0.0,1.0002765486725662
EEPROM_BANK8_C__,True,FeatureFilter_variance,0.0,1.0002765486725667
EEPROM_BANK8_D__,True,FeatureFilter_variance,0.0,1.0002765486725662
EEPROM_BANK9_C__,False,FeatureFilter_variance,0.0,0.0
EEPROM_BANK9_D__,False,FeatureFilter_variance,0.0,0.0
EEPROM_CRC0__,False,FeatureFilter_variance,0.0,0.0
EEPROM_CRC1__,False,FeatureFilter_variance,0.0,0.0
EEPROM_CRC2__,False,FeatureFilter_variance,0.0,0.0
EEPROM_CRC3__,False,FeatureFilter_variance,0.0,0.0
EEPROM_CRC4__,False,FeatureFilter_variance,0.0,0.0
EEPROM_CRC5__,False,FeatureFilter_variance,0.0,0.0
EEPROM_CRC6__,False,FeatureFilter_variance,0.0,0.0
EEPROM_CRC7__,False,FeatureFilter_variance,0.0,0.0
EEPROM_CRC8__,False,FeatureFilter_variance,0.0,0.0
EEPROM_CRC9__,False,FeatureFilter_variance,0.0,0.0
EEPROM_LOCKPAT_check__,False,FeatureFilter_variance,0.0,0.0
EEPROM_S0__,True,FeatureFilter_variance,0.0,1.0002765486725662
EEPROM_S1__,True,FeatureFilter_variance,0.0,1.0002765486725662
EEPROM_S2__,True,FeatureFilter_variance,0.0,1.0002765486725664
EEPROM_S3__,True,FeatureFilter_variance,0.0,1.0002765486725664
EEPROM_S4__,True,FeatureFilter_variance,0.002709470223635435,1.0002765486725664
EEPROM_SET_BK8_A__,True,FeatureFilter_variance,0.006147355306893587,1.0002765486725667
EEPROM_SET_BK8_B__,True,FeatureFilter_variance,0.0,1.0002765486725662
EEPROM_SET_BK9_A__,False,FeatureFilter_variance,0.0,0.0
EEPROM_SET_BK9_B__,False,FeatureFilter_variance,0.0,0.0
EEPROM_SET_ParUid__,True,FeatureFilter_variance,0.0,1.0002765486725667
EEPROM_SET_S0__,True,FeatureFilter_variance,0.012020955793559551,1.0002765486725664
EEPROM_SET_S1__,True,FeatureFilter_variance,0.0,1.0002765486725664
EEPROM_SET_S2__,True,FeatureFilter_variance,0.0,1.0002765486725667
EEPROM_SET_S3__,True,FeatureFilter_variance,0.0,1.0002765486725662
EEPROM_SET_S4__,True,FeatureFilter_variance,0.0,1.0002765486725664
EEPROM_SET_SGBias__,True,FeatureFilter_variance,0.0,1.0002765486725664
EEPROM_SET_T0__,True,FeatureFilter_variance,0.0,1.0002765486725664
EEPROM_SET_T1__,True,FeatureFilter_variance,0.0,1.0002765486725664
EEPROM_SET_T2__,True,FeatureFilter_variance,0.0,1.0002765486725664
EEPROM_SET_T3__,True,FeatureFilter_variance,0.0,1.0002765486725664
EEPROM_SET_T4__,False,FeatureFilter_variance,0.0,1.0002765486725658
EEPROM_SET_V0__,True,FeatureFilter_variance,0.0018734922632575035,1.0002765486725664
EEPROM_SET_V1__,True,FeatureFilter_variance,0.0,1.0002765486725664
EEPROM_SET_V2__,True,FeatureFilter_variance,0.0,1.0002765486725662
EEPROM_SET_V3__,True,FeatureFilter_variance,0.0,1.0002765486725667
EEPROM_SET_V4__,True,FeatureFilter_variance,0.0,1.0002765486725662
EEPROM_T0__,False,FeatureFilter_variance,0.0,0.0
EEPROM_T1__,False,FeatureFilter_variance,0.0,0.0
EEPROM_T2__,True,FeatureFilter_variance,0.0,1.0002765486725664
EEPROM_T3__,True,FeatureFilter_variance,0.0,1.0002765486725662
EEPROM_T4__,True,FeatureFilter_variance,0.0,1.0002765486725664
EEPROM_T_SCAL_G_BIAS__,True,FeatureFilter_variance,0.0,1.0002765486725664
EEPROM_V0__,True,FeatureFilter_variance,0.0,1.0002765486725664
EEPROM_V1__,True,FeatureFilter_variance,0.0,1.0002765486725664
EEPROM_V2__,True,FeatureFilter_variance,0.0,1.0002765486725667
EEPROM_V3__,True,FeatureFilter_variance,0.004164710175246,1.0002765486725662
EEPROM_V4__,True,FeatureFilter_variance,0.0058083850890398026,1.0002765486725667
EE_DEFAULT_REG30 of 1103959_69_1133529_cp1_cp1p5_YPP_QPP,False,FeatureFilter_variance,0.0,1.000276548672566
EE_DEFAULT_REG30 of 1103959_69_1133592_RPP,False,FeatureFilter_variance,0.0,0.0
EE_DEFAULT_REG31 of 1103959_69_1133529_cp1_cp1p5_YPP_QPP,False,FeatureFilter_variance,0.0,1.000276548672566
EE_DEFAULT_REG31 of 1103959_69_1133592_RPP,False,FeatureFilter_variance,0.0,0.0
EE_DEFAULT_REG34 of 1103959_69_1133529_cp1_cp1p5_YPP_QPP,False,FeatureFilter_variance,0.0,1.0002765486725658
EE_DEFAULT_REG34 of 1103959_69_1133592_RPP,False,FeatureFilter_variance,0.0,0.0
EE_DEFAULT_REG35 of 1103959_69_1133529_cp1_cp1p5_YPP_QPP,False,FeatureFilter_variance,0.0,1.0002765486725658
EE_DEFAULT_REG35 of 1103959_69_1133592_RPP,False,FeatureFilter_variance,0.0,0.0
EE_DEFAULT_REG47 of 1103959_69_1133529_cp1_cp1p5_YPP_QPP,False,FeatureFilter_variance,0.0,1.0002765486725658
EE_DEFAULT_REG47 of 1103959_69_1133592_RPP,False,FeatureFilter_variance,0.0,0.0
EE_DEFAULT_REG48 of 1103959_69_1133529_cp1_cp1p5_YPP_QPP,False,FeatureFilter_variance,0.0,1.000276548672566
EE_DEFAULT_REG48 of 1103959_69_1133592_RPP,False,FeatureFilter_variance,0.0,0.0
EE_DEFAULT_REG50 of 1103959_69_1133529_cp1_cp1p5_YPP_QPP,False,FeatureFilter_variance,0.0,1.0002765486725658
EE_DEFAULT_REG50 of 1103959_69_1133592_RPP,False,FeatureFilter_variance,0.0,0.0
EE_DEFAULT_REG53 of 1103959_69_1133529_cp1_cp1p5_YPP_QPP,False,FeatureFilter_variance,0.0,1.0002765486725658
EE_DEFAULT_REG53 of 1103959_69_1133592_RPP,False,FeatureFilter_variance,0.0,0.0
EE_DEFAULT_REG_ERR of 1103959_69_1133529_cp1_cp1p5_YPP_QPP,False,FeatureFilter_variance,0.0,0.0
EE_DEFAULT_REG_ERR of 1103959_69_1133592_RPP,False,FeatureFilter_variance,0.0,0.0
EX_EXTRACT_T_GBIAS of 1103959_69_1133529_YPP,True,FeatureFilter_variance,0.0,1.0002765486725664
EX_EXTRACT_T_GBIAS of 1103959_69_1133529_cp1_cp1p5,True,FeatureFilter_variance,0.0,1.0002765486725664
EX_EXTRACT_T_GBIAS of 1103959_69_1133529_cp1_cp1p5_YPP_QPP,True,FeatureFilter_variance,0.0,1.0002765486725664
EX_EXTRACT_T_GBIAS of 1103959_69_1133592_RPP,True,FeatureFilter_variance,0.0,1.0002765486725664
EX_EXTRACT_T_H1BIAS of 1103959_69_1133529_YPP,True,FeatureFilter_variance,0.0,1.0002765486725664
EX_EXTRACT_T_H1BIAS of 1103959_69_1133529_cp1_cp1p5,True,FeatureFilter_variance,0.0,1.0002765486725664
EX_EXTRACT_T_H1BIAS of 1103959_69_1133529_cp1_cp1p5_YPP_QPP,True,FeatureFilter_variance,0.0,1.0002765486725664
EX_EXTRACT_T_H1BIAS of 1103959_69_1133592_RPP,True,FeatureFilter_variance,0.0,1.0002765486725664
EX_EXTRACT_T_H2BIAS of 1103959_69_1133529_YPP,True,FeatureFilter_variance,0.0,1.0002765486725664
EX_EXTRACT_T_H2BIAS of 1103959_69_1133529_cp1_cp1p5,True,FeatureFilter_variance,0.0,1.0002765486725664
EX_EXTRACT_T_H2BIAS of 1103959_69_1133529_cp1_cp1p5_YPP_QPP,True,FeatureFilter_variance,0.0,1.0002765486725664
EX_EXTRACT_T_H2BIAS of 1103959_69_1133592_RPP,True,FeatureFilter_variance,0.0,1.0002765486725664
EX_EXTRACT_T_ITOSCS of 1103959_69_1133529_YPP,False,FeatureFilter_variance,0.0,0.0
EX_EXTRACT_T_ITOSCS of 1103959_69_1133529_cp1_cp1p5,False,FeatureFilter_variance,0.0,0.0
EX_EXTRACT_T_ITOSCS of 1103959_69_1133529_cp1_cp1p5_YPP_QPP,False,FeatureFilter_variance,0.0,0.0
EX_EXTRACT_T_ITOSCS of 1103959_69_1133592_RPP,False,FeatureFilter_variance,0.0,0.0
EX_EXTRACT_T_PTATOSC of 1103959_69_1133529_YPP,True,FeatureFilter_variance,0.0,1.0002765486725664
EX_EXTRACT_T_PTATOSC of 1103959_69_1133529_cp1_cp1p5,True,FeatureFilter_variance,0.0,1.0002765486725664
EX_EXTRACT_T_PTATOSC of 1103959_69_1133529_cp1_cp1p5_YPP_QPP,True,FeatureFilter_variance,0.0,1.0002765486725664
EX_EXTRACT_T_PTATOSC of 1103959_69_1133592_RPP,True,FeatureFilter_variance,0.0,1.0002765486725664
EX_EXTRACT_T_REFOSC of 1103959_69_1133529_YPP,True,FeatureFilter_variance,0.0,1.0002765486725662
EX_EXTRACT_T_REFOSC of 1103959_69_1133529_cp1_cp1p5,True,FeatureFilter_variance,0.0,1.0002765486725662
EX_EXTRACT_T_REFOSC of 1103959_69_1133529_cp1_cp1p5_YPP_QPP,True,FeatureFilter_variance,0.0,1.0002765486725662
EX_EXTRACT_T_REFOSC of 1103959_69_1133592_RPP,True,FeatureFilter_variance,0.004032985772937536,1.0002765486725662
EX_EXTRACT_T_SCALBIAS of 1103959_69_1133529_YPP,True,FeatureFilter_variance,0.0,1.0002765486725664
EX_EXTRACT_T_SCALBIAS of 1103959_69_1133529_cp1_cp1p5,True,FeatureFilter_variance,0.0,1.0002765486725664
EX_EXTRACT_T_SCALBIAS of 1103959_69_1133529_cp1_cp1p5_YPP_QPP,True,FeatureFilter_variance,0.0,1.0002765486725664
EX_EXTRACT_T_SCALBIAS of 1103959_69_1133592_RPP,True,FeatureFilter_variance,0.0,1.0002765486725664
EX_EXTRACT_T_SUPDIV of 1103959_69_1133529_YPP,True,FeatureFilter_variance,0.0,1.0002765486725662
EX_EXTRACT_T_SUPDIV of 1103959_69_1133529_cp1_cp1p5,True,FeatureFilter_variance,0.0,1.0002765486725662
EX_EXTRACT_T_SUPDIV of 1103959_69_1133529_cp1_cp1p5_YPP_QPP,True,FeatureFilter_variance,0.0,1.0002765486725662
EX_EXTRACT_T_SUPDIV of 1103959_69_1133592_RPP,True,FeatureFilter_variance,0.0,1.0002765486725662
EY_DEFAULT_REG30 of 1103959_69_1133529_YPP,False,FeatureFilter_variance,0.0,0.0
EY_DEFAULT_REG30 of 1103959_69_1133529_cp1_cp1p5,False,FeatureFilter_variance,0.0,0.0
EY_DEFAULT_REG31 of 1103959_69_1133529_YPP,False,FeatureFilter_variance,0.0,0.0
EY_DEFAULT_REG31 of 1103959_69_1133529_cp1_cp1p5,False,FeatureFilter_variance,0.0,0.0
EY_DEFAULT_REG34 of 1103959_69_1133529_YPP,False,FeatureFilter_variance,0.0,0.0
EY_DEFAULT_REG34 of 1103959_69_1133529_cp1_cp1p5,False,FeatureFilter_variance,0.0,0.0
EY_DEFAULT_REG35 of 1103959_69_1133529_YPP,False,FeatureFilter_variance,0.0,0.0
EY_DEFAULT_REG35 of 1103959_69_1133529_cp1_cp1p5,False,FeatureFilter_variance,0.0,0.0
EY_DEFAULT_REG47 of 1103959_69_1133529_YPP,False,FeatureFilter_variance,0.0,0.0
EY_DEFAULT_REG47 of 1103959_69_1133529_cp1_cp1p5,False,FeatureFilter_variance,0.0,0.0
EY_DEFAULT_REG48 of 1103959_69_1133529_YPP,False,FeatureFilter_variance,0.0,0.0
EY_DEFAULT_REG48 of 1103959_69_1133529_cp1_cp1p5,False,FeatureFilter_variance,0.0,0.0
EY_DEFAULT_REG50 of 1103959_69_1133529_YPP,False,FeatureFilter_variance,0.0,0.0
EY_DEFAULT_REG50 of 1103959_69_1133529_cp1_cp1p5,False,FeatureFilter_variance,0.0,0.0
EY_DEFAULT_REG53 of 1103959_69_1133529_YPP,False,FeatureFilter_variance,0.0,0.0
EY_DEFAULT_REG53 of 1103959_69_1133529_cp1_cp1p5,False,FeatureFilter_variance,0.0,0.0
EY_DEFAULT_REG_ERR of 1103959_69_1133529_YPP,False,FeatureFilter_variance,0.0,0.0
EY_DEFAULT_REG_ERR of 1103959_69_1133529_cp1_cp1p5,False,FeatureFilter_variance,0.0,0.0
EY_DEFAULT_REPEAT of 1103959_69_1133529_YPP,False,FeatureFilter_variance,0.0,0.0
EY_DEFAULT_REPEAT of 1103959_69_1133529_cp1_cp1p5,False,FeatureFilter_variance,0.0,0.0
Gb_I_GBIAS_0 2 of 1103959_69_1133529_cp1,True,FeatureFilter_variance,0.0,1.0002765486725662
Gb_I_GBIAS_0 2 of 1103959_69_1133529_cp1_cp1p5_YPP,True,FeatureFilter_variance,0.0,1.0002765486725664
Gb_I_GBIAS_0 2 of 1103959_69_1133529_cp1_cp1p5_YPP_QPP_RPP,True,FeatureFilter_variance,0.0,1.0002765486725667
Gb_I_GBIAS_0 2 of 1103959_69_1133529_cp1p5,True,FeatureFilter_variance,0.0,1.0002765486725664
Gb_I_GBIAS_0 2 of 1103959_69_1133592_QPP,True,FeatureFilter_variance,0.0,1.0002765486725667
Gb_I_GBIAS_0 2 of 1103959_69_JPP,True,FeatureFilter_variance,0.017302939668297768,1.0002765486725664
Gb_I_GBIAS_0 of 1103959_69_1133529_cp1,True,FeatureFilter_variance,0.0,1.0002765486725662
Gb_I_GBIAS_0 of 1103959_69_1133529_cp1_cp1p5_YPP,True,FeatureFilter_variance,0.0,1.0002765486725664
Gb_I_GBIAS_0 of 1103959_69_1133529_cp1_cp1p5_YPP_QPP_RPP,True,FeatureFilter_variance,0.0,1.0002765486725667
Gb_I_GBIAS_0 of 1103959_69_1133529_cp1p5,True,FeatureFilter_variance,0.0,1.0002765486725664
Gb_I_GBIAS_0 of 1103959_69_1133592_QPP,True,FeatureFilter_variance,0.0,1.0002765486725667
Gb_I_GBIAS_0 of 1103959_69_JPP,True,FeatureFilter_variance,0.0,1.0002765486725664
Gb_I_GBIAS_0_HV of 1103959_69_1133529_cp1,True,FeatureFilter_variance,0.0,1.0002765486725662
Gb_I_GBIAS_0_HV of 1103959_69_1133529_cp1_cp1p5_YPP,True,FeatureFilter_variance,0.0,1.0002765486725667
Gb_I_GBIAS_0_HV of 1103959_69_1133529_cp1_cp1p5_YPP_QPP_RPP,True,FeatureFilter_variance,0.0,1.0002765486725664
Gb_I_GBIAS_0_HV of 1103959_69_1133529_cp1p5,True,FeatureFilter_variance,0.0,1.0002765486725662
Gb_I_GBIAS_0_HV of 1103959_69_1133592_QPP,True,FeatureFilter_variance,0.0005633129621855915,1.0002765486725664
Gb_I_GBIAS_0_HV of 1103959_69_JPP,True,FeatureFilter_variance,0.0,1.0002765486725664
Gb_I_GBIAS_0_LV of 1103959_69_1133529_cp1,True,FeatureFilter_variance,0.0,1.0002765486725664
Gb_I_GBIAS_0_LV of 1103959_69_1133529_cp1_cp1p5_YPP,True,FeatureFilter_variance,0.008790981024503708,1.0002765486725664
Gb_I_GBIAS_0_LV of 1103959_69_1133529_cp1_cp1p5_YPP_QPP_RPP,True,FeatureFilter_variance,0.0,1.0002765486725662
Gb_I_GBIAS_0_LV of 1103959_69_1133529_cp1p5,True,FeatureFilter_variance,0.0,1.0002765486725664
Gb_I_GBIAS_0_LV of 1103959_69_1133592_QPP,True,FeatureFilter_variance,0.02693229168653488,1.0002765486725664
Gb_I_GBIAS_0_LV of 1103959_69_JPP,True,FeatureFilter_variance,0.006023922935128212,1.0002765486725664
HH_CONT_CL of 1103959_69_1133529_cp1,True,FeatureFilter_variance,0.0,1.0002765486725664
HH_CONT_CL of 1103959_69_1133529_cp1_cp1p5_YPP,True,FeatureFilter_variance,0.0,1.0002765486725664
HH_CONT_CL of 1103959_69_1133529_cp1_cp1p5_YPP_QPP_RPP,True,FeatureFilter_variance,0.0,1.0002765486725662
HH_CONT_CL of 1103959_69_1133529_cp1p5,True,FeatureFilter_variance,0.0,1.0002765486725662
HH_CONT_CL of 1103959_69_1133592_QPP,True,FeatureFilter_variance,0.0,1.0002765486725664
HH_CONT_CL of 1103959_69_JPP,False,FeatureFilter_variance,0.0,1.0002765486725658
HH_CONT_CL_APMU of 1103959_69_1133529_cp1,True,FeatureFilter_variance,0.0,1.0002765486725662
HH_CONT_CL_APMU of 1103959_69_1133529_cp1_cp1p5_YPP,True,FeatureFilter_variance,0.0,1.0002765486725664
HH_CONT_CL_APMU of 1103959_69_1133529_cp1_cp1p5_YPP_QPP_RPP,True,FeatureFilter_variance,0.0,1.0002765486725664
HH_CONT_CL_APMU of 1103959_69_1133529_cp1p5,True,FeatureFilter_variance,0.0005417897482402623,1.0002765486725664
HH_CONT_CL_APMU of 1103959_69_1133592_QPP,True,FeatureFilter_variance,0.0,1.0002765486725664
HH_CONT_CL_APMU of 1103959_69_JPP,True,FeatureFilter_variance,0.0,1.0002765486725664
HH_CONT_CM of 1103959_69_1133529_cp1,True,FeatureFilter_variance,0.0,1.0002765486725664
HH_CONT_CM of 1103959_69_1133529_cp1_cp1p5_YPP,True,FeatureFilter_variance,0.006224768701940775,1.0002765486725662
HH_CONT_CM of 1103959_69_1133529_cp1_cp1p5_YPP_QPP_RPP,True,FeatureFilter_variance,0.0,1.0002765486725664
HH_CONT_CM of 1103959_69_1133529_cp1p5,True,FeatureFilter_variance,0.0,1.0002765486725664
HH_CONT_CM of 1103959_69_1133592_QPP,True,FeatureFilter_variance,0.010214464738965034,1.0002765486725667
HH_CONT_CM of 1103959_69_JPP,True,FeatureFilter_variance,0.0,1.0002765486725664
HH_CONT_CR of 1103959_69_1133529_cp1,True,FeatureFilter_variance,0.0,1.0002765486725664
HH_CONT_CR of 1103959_69_1133529_cp1_cp1p5_YPP,True,FeatureFilter_variance,0.0,1.0002765486725664
HH_CONT_CR of 1103959_69_1133529_cp1_cp1p5_YPP_QPP_RPP,True,FeatureFilter_variance,0.0,1.0002765486725664
HH_CONT_CR of 1103959_69_1133529_cp1p5,True,FeatureFilter_variance,0.0,1.0002765486725664
HH_CONT_CR of 1103959_69_1133592_QPP,True,FeatureFilter_variance,0.0,1.0002765486725664
HH_CONT_CR of 1103959_69_JPP,False,FeatureFilter_variance,0.0,1.000276548672566
HH_CONT_CR_APMU of 1103959_69_1133529_cp1,True,FeatureFilter_variance,0.0,1.0002765486725662
HH_CONT_CR_APMU of 1103959_69_1133529_cp1_cp1p5_YPP,True,FeatureFilter_variance,0.004966224078088999,1.0002765486725664
HH_CONT_CR_APMU of 1103959_69_1133529_cp1_cp1p5_YPP_QPP_RPP,True,FeatureFilter_variance,0.0005361269577406347,1.0002765486725664
HH_CONT_CR_APMU of 1103959_69_1133529_cp1p5,True,FeatureFilter_variance,0.0,1.0002765486725664
HH_CONT_CR_APMU of 1103959_69_1133592_QPP,True,FeatureFilter_variance,0.010852428153157234,1.0002765486725664
HH_CONT_CR_APMU of 1103959_69_JPP,True,FeatureFilter_variance,0.00035637186374515295,1.0002765486725664
HH_CONT_OUT of 1103959_69_1133529_cp1,True,FeatureFilter_variance,0.0,1.0002765486725664
HH_CONT_OUT of 1103959_69_1133529_cp1_cp1p5_YPP,True,FeatureFilter_variance,0.001006998703815043,1.0002765486725664
HH_CONT_OUT of 1103959_69_1133529_cp1_cp1p5_YPP_QPP_RPP,True,FeatureFilter_variance,0.016284581273794174,1.0002765486725664
HH_CONT_OUT of 1103959_69_1133529_cp1p5,True,FeatureFilter_variance,0.0,1.0002765486725667
HH_CONT_OUT of 1103959_69_1133592_QPP,True,FeatureFilter_variance,0.0012514244299381971,1.0002765486725664
HH_CONT_OUT of 1103959_69_JPP,True,FeatureFilter_variance,0.0,1.0002765486725664
HH_CONT_OUT_APMU of 1103959_69_1133529_cp1,True,FeatureFilter_variance,0.010236920788884163,1.0002765486725664
HH_CONT_OUT_APMU of 1103959_69_1133529_cp1_cp1p5_YPP,True,FeatureFilter_variance,0.0,1.0002765486725662
HH_CONT_OUT_APMU of 1103959_69_1133529_cp1_cp1p5_YPP_QPP_RPP,True,FeatureFilter_variance,0.0,1.0002765486725664
HH_CONT_OUT_APMU of 1103959_69_1133529_cp1p5,True,FeatureFilter_variance,0.0,1.0002765486725662
HH_CONT_OUT_APMU of 1103959_69_1133592_QPP,True,FeatureFilter_variance,0.0,1.0002765486725662
HH_CONT_OUT_APMU of 1103959_69_JPP,True,FeatureFilter_variance,0.011206531897187233,1.0002765486725664
HH_CONT_PTEN of 1103959_69_1133529_cp1,True,FeatureFilter_variance,0.0,1.0002765486725664
HH_CONT_PTEN of 1103959_69_1133529_cp1_cp1p5_YPP,True,FeatureFilter_variance,0.0,1.0002765486725664
HH_CONT_PTEN of 1103959_69_1133529_cp1_cp1p5_YPP_QPP_RPP,True,FeatureFilter_variance,0.0,1.0002765486725664
HH_CONT_PTEN of 1103959_69_1133529_cp1p5,True,FeatureFilter_variance,0.0,1.0002765486725664
HH_CONT_PTEN of 1103959_69_1133592_QPP,True,FeatureFilter_variance,0.0061456067487597466,1.0002765486725664
HH_CONT_PTEN of 1103959_69_JPP,True,FeatureFilter_variance,0.0,1.0002765486725667
HH_CONT_SH_CL of 1103959_69_1133529_cp1,True,FeatureFilter_variance,0.0,1.0002765486725664
HH_CONT_SH_CL of 1103959_69_1133529_cp1_cp1p5_YPP,True,FeatureFilter_variance,0.0,1.0002765486725664
HH_CONT_SH_CL of 1103959_69_1133529_cp1_cp1p5_YPP_QPP_RPP,True,FeatureFilter_variance,0.0,1.0002765486725662
HH_CONT_SH_CL of 1103959_69_1133529_cp1p5,True,FeatureFilter_variance,0.0,1.0002765486725662
HH_CONT_SH_CL of 1103959_69_1133592_QPP,True,FeatureFilter_variance,0.004029621370136738,1.0002765486725664
HH_CONT_SH_CL of 1103959_69_JPP,True,FeatureFilter_variance,0.0,1.0002765486725662
HH_CONT_SH_CL_APMU of 1103959_69_1133529_cp1,True,FeatureFilter_variance,0.004380572121590376,1.0002765486725662
HH_CONT_SH_CL_APMU of 1103959_69_1133529_cp1_cp1p5_YPP,True,FeatureFilter_variance,0.0,1.0002765486725664
HH_CONT_SH_CL_APMU of 1103959_69_1133529_cp1_cp1p5_YPP_QPP_RPP,True,FeatureFilter_variance,0.0,1.0002765486725664
HH_CONT_SH_CL_APMU of 1103959_69_1133529_cp1p5,True,FeatureFilter_variance,0.004311218857765198,1.0002765486725662
HH_CONT_SH_CL_APMU of 1103959_69_1133592_QPP,True,FeatureFilter_variance,0.0010152820032089949,1.0002765486725664
HH_CONT_SH_CL_APMU of 1103959_69_JPP,True,FeatureFilter_variance,0.0,1.0002765486725664
HH_CONT_SH_CM of 1103959_69_1133529_cp1,True,FeatureFilter_variance,0.0,1.0002765486725664
HH_CONT_SH_CM of 1103959_69_1133529_cp1_cp1p5_YPP,True,FeatureFilter_variance,0.0009577413438819349,1.0002765486725664
HH_CONT_SH_CM of 1103959_69_1133529_cp1_cp1p5_YPP_QPP_RPP,True,FeatureFilter_variance,0.0,1.0002765486725662
HH_CONT_SH_CM of 1103959_69_1133529_cp1p5,True,FeatureFilter_variance,0.0,1.0002765486725664
HH_CONT_SH_CM of 1103959_69_1133592_QPP,True,FeatureFilter_variance,0.0,1.0002765486725662
HH_CONT_SH_CM of 1103959_69_JPP,True,FeatureFilter_variance,0.0,1.0002765486725667
HH_CONT_SH_CR of 1103959_69_1133529_cp1,True,FeatureFilter_variance,0.005045305471867323,1.0002765486725664
HH_CONT_SH_CR of 1103959_69_1133529_cp1_cp1p5_YPP,True,FeatureFilter_variance,0.019694115966558456,1.0002765486725664
HH_CONT_SH_CR of 1103959_69_1133529_cp1_cp1p5_YPP_QPP_RPP,True,FeatureFilter_variance,0.0,1.0002765486725664
HH_CONT_SH_CR of 1103959_69_1133529_cp1p5,True,FeatureFilter_variance,0.0,1.0002765486725664
HH_CONT_SH_CR of 1103959_69_1133592_QPP,True,FeatureFilter_variance,0.004852248355746269,1.0002765486725664
HH_CONT_SH_CR of 1103959_69_JPP,True,FeatureFilter_variance,0.0,1.0002765486725664
HH_CONT_SH_CR_APMU of 1103959_69_1133529_cp1,False,FeatureFilter_variance,0.0,0.0
HH_CONT_SH_CR_APMU of 1103959_69_1133529_cp1_cp1p5_YPP,False,FeatureFilter_variance,0.0,0.0
HH_CONT_SH_CR_APMU of 1103959_69_1133529_cp1_cp1p5_YPP_QPP_RPP,False,FeatureFilter_variance,0.0,0.0
HH_CONT_SH_CR_APMU of 1103959_69_1133529_cp1p5,False,FeatureFilter_variance,0.0,0.0
HH_CONT_SH_CR_APMU of 1103959_69_1133592_QPP,False,FeatureFilter_variance,0.0,0.0
HH_CONT_SH_CR_APMU of 1103959_69_JPP,False,FeatureFilter_variance,0.0,0.0
HH_CONT_SH_OUT of 1103959_69_1133529_cp1,True,FeatureFilter_variance,0.0,1.0002765486725664
HH_CONT_SH_OUT of 1103959_69_1133529_cp1_cp1p5_YPP,True,FeatureFilter_variance,0.0,1.0002765486725664
HH_CONT_SH_OUT of 1103959_69_1133529_cp1_cp1p5_YPP_QPP_RPP,True,FeatureFilter_variance,0.0,1.0002765486725667
HH_CONT_SH_OUT of 1103959_69_1133529_cp1p5,True,FeatureFilter_variance,0.0,1.0002765486725664
HH_CONT_SH_OUT of 1103959_69_1133592_QPP,True,FeatureFilter_variance,0.0,1.0002765486725662
HH_CONT_SH_OUT of 1103959_69_JPP,True,FeatureFilter_variance,0.0,1.0002765486725664
HH_CONT_SH_OUT_APMU of 1103959_69_1133529_cp1,True,FeatureFilter_variance,0.0,1.0002765486725662
HH_CONT_SH_OUT_APMU of 1103959_69_1133529_cp1_cp1p5_YPP,True,FeatureFilter_variance,0.0,1.0002765486725664
HH_CONT_SH_OUT_APMU of 1103959_69_1133529_cp1_cp1p5_YPP_QPP_RPP,True,FeatureFilter_variance,0.0,1.0002765486725664
HH_CONT_SH_OUT_APMU of 1103959_69_1133529_cp1p5,True,FeatureFilter_variance,0.0,1.0002765486725662
HH_CONT_SH_OUT_APMU of 1103959_69_1133592_QPP,True,FeatureFilter_variance,0.0,1.0002765486725667
HH_CONT_SH_OUT_APMU of 1103959_69_JPP,True,FeatureFilter_variance,0.0,1.0002765486725662
HH_CONT_SH_PTEN of 1103959_69_1133529_cp1,True,FeatureFilter_variance,0.0,1.0002765486725664
HH_CONT_SH_PTEN of 1103959_69_1133529_cp1_cp1p5_YPP,True,FeatureFilter_variance,0.0,1.0002765486725664
HH_CONT_SH_PTEN of 1103959_69_1133529_cp1_cp1p5_YPP_QPP_RPP,True,FeatureFilter_variance,0.0,1.0002765486725667
HH_CONT_SH_PTEN of 1103959_69_1133529_cp1p5,True,FeatureFilter_variance,0.0,1.0002765486725664
HH_CONT_SH_PTEN of 1103959_69_1133592_QPP,True,FeatureFilter_variance,0.00896151177585125,1.0002765486725664
HH_CONT_SH_PTEN of 1103959_69_JPP,True,FeatureFilter_variance,0.02899160049855709,1.0002765486725662
HH_CONT_SH_VINT of 1103959_69_1133529_cp1,True,FeatureFilter_variance,0.0,1.0002765486725664
HH_CONT_SH_VINT of 1103959_69_1133529_cp1_cp1p5_YPP,True,FeatureFilter_variance,0.0,1.0002765486725662
HH_CONT_SH_VINT of 1103959_69_1133529_cp1_cp1p5_YPP_QPP_RPP,True,FeatureFilter_variance,0.0,1.0002765486725662
HH_CONT_SH_VINT of 1103959_69_1133529_cp1p5,True,FeatureFilter_variance,0.0,1.0002765486725667
HH_CONT_SH_VINT of 1103959_69_1133592_QPP,True,FeatureFilter_variance,0.0,1.0002765486725662
HH_CONT_SH_VINT of 1103959_69_JPP,True,FeatureFilter_variance,0.0,1.0002765486725664
HH_CONT_SH_VSS_APMU of 1103959_69_1133529_cp1,True,FeatureFilter_variance,0.0,1.0002765486725664
HH_CONT_SH_VSS_APMU of 1103959_69_1133529_cp1_cp1p5_YPP,True,FeatureFilter_variance,0.0,1.0002765486725664
HH_CONT_SH_VSS_APMU of 1103959_69_1133529_cp1_cp1p5_YPP_QPP_RPP,True,FeatureFilter_variance,0.00238085282035172,1.0002765486725667
HH_CONT_SH_VSS_APMU of 1103959_69_1133529_cp1p5,True,FeatureFilter_variance,0.0,1.0002765486725667
HH_CONT_SH_VSS_APMU of 1103959_69_1133592_QPP,True,FeatureFilter_variance,0.0,1.0002765486725662
HH_CONT_SH_VSS_APMU of 1103959_69_JPP,True,FeatureFilter_variance,0.0,1.0002765486725664
HH_CONT_VINT of 1103959_69_1133529_cp1,True,FeatureFilter_variance,0.0019565720576792955,1.0002765486725664
HH_CONT_VINT of 1103959_69_1133529_cp1_cp1p5_YPP,True,FeatureFilter_variance,0.014824694022536278,1.0002765486725664
HH_CONT_VINT of 1103959_69_1133529_cp1_cp1p5_YPP_QPP_RPP,True,FeatureFilter_variance,0.0,1.0002765486725664
HH_CONT_VINT of 1103959_69_1133529_cp1p5,True,FeatureFilter_variance,0.004652733914554119,1.0002765486725664
HH_CONT_VINT of 1103959_69_1133592_QPP,True,FeatureFilter_variance,0.0,1.0002765486725664
HH_CONT_VINT of 1103959_69_JPP,True,FeatureFilter_variance,0.0,1.0002765486725667
HH_CONT_VSS_APMU of 1103959_69_1133529_cp1,True,FeatureFilter_variance,0.0,1.0002765486725664
HH_CONT_VSS_APMU of 1103959_69_1133529_cp1_cp1p5_YPP,True,FeatureFilter_variance,0.0029908933211117983,1.0002765486725662
HH_CONT_VSS_APMU of 1103959_69_1133529_cp1_cp1p5_YPP_QPP_RPP,True,FeatureFilter_variance,0.001333592925220728,1.0002765486725664
HH_CONT_VSS_APMU of 1103959_69_1133529_cp1p5,True,FeatureFilter_variance,0.0,1.0002765486725664
HH_CONT_VSS_APMU of 1103959_69_1133592_QPP,True,FeatureFilter_variance,0.010814826935529709,1.0002765486725664
HH_CONT_VSS_APMU of 1103959_69_JPP,True,FeatureFilter_variance,0.0,1.0002765486725664
HH_PTRES_PMI of 1103959_69_1133529_cp1,False,FeatureFilter_variance,0.0,0.0
HH_PTRES_PMI of 1103959_69_1133529_cp1_cp1p5_YPP,False,FeatureFilter_variance,0.0,0.0
HH_PTRES_PMI of 1103959_69_1133529_cp1_cp1p5_YPP_QPP_RPP,False,FeatureFilter_variance,0.0,0.0
HH_PTRES_PMI of 1103959_69_1133529_cp1p5,False,FeatureFilter_variance,0.0,0.0
HH_PTRES_PMI of 1103959_69_1133592_QPP,False,FeatureFilter_variance,0.0,0.0
HH_PTRES_PMI of 1103959_69_JPP,False,FeatureFilter_variance,0.0,0.0
HH_PTRES_SH_PMI of 1103959_69_1133529_cp1,False,FeatureFilter_variance,0.0,0.0
HH_PTRES_SH_PMI of 1103959_69_1133529_cp1_cp1p5_YPP,False,FeatureFilter_variance,0.0,0.0
HH_PTRES_SH_PMI of 1103959_69_1133529_cp1_cp1p5_YPP_QPP_RPP,False,FeatureFilter_variance,0.0,0.0
HH_PTRES_SH_PMI of 1103959_69_1133529_cp1p5,False,FeatureFilter_variance,0.0,0.0
HH_PTRES_SH_PMI of 1103959_69_1133592_QPP,False,FeatureFilter_variance,0.0,0.0
HH_PTRES_SH_PMI of 1103959_69_JPP,False,FeatureFilter_variance,0.0,0.0
IO_ISUPFM of 1103959_69_1133529_cp1,True,FeatureFilter_variance,0.0,1.0002765486725664
IO_ISUPFM of 1103959_69_1133529_cp1_cp1p5_YPP,True,FeatureFilter_variance,0.00013207620941102505,1.0002765486725664
IO_ISUPFM of 1103959_69_1133529_cp1_cp1p5_YPP_QPP_RPP,True,FeatureFilter_variance,0.0,1.0002765486725662
IO_ISUPFM of 1103959_69_1133529_cp1p5,True,FeatureFilter_variance,0.0,1.0002765486725664
IO_ISUPFM of 1103959_69_1133592_QPP,True,FeatureFilter_variance,0.0,1.0002765486725664
IO_ISUPFM of 1103959_69_JPP,True,FeatureFilter_variance,0.003660488175228238,1.0002765486725664
IO_ISUPFM_PRE of 1103959_69_1133529_cp1,True,FeatureFilter_variance,0.0008852603496052325,1.0002765486725664
IO_ISUPFM_PRE of 1103959_69_1133529_cp1_cp1p5_YPP,True,FeatureFilter_variance,0.0,1.0002765486725664
IO_ISUPFM_PRE of 1103959_69_1133529_cp1_cp1p5_YPP_QPP_RPP,True,FeatureFilter_variance,0.0,1.0002765486725662
IO_ISUPFM_PRE of 1103959_69_1133529_cp1p5,True,FeatureFilter_variance,0.0,1.0002765486725664
IO_ISUPFM_PRE of 1103959_69_1133592_QPP,True,FeatureFilter_variance,0.0,1.0002765486725667
IO_ISUPFM_PRE of 1103959_69_JPP,True,FeatureFilter_variance,0.0,1.0002765486725664
KC_COIL_CL of 1103959_69_1133529_cp1,True,FeatureFilter_variance,0.0,1.0002765486725667
KC_COIL_CL of 1103959_69_1133529_cp1_cp1p5_YPP,True,FeatureFilter_variance,0.020497245714068413,1.0002765486725664
KC_COIL_CL of 1103959_69_1133529_cp1_cp1p5_YPP_QPP_RPP,True,FeatureFilter_variance,0.0,1.0002765486725667
KC_COIL_CL of 1103959_69_1133529_cp1p5,True,FeatureFilter_variance,0.0,1.0002765486725664
KC_COIL_CL of 1103959_69_1133592_QPP,True,FeatureFilter_variance,0.0008595960098318756,1.0002765486725662
KC_COIL_CL of 1103959_69_JPP,True,FeatureFilter_variance,0.0,1.0002765486725667
KC_COIL_CR of 1103959_69_1133529_cp1,True,FeatureFilter_variance,0.0,1.0002765486725664
KC_COIL_CR of 1103959_69_1133529_cp1_cp1p5_YPP,True,FeatureFilter_variance,0.0,1.0002765486725664
KC_COIL_CR of 1103959_69_1133529_cp1_cp1p5_YPP_QPP_RPP,True,FeatureFilter_variance,0.0018824598519131541,1.0002765486725667
KC_COIL_CR of 1103959_69_1133529_cp1p5,True,FeatureFilter_variance,0.0,1.0002765486725662
KC_COIL_CR of 1103959_69_1133592_QPP,True,FeatureFilter_variance,0.0,1.0002765486725662
KC_COIL_CR of 1103959_69_JPP,True,FeatureFilter_variance,0.0,1.0002765486725664
KK_LK_CL_APMU_HI of 1103959_69_1133529_cp1,True,FeatureFilter_variance,0.0,1.0002765486725664
KK_LK_CL_APMU_HI of 1103959_69_1133529_cp1_cp1p5_YPP,True,FeatureFilter_variance,0.0,1.0002765486725664
KK_LK_CL_APMU_HI of 1103959_69_1133529_cp1_cp1p5_YPP_QPP_RPP,True,FeatureFilter_variance,0.0,1.0002765486725664
KK_LK_CL_APMU_HI of 1103959_69_1133529_cp1p5,True,FeatureFilter_variance,0.0,1.0002765486725664
KK_LK_CL_APMU_HI of 1103959_69_1133592_QPP,True,FeatureFilter_variance,0.0,1.0002765486725664
KK_LK_CL_APMU_HI of 1103959_69_JPP,True,FeatureFilter_variance,0.0,1.0002765486725664
KK_LK_CL_APMU_LO of 1103959_69_1133529_cp1,True,FeatureFilter_variance,0.0,1.0002765486725664
KK_LK_CL_APMU_LO of 1103959_69_1133529_cp1_cp1p5_YPP,True,FeatureFilter_variance,0.0,1.0002765486725664
KK_LK_CL_APMU_LO of 1103959_69_1133529_cp1_cp1p5_YPP_QPP_RPP,True,FeatureFilter_variance,0.0,1.0002765486725664
KK_LK_CL_APMU_LO of 1103959_69_1133529_cp1p5,True,FeatureFilter_variance,0.0,1.0002765486725664
KK_LK_CL_APMU_LO of 1103959_69_1133592_QPP,True,FeatureFilter_variance,0.0,1.0002765486725664
KK_LK_CL_APMU_LO of 1103959_69_JPP,True,FeatureFilter_variance,0.0,1.0002765486725662
KK_LK_CM_HI of 1103959_69_1133529_cp1,True,FeatureFilter_variance,0.0,1.0002765486725664
KK_LK_CM_HI of 1103959_69_1133529_cp1_cp1p5_YPP,True,FeatureFilter_variance,0.0,1.0002765486725664
KK_LK_CM_HI of 1103959_69_1133529_cp1_cp1p5_YPP_QPP_RPP,True,FeatureFilter_variance,0.0014177345437929034,1.0002765486725664
KK_LK_CM_HI of 1103959_69_1133529_cp1p5,True,FeatureFilter_variance,0.0,1.0002765486725662
KK_LK_CM_HI of 1103959_69_1133592_QPP,True,FeatureFilter_variance,0.0,1.0002765486725664
KK_LK_CM_HI of 1103959_69_JPP,True,FeatureFilter_variance,0.0,1.0002765486725664
KK_LK_CM_LO of 1103959_69_1133529_cp1,True,FeatureFilter_variance,0.0036766158882528543,1.0002765486725664
KK_LK_CM_LO of 1103959_69_1133529_cp1_cp1p5_YPP,True,FeatureFilter_variance,0.0004214114451315254,1.0002765486725664
KK_LK_CM_LO of 1103959_69_1133529_cp1_cp1p5_YPP_QPP_RPP,True,FeatureFilter_variance,0.006165549624711275,1.0002765486725662
KK_LK_CM_LO of 1103959_69_1133529_cp1p5,True,FeatureFilter_variance,0.0,1.0002765486725662
KK_LK_CM_LO of 1103959_69_1133592_QPP,True,FeatureFilter_variance,0.0,1.0002765486725662
KK_LK_CM_LO of 1103959_69_JPP,True,FeatureFilter_variance,0.0,1.0002765486725667
KK_LK_CR_APMU_HI of 1103959_69_1133529_cp1,True,FeatureFilter_variance,0.0,1.0002765486725662
KK_LK_CR_APMU_HI of 1103959_69_1133529_cp1_cp1p5_YPP,True,FeatureFilter_variance,0.0,1.0002765486725662
KK_LK_CR_APMU_HI of 1103959_69_1133529_cp1_cp1p5_YPP_QPP_RPP,True,FeatureFilter_variance,0.0,1.0002765486725662
KK_LK_CR_APMU_HI of 1103959_69_1133529_cp1p5,True,FeatureFilter_variance,0.0,1.0002765486725662
KK_LK_CR_APMU_HI of 1103959_69_1133592_QPP,True,FeatureFilter_variance,0.0,1.0002765486725662
KK_LK_CR_APMU_HI of 1103959_69_JPP,True,FeatureFilter_variance,0.0,1.0002765486725664
KK_LK_CR_APMU_LO of 1103959_69_1133529_cp1,True,FeatureFilter_variance,0.0,1.0002765486725664
KK_LK_CR_APMU_LO of 1103959_69_1133529_cp1_cp1p5_YPP,True,FeatureFilter_variance,0.0,1.0002765486725664
KK_LK_CR_APMU_LO of 1103959_69_1133529_cp1_cp1p5_YPP_QPP_RPP,True,FeatureFilter_variance,0.0,1.0002765486725664
KK_LK_CR_APMU_LO of 1103959_69_1133529_cp1p5,True,FeatureFilter_variance,0.0,1.0002765486725664
KK_LK_CR_APMU_LO of 1103959_69_1133592_QPP,True,FeatureFilter_variance,0.0,1.0002765486725662
KK_LK_CR_APMU_LO of 1103959_69_JPP,True,FeatureFilter_variance,0.0,1.0002765486725667
KK_LK_OUT_APMU_HI of 1103959_69_1133529_cp1,True,FeatureFilter_variance,0.0,1.0002765486725664
KK_LK_OUT_APMU_HI of 1103959_69_1133529_cp1_cp1p5_YPP,True,FeatureFilter_variance,0.0,1.0002765486725664
KK_LK_OUT_APMU_HI of 1103959_69_1133529_cp1_cp1p5_YPP_QPP_RPP,False,FeatureFilter_variance,0.0,1.0002765486725658
KK_LK_OUT_APMU_HI of 1103959_69_1133529_cp1p5,True,FeatureFilter_variance,0.0,1.0002765486725664
KK_LK_OUT_APMU_HI of 1103959_69_1133592_QPP,True,FeatureFilter_variance,0.0,1.0002765486725667
KK_LK_OUT_APMU_HI of 1103959_69_JPP,True,FeatureFilter_variance,0.0,1.0002765486725662
KK_LK_OUT_APMU_LO of 1103959_69_1133529_cp1,True,FeatureFilter_variance,0.0,1.0002765486725662
KK_LK_OUT_APMU_LO of 1103959_69_1133529_cp1_cp1p5_YPP,True,FeatureFilter_variance,0.0,1.0002765486725662
KK_LK_OUT_APMU_LO of 1103959_69_1133529_cp1_cp1p5_YPP_QPP_RPP,True,FeatureFilter_variance,0.0,1.0002765486725664
KK_LK_OUT_APMU_LO of 1103959_69_1133529_cp1p5,True,FeatureFilter_variance,0.0,1.0002765486725662
KK_LK_OUT_APMU_LO of 1103959_69_1133592_QPP,False,FeatureFilter_variance,0.0,1.000276548672566
KK_LK_OUT_APMU_LO of 1103959_69_JPP,True,FeatureFilter_variance,0.007146884221583605,1.0002765486725664
KK_LK_OUT_HI of 1103959_69_1133529_cp1,True,FeatureFilter_variance,0.0,1.0002765486725662
KK_LK_OUT_HI of 1103959_69_1133529_cp1_cp1p5_YPP,True,FeatureFilter_variance,0.0,1.0002765486725667
KK_LK_OUT_HI of 1103959_69_1133529_cp1_cp1p5_YPP_QPP_RPP,True,FeatureFilter_variance,0.0,1.0002765486725664
KK_LK_OUT_HI of 1103959_69_1133529_cp1p5,True,FeatureFilter_variance,0.0,1.0002765486725667
KK_LK_OUT_HI of 1103959_69_1133592_QPP,True,FeatureFilter_variance,0.0,1.0002765486725664
KK_LK_OUT_HI of 1103959_69_JPP,True,FeatureFilter_variance,0.0,1.0002765486725662
KK_LK_OUT_LO of 1103959_69_1133529_cp1,True,FeatureFilter_variance,0.005463070701807737,1.0002765486725662
KK_LK_OUT_LO of 1103959_69_1133529_cp1_cp1p5_YPP,True,FeatureFilter_variance,0.0,1.0002765486725662
KK_LK_OUT_LO of 1103959_69_1133529_cp1_cp1p5_YPP_QPP_RPP,True,FeatureFilter_variance,0.0,1.0002765486725662
KK_LK_OUT_LO of 1103959_69_1133529_cp1p5,True,FeatureFilter_variance,0.0,1.0002765486725664
KK_LK_OUT_LO of 1103959_69_1133592_QPP,True,FeatureFilter_variance,0.0,1.0002765486725664
KK_LK_OUT_LO of 1103959_69_JPP,True,FeatureFilter_variance,0.0016351855592802167,1.0002765486725662
KK_LK_PTEN_HI of 1103959_69_1133529_cp1,True,FeatureFilter_variance,0.0005785309476777911,1.0002765486725664
KK_LK_PTEN_HI of 1103959_69_1133529_cp1_cp1p5_YPP,True,FeatureFilter_variance,0.0,1.0002765486725664
KK_LK_PTEN_HI of 1103959_69_1133529_cp1_cp1p5_YPP_QPP_RPP,True,FeatureFilter_variance,0.0,1.0002765486725664
KK_LK_PTEN_HI of 1103959_69_1133529_cp1p5,True,FeatureFilter_variance,0.0,1.0002765486725664
KK_LK_PTEN_HI of 1103959_69_1133592_QPP,True,FeatureFilter_variance,0.0,1.0002765486725664
KK_LK_PTEN_HI of 1103959_69_JPP,True,FeatureFilter_variance,0.0,1.0002765486725664
KK_LK_PTEN_LO of 1103959_69_1133529_cp1,True,FeatureFilter_variance,0.0048471493646502495,1.0002765486725667
KK_LK_PTEN_LO of 1103959_69_1133529_cp1_cp1p5_YPP,True,FeatureFilter_variance,0.0,1.0002765486725662
KK_LK_PTEN_LO of 1103959_69_1133529_cp1_cp1p5_YPP_QPP_RPP,True,FeatureFilter_variance,0.0006184089579619467,1.0002765486725664
KK_LK_PTEN_LO of 1103959_69_1133529_cp1p5,True,FeatureFilter_variance,3.517091681715101e-05,1.0002765486725664
KK_LK_PTEN_LO of 1103959_69_1133592_QPP,True,FeatureFilter_variance,0.0,1.0002765486725664
KK_LK_PTEN_LO of 1103959_69_JPP,True,FeatureFilter_variance,0.0,1.0002765486725664
KK_LK_VSS_APMU_HI of 1103959_69_1133529_cp1,True,FeatureFilter_variance,0.0,1.0002765486725667
KK_LK_VSS_APMU_HI of 1103959_69_1133529_cp1_cp1p5_YPP,True,FeatureFilter_variance,0.0,1.0002765486725667
KK_LK_VSS_APMU_HI of 1103959_69_1133529_cp1_cp1p5_YPP_QPP_RPP,True,FeatureFilter_variance,0.0,1.0002765486725667
KK_LK_VSS_APMU_HI of 1103959_69_1133529_cp1p5,True,FeatureFilter_variance,0.0,1.0002765486725667
KK_LK_VSS_APMU_HI of 1103959_69_1133592_QPP,True,FeatureFilter_variance,0.0,1.0002765486725667
KK_LK_VSS_APMU_HI of 1103959_69_JPP,True,FeatureFilter_variance,0.0,1.0002765486725662
KK_LK_VSS_APMU_LO of 1103959_69_1133529_cp1,True,FeatureFilter_variance,0.0,1.0002765486725667
KK_LK_VSS_APMU_LO of 1103959_69_1133529_cp1_cp1p5_YPP,True,FeatureFilter_variance,0.0,1.0002765486725664
KK_LK_VSS_APMU_LO of 1103959_69_1133529_cp1_cp1p5_YPP_QPP_RPP,True,FeatureFilter_variance,0.010662884451448917,1.0002765486725664
KK_LK_VSS_APMU_LO of 1103959_69_1133529_cp1p5,True,FeatureFilter_variance,0.0,1.0002765486725667
KK_LK_VSS_APMU_LO of 1103959_69_1133592_QPP,True,FeatureFilter_variance,0.0,1.0002765486725664
KK_LK_VSS_APMU_LO of 1103959_69_JPP,True,FeatureFilter_variance,0.0,1.0002765486725662
OV_V_OBVOFF of 1103959_69_1133529_cp1,True,FeatureFilter_variance,0.0,1.0002765486725664
OV_V_OBVOFF of 1103959_69_1133529_cp1_cp1p5_YPP,True,FeatureFilter_variance,0.0,1.0002765486725664
OV_V_OBVOFF of 1103959_69_1133529_cp1_cp1p5_YPP_QPP_RPP,True,FeatureFilter_variance,0.0,1.0002765486725664
OV_V_OBVOFF of 1103959_69_1133529_cp1p5,True,FeatureFilter_variance,0.0,1.0002765486725664
OV_V_OBVOFF of 1103959_69_1133592_QPP,True,FeatureFilter_variance,0.0,1.0002765486725664
OV_V_OBVOFF of 1103959_69_JPP,True,FeatureFilter_variance,0.0,1.0002765486725664
OV_V_OB_VOUT of 1103959_69_1133529_cp1,True,FeatureFilter_variance,0.0,1.0002765486725664
OV_V_OB_VOUT of 1103959_69_1133529_cp1_cp1p5_YPP,True,FeatureFilter_variance,0.0,1.0002765486725664
OV_V_OB_VOUT of 1103959_69_1133529_cp1_cp1p5_YPP_QPP_RPP,True,FeatureFilter_variance,0.0,1.0002765486725662
OV_V_OB_VOUT of 1103959_69_1133529_cp1p5,True,FeatureFilter_variance,0.012398580089211464,1.0002765486725664
OV_V_OB_VOUT of 1103959_69_1133592_QPP,True,FeatureFilter_variance,0.0,1.0002765486725664
OV_V_OB_VOUT of 1103959_69_JPP,True,FeatureFilter_variance,0.0,1.0002765486725664
OV_V_OB_VOUT_DIG of 1103959_69_1133529_cp1,True,FeatureFilter_variance,0.0,1.0002765486725667
OV_V_OB_VOUT_DIG of 1103959_69_1133529_cp1_cp1p5_YPP,True,FeatureFilter_variance,0.0,1.0002765486725664
OV_V_OB_VOUT_DIG of 1103959_69_1133529_cp1_cp1p5_YPP_QPP_RPP,False,FeatureFilter_variance,0.0,1.0002765486725662
OV_V_OB_VOUT_DIG of 1103959_69_1133529_cp1p5,True,FeatureFilter_variance,0.005402078852057457,1.0002765486725664
OV_V_OB_VOUT_DIG of 1103959_69_1133592_QPP,True,FeatureFilter_variance,0.0,1.0002765486725664
OV_V_OB_VOUT_DIG of 1103959_69_JPP,True,FeatureFilter_variance,0.0,1.0002765486725664
OV_V_OB_VOUT_RAW of 1103959_69_1133529_cp1,False,FeatureFilter_variance,0.0,1.0002765486725662
OV_V_OB_VOUT_RAW of 1103959_69_1133529_cp1_cp1p5_YPP,True,FeatureFilter_variance,0.0,1.0002765486725667
OV_V_OB_VOUT_RAW of 1103959_69_1133529_cp1_cp1p5_YPP_QPP_RPP,True,FeatureFilter_variance,0.0010590923484414816,1.0002765486725664
OV_V_OB_VOUT_RAW of 1103959_69_1133529_cp1p5,True,FeatureFilter_variance,0.0,1.0002765486725664
OV_V_OB_VOUT_RAW of 1103959_69_1133592_QPP,True,FeatureFilter_variance,0.002024393528699875,1.0002765486725664
OV_V_OB_VOUT_RAW of 1103959_69_JPP,False,FeatureFilter_variance,0.0,1.0002765486725662
OV_V_VSS of 1103959_69_1133529_cp1,True,FeatureFilter_variance,0.0,1.0002765486725664
OV_V_VSS of 1103959_69_1133529_cp1_cp1p5_YPP,True,FeatureFilter_variance,0.0,1.0002765486725664
OV_V_VSS of 1103959_69_1133529_cp1_cp1p5_YPP_QPP_RPP,False,FeatureFilter_variance,0.0,1.0002765486725662
OV_V_VSS of 1103959_69_1133529_cp1p5,True,FeatureFilter_variance,0.0,1.0002765486725664
OV_V_VSS of 1103959_69_1133592_QPP,True,FeatureFilter_variance,0.0,1.0002765486725664
OV_V_VSS of 1103959_69_JPP,True,FeatureFilter_variance,0.0,1.0002765486725664
Po_T_PTATOSC_HV of 1103959_69_1133529_cp1,False,FeatureFilter_variance,0.0,1.0002765486725662
Po_T_PTATOSC_HV of 1103959_69_1133529_cp1_cp1p5_YPP,True,FeatureFilter_variance,0.0,1.0002765486725664
Po_T_PTATOSC_HV of 1103959_69_1133529_cp1_cp1p5_YPP_QPP_RPP,True,FeatureFilter_variance,0.0058058155700564384,1.0002765486725664
Po_T_PTATOSC_HV of 1103959_69_1133529_cp1p5,False,FeatureFilter_variance,0.0,1.0002765486725662
Po_T_PTATOSC_HV of 1103959_69_1133592_QPP,True,FeatureFilter_variance,0.0014912048354744911,1.0002765486725664
Po_T_PTATOSC_HV of 1103959_69_JPP,False,FeatureFilter_variance,0.0,1.0002765486725662
Po_T_PTATOSC_LV of 1103959_69_1133529_cp1,True,FeatureFilter_variance,0.015660427510738373,1.0002765486725664
Po_T_PTATOSC_LV of 1103959_69_1133529_cp1_cp1p5_YPP,True,FeatureFilter_variance,0.013993064872920513,1.0002765486725667
Po_T_PTATOSC_LV of 1103959_69_1133529_cp1_cp1p5_YPP_QPP_RPP,False,FeatureFilter_variance,0.0,1.0002765486725662
Po_T_PTATOSC_LV of 1103959_69_1133529_cp1p5,False,FeatureFilter_variance,0.0,1.0002765486725658
Po_T_PTATOSC_LV of 1103959_69_1133592_QPP,True,FeatureFilter_variance,0.0046193161979317665,1.0002765486725664
Po_T_PTATOSC_LV of 1103959_69_JPP,True,FeatureFilter_variance,0.0,1.0002765486725664
ROW of 1103959_69_1133529_cp1,True,FeatureFilter_variance,0.0,1.0002765486725667
ROW of 1103959_69_1133529_cp1_cp1p5_YPP,True,FeatureFilter_variance,0.0,1.0002765486725667
ROW of 1103959_69_1133529_cp1_cp1p5_YPP_QPP_RPP,True,FeatureFilter_variance,0.0,1.0002765486725667
ROW of 1103959_69_1133529_cp1p5,True,FeatureFilter_variance,0.0,1.0002765486725667
ROW of 1103959_69_1133592_QPP,True,FeatureFilter_variance,0.0,1.0002765486725667
ROW of 1103959_69_JPP,False,FeatureFilter_variance,0.0,1.0002765486725662
Ro_T_REFOSC_HV of 1103959_69_1133529_cp1,True,FeatureFilter_variance,0.0,1.0002765486725664
Ro_T_REFOSC_HV of 1103959_69_1133529_cp1_cp1p5_YPP,True,FeatureFilter_variance,0.0,1.0002765486725664
Ro_T_REFOSC_HV of 1103959_69_1133529_cp1_cp1p5_YPP_QPP_RPP,False,FeatureFilter_variance,0.0,1.0002765486725662
Ro_T_REFOSC_HV of 1103959_69_1133529_cp1p5,True,FeatureFilter_variance,0.0015141593758016825,1.0002765486725664
Ro_T_REFOSC_HV of 1103959_69_1133592_QPP,True,FeatureFilter_variance,0.00226793996989727,1.0002765486725664
Ro_T_REFOSC_HV of 1103959_69_JPP,True,FeatureFilter_variance,0.0,1.0002765486725667
Ro_T_REFOSC_LV of 1103959_69_1133529_cp1,True,FeatureFilter_variance,0.0,1.0002765486725664
Ro_T_REFOSC_LV of 1103959_69_1133529_cp1_cp1p5_YPP,True,FeatureFilter_variance,0.0,1.0002765486725667
Ro_T_REFOSC_LV of 1103959_69_1133529_cp1_cp1p5_YPP_QPP_RPP,True,FeatureFilter_variance,0.0,1.0002765486725664
Ro_T_REFOSC_LV of 1103959_69_1133529_cp1p5,True,FeatureFilter_variance,0.0,1.0002765486725664
Ro_T_REFOSC_LV of 1103959_69_1133592_QPP,False,FeatureFilter_variance,0.0,1.0002765486725662
Ro_T_REFOSC_LV of 1103959_69_JPP,True,FeatureFilter_variance,0.0,1.0002765486725664
S of 1103959_69_1133529_cp1,False,FeatureFilter_variance,0.0,0.0
S of 1103959_69_1133529_cp1_cp1p5_YPP,False,FeatureFilter_variance,0.0,0.0
S of 1103959_69_1133529_cp1_cp1p5_YPP_QPP_RPP,False,FeatureFilter_variance,0.0,0.0
S of 1103959_69_1133529_cp1p5,False,FeatureFilter_variance,0.0,0.0
S of 1103959_69_1133592_QPP,False,FeatureFilter_variance,0.0,0.0
S of 1103959_69_JPP,False,FeatureFilter_variance,0.0,0.0
SS_SCAN_CYCLE1 of 1103959_69_1133529_cp1,False,FeatureFilter_variance,0.0,0.0
SS_SCAN_CYCLE1 of 1103959_69_1133529_cp1_cp1p5_YPP,False,FeatureFilter_variance,0.0,0.0
SS_SCAN_CYCLE1 of 1103959_69_1133529_cp1_cp1p5_YPP_QPP_RPP,False,FeatureFilter_variance,0.0,0.0
SS_SCAN_CYCLE1 of 1103959_69_1133529_cp1p5,False,FeatureFilter_variance,0.0,0.0
SS_SCAN_CYCLE1 of 1103959_69_1133592_QPP,False,FeatureFilter_variance,0.0,0.0
SS_SCAN_CYCLE1 of 1103959_69_JPP,False,FeatureFilter_variance,0.0,0.0
SS_SCAN_CYCLE2 of 1103959_69_1133529_cp1,False,FeatureFilter_variance,0.0,0.0
SS_SCAN_CYCLE2 of 1103959_69_1133529_cp1_cp1p5_YPP,False,FeatureFilter_variance,0.0,0.0
SS_SCAN_CYCLE2 of 1103959_69_1133529_cp1_cp1p5_YPP_QPP_RPP,False,FeatureFilter_variance,0.0,0.0
SS_SCAN_CYCLE2 of 1103959_69_1133529_cp1p5,False,FeatureFilter_variance,0.0,0.0
SS_SCAN_CYCLE2 of 1103959_69_1133592_QPP,False,FeatureFilter_variance,0.0,0.0
SS_SCAN_CYCLE2 of 1103959_69_JPP,False,FeatureFilter_variance,0.0,0.0
SS_SCAN_CYCLE3 of 1103959_69_1133529_cp1,False,FeatureFilter_variance,0.0,0.0
SS_SCAN_CYCLE3 of 1103959_69_1133529_cp1_cp1p5_YPP,False,FeatureFilter_variance,0.0,0.0
SS_SCAN_CYCLE3 of 1103959_69_1133529_cp1_cp1p5_YPP_QPP_RPP,False,FeatureFilter_variance,0.0,0.0
SS_SCAN_CYCLE3 of 1103959_69_1133529_cp1p5,False,FeatureFilter_variance,0.0,0.0
SS_SCAN_CYCLE3 of 1103959_69_1133592_QPP,False,FeatureFilter_variance,0.0,0.0
SS_SCAN_CYCLE3 of 1103959_69_JPP,False,FeatureFilter_variance,0.0,0.0
SS_SCAN_CYCLE4 of 1103959_69_1133529_cp1,False,FeatureFilter_variance,0.0,0.0
SS_SCAN_CYCLE4 of 1103959_69_1133529_cp1_cp1p5_YPP,False,FeatureFilter_variance,0.0,0.0
SS_SCAN_CYCLE4 of 1103959_69_1133529_cp1_cp1p5_YPP_QPP_RPP,False,FeatureFilter_variance,0.0,0.0
SS_SCAN_CYCLE4 of 1103959_69_1133529_cp1p5,False,FeatureFilter_variance,0.0,0.0
SS_SCAN_CYCLE4 of 1103959_69_1133592_QPP,False,FeatureFilter_variance,0.0,0.0
SS_SCAN_CYCLE4 of 1103959_69_JPP,False,FeatureFilter_variance,0.0,0.0
SS_SCAN_FAILING_VECTOR1 of 1103959_69_1133529_cp1,False,FeatureFilter_variance,0.0,0.0
SS_SCAN_FAILING_VECTOR1 of 1103959_69_1133529_cp1_cp1p5_YPP,False,FeatureFilter_variance,0.0,0.0
SS_SCAN_FAILING_VECTOR1 of 1103959_69_1133529_cp1_cp1p5_YPP_QPP_RPP,False,FeatureFilter_variance,0.0,0.0
SS_SCAN_FAILING_VECTOR1 of 1103959_69_1133529_cp1p5,False,FeatureFilter_variance,0.0,0.0
SS_SCAN_FAILING_VECTOR1 of 1103959_69_1133592_QPP,False,FeatureFilter_variance,0.0,0.0
SS_SCAN_FAILING_VECTOR1 of 1103959_69_JPP,False,FeatureFilter_variance,0.0,0.0
SS_SCAN_FAILING_VECTOR2 of 1103959_69_1133529_cp1,False,FeatureFilter_variance,0.0,0.0
SS_SCAN_FAILING_VECTOR2 of 1103959_69_1133529_cp1_cp1p5_YPP,False,FeatureFilter_variance,0.0,0.0
SS_SCAN_FAILING_VECTOR2 of 1103959_69_1133529_cp1_cp1p5_YPP_QPP_RPP,False,FeatureFilter_variance,0.0,0.0
SS_SCAN_FAILING_VECTOR2 of 1103959_69_1133529_cp1p5,False,FeatureFilter_variance,0.0,0.0
SS_SCAN_FAILING_VECTOR2 of 1103959_69_1133592_QPP,False,FeatureFilter_variance,0.0,0.0
SS_SCAN_FAILING_VECTOR2 of 1103959_69_JPP,False,FeatureFilter_variance,0.0,0.0
SS_SCAN_FAILING_VECTOR3 of 1103959_69_1133529_cp1,False,FeatureFilter_variance,0.0,0.0
SS_SCAN_FAILING_VECTOR3 of 1103959_69_1133529_cp1_cp1p5_YPP,False,FeatureFilter_variance,0.0,0.0
SS_SCAN_FAILING_VECTOR3 of 1103959_69_1133529_cp1_cp1p5_YPP_QPP_RPP,False,FeatureFilter_variance,0.0,0.0
SS_SCAN_FAILING_VECTOR3 of 1103959_69_1133529_cp1p5,False,FeatureFilter_variance,0.0,0.0
SS_SCAN_FAILING_VECTOR3 of 1103959_69_1133592_QPP,False,FeatureFilter_variance,0.0,0.0
SS_SCAN_FAILING_VECTOR3 of 1103959_69_JPP,False,FeatureFilter_variance,0.0,0.0
SS_SCAN_FAILING_VECTOR4 of 1103959_69_1133529_cp1,False,FeatureFilter_variance,0.0,0.0
SS_SCAN_FAILING_VECTOR4 of 1103959_69_1133529_cp1_cp1p5_YPP,False,FeatureFilter_variance,0.0,0.0
SS_SCAN_FAILING_VECTOR4 of 1103959_69_1133529_cp1_cp1p5_YPP_QPP_RPP,False,FeatureFilter_variance,0.0,0.0
SS_SCAN_FAILING_VECTOR4 of 1103959_69_1133529_cp1p5,False,FeatureFilter_variance,0.0,0.0
SS_SCAN_FAILING_VECTOR4 of 1103959_69_1133592_QPP,False,FeatureFilter_variance,0.0,0.0
SS_SCAN_FAILING_VECTOR4 of 1103959_69_JPP,False,FeatureFilter_variance,0.0,0.0
SS_SCAN_FAIL_CNT of 1103959_69_1133529_cp1,False,FeatureFilter_variance,0.0,0.0
SS_SCAN_FAIL_CNT of 1103959_69_1133529_cp1_cp1p5_YPP,False,FeatureFilter_variance,0.0,0.0
SS_SCAN_FAIL_CNT of 1103959_69_1133529_cp1_cp1p5_YPP_QPP_RPP,False,FeatureFilter_variance,0.0,0.0
SS_SCAN_FAIL_CNT of 1103959_69_1133529_cp1p5,False,FeatureFilter_variance,0.0,0.0
SS_SCAN_FAIL_CNT of 1103959_69_1133592_QPP,False,FeatureFilter_variance,0.0,0.0
SS_SCAN_FAIL_CNT of 1103959_69_JPP,False,FeatureFilter_variance,0.0,0.0
SS_SCAN_REPEAT of 1103959_69_1133529_cp1,True,FeatureFilter_variance,0.0,1.0002765486725664
SS_SCAN_REPEAT of 1103959_69_1133529_cp1_cp1p5_YPP,True,FeatureFilter_variance,0.0,1.0002765486725667
SS_SCAN_REPEAT of 1103959_69_1133529_cp1p5,True,FeatureFilter_variance,0.0,1.0002765486725664
SS_SCAN_REPEAT of 1103959_69_1133592_QPP,True,FeatureFilter_variance,0.0,1.0002765486725669
Sb_I_SCALBIAS_0_HV of 1103959_69_1133529_cp1,True,FeatureFilter_variance,0.0,1.0002765486725664
Sb_I_SCALBIAS_0_HV of 1103959_69_1133529_cp1_cp1p5_YPP,False,FeatureFilter_variance,0.0,1.0002765486725662
Sb_I_SCALBIAS_0_HV of 1103959_69_1133529_cp1_cp1p5_YPP_QPP_RPP,False,FeatureFilter_variance,0.0,1.0002765486725662
Sb_I_SCALBIAS_0_HV of 1103959_69_1133529_cp1p5,False,FeatureFilter_variance,0.0,1.0002765486725662
Sb_I_SCALBIAS_0_HV of 1103959_69_1133592_QPP,True,FeatureFilter_variance,0.0075000617653131485,1.0002765486725664
Sb_I_SCALBIAS_0_HV of 1103959_69_JPP,True,FeatureFilter_variance,0.0,1.0002765486725664
Sb_I_SCALBIAS_0_LV of 1103959_69_1133529_cp1,False,FeatureFilter_variance,0.0,1.0002765486725662
Sb_I_SCALBIAS_0_LV of 1103959_69_1133529_cp1_cp1p5_YPP,False,FeatureFilter_variance,0.0,1.0002765486725662
Sb_I_SCALBIAS_0_LV of 1103959_69_1133529_cp1_cp1p5_YPP_QPP_RPP,False,FeatureFilter_variance,0.0,1.0002765486725662
Sb_I_SCALBIAS_0_LV of 1103959_69_1133529_cp1p5,True,FeatureFilter_variance,0.0020771848503500223,1.0002765486725664
Sb_I_SCALBIAS_0_LV of 1103959_69_1133592_QPP,True,FeatureFilter_variance,0.017813565209507942,1.0002765486725664
Sb_I_SCALBIAS_0_LV of 1103959_69_JPP,True,FeatureFilter_variance,0.0023315250873565674,1.0002765486725664
SensorOffserLRdiff CP1,True,FeatureFilter_variance,0.0,1.0002765486725664
SensorOffset CP1,True,FeatureFilter_variance,0.0,1.0002765486725664
SensorOffset CP1p5,True,FeatureFilter_variance,0.0,1.0002765486725662
SensorOffset JPP,True,FeatureFilter_variance,0.0,1.0002765486725664
SensorOffset QPP,True,FeatureFilter_variance,0.004263937007635832,1.0002765486725664
SensorOffset RPP,True,FeatureFilter_variance,0.0005046798614785075,1.0002765486725662
SensorOffset YPP,True,FeatureFilter_variance,0.0,1.0002765486725662
SensorOffsetHot-Cold,True,FeatureFilter_variance,0.0014297643210738897,1.0002765486725664
SensorOffsetLRDiff CP1p5,True,FeatureFilter_variance,0.0007869686814956367,1.0002765486725664
SensorOffsetLRdiff QPP,True,FeatureFilter_variance,0.0,1.0002765486725664
SensorOffsetLRdiff RPP,True,FeatureFilter_variance,0.0,1.0002765486725664
SensorOffsetLRdiff YPP,True,FeatureFilter_variance,0.0,1.0002765486725664
TR_TEMP_CALC of 1103959_69_1133529_cp1,True,FeatureFilter_variance,0.0,1.0002765486725664
TR_TEMP_CALC of 1103959_69_1133529_cp1_cp1p5_YPP,True,FeatureFilter_variance,0.0,1.0002765486725664
TR_TEMP_CALC of 1103959_69_1133529_cp1_cp1p5_YPP_QPP_RPP,True,FeatureFilter_variance,0.0,1.0002765486725664
TR_TEMP_CALC of 1103959_69_1133529_cp1p5,True,FeatureFilter_variance,0.0,1.0002765486725664
TR_TEMP_CALC of 1103959_69_1133592_QPP,True,FeatureFilter_variance,0.0,1.0002765486725664
TR_TEMP_CALC of 1103959_69_JPP,True,FeatureFilter_variance,0.0,1.0002765486725664
TR_TEMP_REG11 of 1103959_69_1133529_cp1,True,FeatureFilter_variance,0.0,1.0002765486725662
TR_TEMP_REG11 of 1103959_69_1133529_cp1_cp1p5_YPP,True,FeatureFilter_variance,0.0022272993810474873,1.0002765486725667
TR_TEMP_REG11 of 1103959_69_1133529_cp1_cp1p5_YPP_QPP_RPP,True,FeatureFilter_variance,0.0,1.0002765486725662
TR_TEMP_REG11 of 1103959_69_1133529_cp1p5,True,FeatureFilter_variance,0.0,1.0002765486725664
TR_TEMP_REG11 of 1103959_69_1133592_QPP,True,FeatureFilter_variance,0.0,1.0002765486725664
TR_TEMP_REG11 of 1103959_69_JPP,True,FeatureFilter_variance,0.0,1.0002765486725662
TR_TEMP_REG42 of 1103959_69_1133529_cp1,True,FeatureFilter_variance,0.0021572033874690533,1.0002765486725667
TR_TEMP_REG42 of 1103959_69_1133529_cp1_cp1p5_YPP,True,FeatureFilter_variance,0.0,1.0002765486725667
TR_TEMP_REG42 of 1103959_69_1133529_cp1_cp1p5_YPP_QPP_RPP,True,FeatureFilter_variance,0.0,1.0002765486725664
TR_TEMP_REG42 of 1103959_69_1133529_cp1p5,True,FeatureFilter_variance,0.0,1.0002765486725664
TR_TEMP_REG42 of 1103959_69_1133592_QPP,True,FeatureFilter_variance,0.002950478345155716,1.0002765486725664
TR_TEMP_REG42 of 1103959_69_JPP,True,FeatureFilter_variance,0.013634823262691498,1.0002765486725664
VV_REPEAT of 1103959_69_1133529_cp1,False,FeatureFilter_variance,0.0,0.0
VV_REPEAT of 1103959_69_1133529_cp1_cp1p5_YPP,False,FeatureFilter_variance,0.0,0.0
VV_REPEAT of 1103959_69_1133529_cp1_cp1p5_YPP_QPP_RPP,True,FeatureFilter_variance,0.0,1.0002765486725662
VV_REPEAT of 1103959_69_1133529_cp1p5,False,FeatureFilter_variance,0.0,0.0
VV_REPEAT of 1103959_69_1133592_QPP,False,FeatureFilter_variance,0.0,0.0
VV_REPEAT of 1103959_69_JPP,False,FeatureFilter_variance,0.0,0.0
VV_VSS of 1103959_69_1133529_cp1,True,FeatureFilter_variance,0.0,1.0002765486725664
VV_VSS of 1103959_69_1133529_cp1_cp1p5_YPP,True,FeatureFilter_variance,0.0,1.0002765486725664
VV_VSS of 1103959_69_1133529_cp1_cp1p5_YPP_QPP_RPP,True,FeatureFilter_variance,0.0,1.0002765486725662
VV_VSS of 1103959_69_1133529_cp1p5,True,FeatureFilter_variance,0.0,1.0002765486725664
VV_VSS of 1103959_69_1133592_QPP,True,FeatureFilter_variance,0.0,1.0002765486725664
VV_VSS of 1103959_69_JPP,True,FeatureFilter_variance,0.0,1.0002765486725662
VV_V_3V3_2M of 1103959_69_1133529_cp1,True,FeatureFilter_variance,0.005943599157035351,1.0002765486725664
VV_V_3V3_2M of 1103959_69_1133529_cp1_cp1p5_YPP,True,FeatureFilter_variance,0.0,1.0002765486725664
VV_V_3V3_2M of 1103959_69_1133529_cp1_cp1p5_YPP_QPP_RPP,True,FeatureFilter_variance,0.0019957139156758785,1.0002765486725664
VV_V_3V3_2M of 1103959_69_1133529_cp1p5,True,FeatureFilter_variance,0.0,1.0002765486725664
VV_V_3V3_2M of 1103959_69_1133592_QPP,True,FeatureFilter_variance,0.0,1.0002765486725662
VV_V_3V3_2M of 1103959_69_JPP,True,FeatureFilter_variance,0.000927677727304399,1.0002765486725664
VV_V_3V3_M15M of 1103959_69_1133529_cp1,True,FeatureFilter_variance,0.0019185871351510286,1.0002765486725664
VV_V_3V3_M15M of 1103959_69_1133529_cp1_cp1p5_YPP,True,FeatureFilter_variance,0.0,1.0002765486725662
VV_V_3V3_M15M of 1103959_69_1133529_cp1_cp1p5_YPP_QPP_RPP,True,FeatureFilter_variance,0.0,1.0002765486725667
VV_V_3V3_M15M of 1103959_69_1133529_cp1p5,True,FeatureFilter_variance,0.0,1.0002765486725664
VV_V_3V3_M15M of 1103959_69_1133592_QPP,True,FeatureFilter_variance,0.0,1.0002765486725662
VV_V_3V3_M15M of 1103959_69_JPP,True,FeatureFilter_variance,0.0,1.0002765486725662
VV_V_3V3_M20M of 1103959_69_1133529_cp1,True,FeatureFilter_variance,0.0,1.0002765486725664
VV_V_3V3_M20M of 1103959_69_1133529_cp1_cp1p5_YPP,True,FeatureFilter_variance,0.0021111369132995605,1.0002765486725662
VV_V_3V3_M20M of 1103959_69_1133529_cp1_cp1p5_YPP_QPP_RPP,True,FeatureFilter_variance,0.0,1.0002765486725664
VV_V_3V3_M20M of 1103959_69_1133529_cp1p5,True,FeatureFilter_variance,0.0007315516704693437,1.0002765486725664
VV_V_3V3_M20M of 1103959_69_1133592_QPP,True,FeatureFilter_variance,0.00951241236180067,1.0002765486725664
VV_V_3V3_M20M of 1103959_69_JPP,True,FeatureFilter_variance,0.0,1.0002765486725664
VV_V_3V3_UL of 1103959_69_1133529_cp1,True,FeatureFilter_variance,0.0,1.0002765486725664
VV_V_3V3_UL of 1103959_69_1133529_cp1_cp1p5_YPP,True,FeatureFilter_variance,0.0,1.0002765486725664
VV_V_3V3_UL of 1103959_69_1133529_cp1_cp1p5_YPP_QPP_RPP,True,FeatureFilter_variance,0.0,1.0002765486725664
VV_V_3V3_UL of 1103959_69_1133529_cp1p5,True,FeatureFilter_variance,0.010121095925569534,1.0002765486725662
VV_V_3V3_UL of 1103959_69_1133592_QPP,True,FeatureFilter_variance,0.0,1.0002765486725664
VV_V_3V3_UL of 1103959_69_JPP,True,FeatureFilter_variance,0.0,1.0002765486725664
WF of 1103959_69_1133529_cp1,True,FeatureFilter_variance,0.0,1.0002765486725664
WF of 1103959_69_1133529_cp1_cp1p5_YPP,True,FeatureFilter_variance,0.0,1.0002765486725664
WF of 1103959_69_1133529_cp1_cp1p5_YPP_QPP_RPP,True,FeatureFilter_variance,0.0,1.0002765486725664
WF of 1103959_69_1133529_cp1p5,True,FeatureFilter_variance,0.0,1.0002765486725664
WF of 1103959_69_1133592_QPP,True,FeatureFilter_variance,0.0,1.0002765486725664
WF of 1103959_69_JPP,True,FeatureFilter_variance,0.028356000781059265,1.0002765486725664
ZB_V_V0FVBI00_M of 1103959_69_1133529_cp1,True,FeatureFilter_variance,0.0,1.0002765486725662
ZB_V_V0FVBI00_M of 1103959_69_1133529_cp1_cp1p5_YPP,True,FeatureFilter_variance,0.0,1.0002765486725667
ZB_V_V0FVBI00_M of 1103959_69_1133529_cp1_cp1p5_YPP_QPP_RPP,True,FeatureFilter_variance,0.0,1.0002765486725664
ZB_V_V0FVBI00_M of 1103959_69_1133529_cp1p5,True,FeatureFilter_variance,0.0,1.0002765486725664
ZB_V_V0FVBI00_M of 1103959_69_1133592_QPP,True,FeatureFilter_variance,0.0,1.0002765486725664
ZB_V_V0FVBI00_M of 1103959_69_JPP,True,FeatureFilter_variance,0.0,1.0002765486725664
ZB_V_V0FVBI00_M_RAW of 1103959_69_1133529_cp1,True,FeatureFilter_variance,0.0,1.0002765486725664
ZB_V_V0FVBI00_M_RAW of 1103959_69_1133529_cp1_cp1p5_YPP,True,FeatureFilter_variance,0.0,1.0002765486725664
ZB_V_V0FVBI00_M_RAW of 1103959_69_1133529_cp1_cp1p5_YPP_QPP_RPP,True,FeatureFilter_variance,0.0,1.0002765486725662
ZB_V_V0FVBI00_M_RAW of 1103959_69_1133529_cp1p5,True,FeatureFilter_variance,0.0037731449119746685,1.0002765486725662
ZB_V_V0FVBI00_M_RAW of 1103959_69_1133592_QPP,True,FeatureFilter_variance,0.0010902828071266413,1.0002765486725664
ZB_V_V0FVBI00_M_RAW of 1103959_69_JPP,True,FeatureFilter_variance,0.0,1.0002765486725664
ZB_V_V0FVBI00_M_VSS of 1103959_69_1133529_cp1,True,FeatureFilter_variance,0.0,1.0002765486725664
ZB_V_V0FVBI00_M_VSS of 1103959_69_1133529_cp1_cp1p5_YPP,True,FeatureFilter_variance,0.0,1.0002765486725662
ZB_V_V0FVBI00_M_VSS of 1103959_69_1133529_cp1_cp1p5_YPP_QPP_RPP,True,FeatureFilter_variance,0.0,1.0002765486725664
ZB_V_V0FVBI00_M_VSS of 1103959_69_1133529_cp1p5,True,FeatureFilter_variance,0.0,1.0002765486725664
ZB_V_V0FVBI00_M_VSS of 1103959_69_1133592_QPP,True,FeatureFilter_variance,0.0,1.0002765486725664
ZB_V_V0FVBI00_M_VSS of 1103959_69_JPP,True,FeatureFilter_variance,0.0,1.0002765486725667
ZB_V_V0FVBIFF_M of 1103959_69_1133529_cp1,True,FeatureFilter_variance,0.0,1.0002765486725664
ZB_V_V0FVBIFF_M of 1103959_69_1133529_cp1_cp1p5_YPP,True,FeatureFilter_variance,0.0,1.0002765486725664
ZB_V_V0FVBIFF_M of 1103959_69_1133529_cp1_cp1p5_YPP_QPP_RPP,True,FeatureFilter_variance,0.0,1.0002765486725664
ZB_V_V0FVBIFF_M of 1103959_69_1133529_cp1p5,True,FeatureFilter_variance,0.0,1.0002765486725662
ZB_V_V0FVBIFF_M of 1103959_69_1133592_QPP,True,FeatureFilter_variance,0.0,1.0002765486725664
ZB_V_V0FVBIFF_M of 1103959_69_JPP,True,FeatureFilter_variance,0.0,1.0002765486725667
ZB_V_V0FVBIFF_M_RAW of 1103959_69_1133529_cp1,True,FeatureFilter_variance,0.0,1.0002765486725664
ZB_V_V0FVBIFF_M_RAW of 1103959_69_1133529_cp1_cp1p5_YPP,True,FeatureFilter_variance,0.0,1.0002765486725662
ZB_V_V0FVBIFF_M_RAW of 1103959_69_1133529_cp1_cp1p5_YPP_QPP_RPP,True,FeatureFilter_variance,0.0,1.0002765486725667
ZB_V_V0FVBIFF_M_RAW of 1103959_69_1133529_cp1p5,True,FeatureFilter_variance,0.0019152344902977347,1.0002765486725662
ZB_V_V0FVBIFF_M_RAW of 1103959_69_1133592_QPP,True,FeatureFilter_variance,0.0,1.0002765486725664
ZB_V_V0FVBIFF_M_RAW of 1103959_69_JPP,True,FeatureFilter_variance,0.0,1.0002765486725667
ZB_V_V0FVBIFF_M_VSS of 1103959_69_1133529_cp1,True,FeatureFilter_variance,0.0,1.0002765486725662
ZB_V_V0FVBIFF_M_VSS of 1103959_69_1133529_cp1_cp1p5_YPP,True,FeatureFilter_variance,0.0,1.0002765486725662
ZB_V_V0FVBIFF_M_VSS of 1103959_69_1133529_cp1_cp1p5_YPP_QPP_RPP,True,FeatureFilter_variance,0.0,1.0002765486725664
ZB_V_V0FVBIFF_M_VSS of 1103959_69_1133529_cp1p5,True,FeatureFilter_variance,0.0,1.0002765486725664
ZB_V_V0FVBIFF_M_VSS of 1103959_69_1133592_QPP,True,FeatureFilter_variance,0.0,1.0002765486725664
ZB_V_V0FVBIFF_M_VSS of 1103959_69_JPP,True,FeatureFilter_variance,0.0,1.0002765486725667
ZB_V_V0FVBI_UL of 1103959_69_1133529_cp1,True,FeatureFilter_variance,0.0,1.0002765486725664
ZB_V_V0FVBI_UL of 1103959_69_1133529_cp1_cp1p5_YPP,True,FeatureFilter_variance,0.0,1.0002765486725662
ZB_V_V0FVBI_UL of 1103959_69_1133529_cp1_cp1p5_YPP_QPP_RPP,True,FeatureFilter_variance,0.0,1.0002765486725664
ZB_V_V0FVBI_UL of 1103959_69_1133529_cp1p5,True,FeatureFilter_variance,0.0,1.0002765486725664
ZB_V_V0FVBI_UL of 1103959_69_1133592_QPP,True,FeatureFilter_variance,0.0,1.0002765486725664
ZB_V_V0FVBI_UL of 1103959_69_JPP,True,FeatureFilter_variance,0.0,1.0002765486725667
ZB_V_V0FVBI_UL_RAW of 1103959_69_1133529_cp1,True,FeatureFilter_variance,0.0,1.0002765486725664
ZB_V_V0FVBI_UL_RAW of 1103959_69_1133529_cp1_cp1p5_YPP,True,FeatureFilter_variance,0.0,1.0002765486725667
ZB_V_V0FVBI_UL_RAW of 1103959_69_1133529_cp1_cp1p5_YPP_QPP_RPP,True,FeatureFilter_variance,0.0,1.0002765486725662
ZB_V_V0FVBI_UL_RAW of 1103959_69_1133529_cp1p5,True,FeatureFilter_variance,0.0,1.0002765486725667
ZB_V_V0FVBI_UL_RAW of 1103959_69_1133592_QPP,True,FeatureFilter_variance,0.0,1.0002765486725662
ZB_V_V0FVBI_UL_RAW of 1103959_69_JPP,True,FeatureFilter_variance,0.0,1.0002765486725664
ZB_V_V0FVBI_UL_VSS of 1103959_69_1133529_cp1,True,FeatureFilter_variance,0.0,1.0002765486725664
ZB_V_V0FVBI_UL_VSS of 1103959_69_1133529_cp1_cp1p5_YPP,True,FeatureFilter_variance,0.0,1.0002765486725664
ZB_V_V0FVBI_UL_VSS of 1103959_69_1133529_cp1_cp1p5_YPP_QPP_RPP,True,FeatureFilter_variance,0.0,1.0002765486725662
ZB_V_V0FVBI_UL_VSS of 1103959_69_1133529_cp1p5,True,FeatureFilter_variance,0.0,1.0002765486725664
ZB_V_V0FVBI_UL_VSS of 1103959_69_1133592_QPP,True,FeatureFilter_variance,0.0,1.0002765486725664
ZB_V_V0FVBI_UL_VSS of 1103959_69_JPP,True,FeatureFilter_variance,0.0,1.0002765486725664
ZB_V_V0RA_N3MA of 1103959_69_1133529_cp1_cp1p5_YPP_QPP,True,FeatureFilter_variance,0.0,1.0002765486725664
ZB_V_V0RA_N3MA of 1103959_69_1133592_RPP,True,FeatureFilter_variance,0.0004989812732674181,1.0002765486725664
ZB_V_V0RA_N3MA_RAW of 1103959_69_1133529_cp1_cp1p5_YPP_QPP,True,FeatureFilter_variance,0.0,1.0002765486725664
ZB_V_V0RA_N3MA_RAW of 1103959_69_1133592_RPP,True,FeatureFilter_variance,0.004893684759736061,1.0002765486725664
ZB_V_V0RA_N3MA_VSS of 1103959_69_1133529_cp1_cp1p5_YPP_QPP,True,FeatureFilter_variance,0.0,1.0002765486725662
ZB_V_V0RA_N3MA_VSS of 1103959_69_1133592_RPP,True,FeatureFilter_variance,0.0,1.0002765486725662
ZB_V_V0RA_P3MA of 1103959_69_1133529_cp1_cp1p5_YPP_QPP,True,FeatureFilter_variance,0.0,1.0002765486725664
ZB_V_V0RA_P3MA of 1103959_69_1133592_RPP,True,FeatureFilter_variance,0.0005366235272958875,1.0002765486725664
ZB_V_V0RA_P3MA_RAW of 1103959_69_1133529_cp1_cp1p5_YPP_QPP,True,FeatureFilter_variance,0.0,1.0002765486725664
ZB_V_V0RA_P3MA_RAW of 1103959_69_1133592_RPP,True,FeatureFilter_variance,0.0,1.0002765486725664
ZB_V_V0RA_P3MA_VSS of 1103959_69_1133529_cp1_cp1p5_YPP_QPP,True,FeatureFilter_variance,0.0,1.0002765486725664
ZB_V_V0RA_P3MA_VSS of 1103959_69_1133592_RPP,True,FeatureFilter_variance,0.0,1.0002765486725662
Zb_I_OBSHORT of 1103959_69_1133529_cp1,True,FeatureFilter_variance,0.0,1.0002765486725664
Zb_I_OBSHORT of 1103959_69_1133529_cp1_cp1p5_YPP,True,FeatureFilter_variance,0.0,1.0002765486725664
Zb_I_OBSHORT of 1103959_69_1133529_cp1_cp1p5_YPP_QPP_RPP,True,FeatureFilter_variance,0.0,1.0002765486725662
Zb_I_OBSHORT of 1103959_69_1133529_cp1p5,True,FeatureFilter_variance,0.0,1.0002765486725664
Zb_I_OBSHORT of 1103959_69_1133592_QPP,True,FeatureFilter_variance,0.0,1.0002765486725662
Zb_I_OBSHORT of 1103959_69_JPP,True,FeatureFilter_variance,0.0,1.0002765486725664
Zb_I_OBSHORTL of 1103959_69_1133529_cp1,True,FeatureFilter_variance,0.0,1.0002765486725662
Zb_I_OBSHORTL of 1103959_69_1133529_cp1_cp1p5_YPP,True,FeatureFilter_variance,0.0,1.0002765486725664
Zb_I_OBSHORTL of 1103959_69_1133529_cp1_cp1p5_YPP_QPP_RPP,True,FeatureFilter_variance,0.01316079031676054,1.0002765486725664
Zb_I_OBSHORTL of 1103959_69_1133529_cp1p5,True,FeatureFilter_variance,0.0,1.0002765486725664
Zb_I_OBSHORTL of 1103959_69_1133592_QPP,True,FeatureFilter_variance,0.0,1.0002765486725664
Zb_I_OBSHORTL of 1103959_69_JPP,True,FeatureFilter_variance,0.0,1.0002765486725667
Zb_I_OBSHORTL_VSS of 1103959_69_1133529_cp1,True,FeatureFilter_variance,0.0,1.0002765486725664
Zb_I_OBSHORTL_VSS of 1103959_69_1133529_cp1_cp1p5_YPP,True,FeatureFilter_variance,0.0,1.0002765486725664
Zb_I_OBSHORTL_VSS of 1103959_69_1133529_cp1_cp1p5_YPP_QPP_RPP,True,FeatureFilter_variance,0.0,1.0002765486725664
Zb_I_OBSHORTL_VSS of 1103959_69_1133529_cp1p5,True,FeatureFilter_variance,0.0,1.0002765486725664
Zb_I_OBSHORTL_VSS of 1103959_69_1133592_QPP,True,FeatureFilter_variance,0.0,1.0002765486725664
Zb_I_OBSHORTL_VSS of 1103959_69_JPP,True,FeatureFilter_variance,0.0,1.0002765486725667
Zb_I_OBSHORT_VSS of 1103959_69_1133529_cp1,True,FeatureFilter_variance,0.0,1.0002765486725662
Zb_I_OBSHORT_VSS of 1103959_69_1133529_cp1_cp1p5_YPP,False,FeatureFilter_variance,0.0,1.000276548672566
Zb_I_OBSHORT_VSS of 1103959_69_1133529_cp1_cp1p5_YPP_QPP_RPP,True,FeatureFilter_variance,0.0,1.0002765486725664
Zb_I_OBSHORT_VSS of 1103959_69_1133529_cp1p5,True,FeatureFilter_variance,0.0,1.0002765486725662
Zb_I_OBSHORT_VSS of 1103959_69_1133592_QPP,True,FeatureFilter_variance,0.0,1.0002765486725667
Zb_I_OBSHORT_VSS of 1103959_69_JPP,True,FeatureFilter_variance,0.0,1.0002765486725664
Zb_V_ILOUT of 1103959_69_1133529_cp1,True,FeatureFilter_variance,0.0,1.0002765486725664
Zb_V_ILOUT of 1103959_69_1133529_cp1_cp1p5_YPP,True,FeatureFilter_variance,0.0,1.0002765486725664
Zb_V_ILOUT of 1103959_69_1133529_cp1_cp1p5_YPP_QPP_RPP,True,FeatureFilter_variance,0.0,1.0002765486725662
Zb_V_ILOUT of 1103959_69_1133529_cp1p5,True,FeatureFilter_variance,0.0,1.0002765486725664
Zb_V_ILOUT of 1103959_69_1133592_QPP,True,FeatureFilter_variance,0.0,1.0002765486725664
Zb_V_ILOUT of 1103959_69_JPP,True,FeatureFilter_variance,0.0,1.0002765486725662
Zb_V_ILOUT_RAW of 1103959_69_1133529_cp1,True,FeatureFilter_variance,0.0,1.0002765486725664
Zb_V_ILOUT_RAW of 1103959_69_1133529_cp1_cp1p5_YPP,True,FeatureFilter_variance,0.0,1.0002765486725667
Zb_V_ILOUT_RAW of 1103959_69_1133529_cp1_cp1p5_YPP_QPP_RPP,True,FeatureFilter_variance,0.0,1.0002765486725662
Zb_V_ILOUT_RAW of 1103959_69_1133529_cp1p5,True,FeatureFilter_variance,0.0,1.0002765486725667
Zb_V_ILOUT_RAW of 1103959_69_1133592_QPP,True,FeatureFilter_variance,0.0,1.0002765486725664
Zb_V_ILOUT_RAW of 1103959_69_JPP,True,FeatureFilter_variance,0.0,1.0002765486725662
Zb_V_ILOUT_VSS of 1103959_69_1133529_cp1,True,FeatureFilter_variance,0.0,1.0002765486725662
Zb_V_ILOUT_VSS of 1103959_69_1133529_cp1_cp1p5_YPP,True,FeatureFilter_variance,0.0,1.0002765486725667
Zb_V_ILOUT_VSS of 1103959_69_1133529_cp1_cp1p5_YPP_QPP_RPP,True,FeatureFilter_variance,0.0,1.0002765486725662
Zb_V_ILOUT_VSS of 1103959_69_1133529_cp1p5,True,FeatureFilter_variance,0.0,1.0002765486725664
Zb_V_ILOUT_VSS of 1103959_69_1133592_QPP,True,FeatureFilter_variance,0.0,1.0002765486725664
Zb_V_ILOUT_VSS of 1103959_69_JPP,True,FeatureFilter_variance,0.0,1.0002765486725664
Zb_V_OBVOH of 1103959_69_1133529_cp1,True,FeatureFilter_variance,0.0,1.0002765486725664
Zb_V_OBVOH of 1103959_69_1133529_cp1_cp1p5_YPP,True,FeatureFilter_variance,0.0,1.0002765486725664
Zb_V_OBVOH of 1103959_69_1133529_cp1_cp1p5_YPP_QPP_RPP,True,FeatureFilter_variance,0.0,1.0002765486725664
Zb_V_OBVOH of 1103959_69_1133529_cp1p5,True,FeatureFilter_variance,0.0,1.0002765486725664
Zb_V_OBVOH of 1103959_69_1133592_QPP,True,FeatureFilter_variance,0.0,1.0002765486725662
Zb_V_OBVOH of 1103959_69_JPP,True,FeatureFilter_variance,0.0,1.0002765486725667
Zb_V_OBVOH_H of 1103959_69_1133529_cp1,True,FeatureFilter_variance,0.0,1.0002765486725664
Zb_V_OBVOH_H of 1103959_69_1133529_cp1_cp1p5_YPP,True,FeatureFilter_variance,0.0,1.0002765486725664
Zb_V_OBVOH_H of 1103959_69_1133529_cp1_cp1p5_YPP_QPP_RPP,True,FeatureFilter_variance,0.0,1.0002765486725664
Zb_V_OBVOH_H of 1103959_69_1133529_cp1p5,True,FeatureFilter_variance,0.0,1.0002765486725664
Zb_V_OBVOH_H of 1103959_69_1133592_QPP,True,FeatureFilter_variance,0.0,1.0002765486725664
Zb_V_OBVOH_H of 1103959_69_JPP,True,FeatureFilter_variance,0.0,1.0002765486725662
Zb_V_OBVOH_H_RAW of 1103959_69_1133529_cp1,True,FeatureFilter_variance,0.0,1.0002765486725664
Zb_V_OBVOH_H_RAW of 1103959_69_1133529_cp1_cp1p5_YPP,True,FeatureFilter_variance,0.0,1.0002765486725664
Zb_V_OBVOH_H_RAW of 1103959_69_1133529_cp1_cp1p5_YPP_QPP_RPP,True,FeatureFilter_variance,0.0,1.0002765486725667
Zb_V_OBVOH_H_RAW of 1103959_69_1133529_cp1p5,True,FeatureFilter_variance,0.0,1.0002765486725662
Zb_V_OBVOH_H_RAW of 1103959_69_1133592_QPP,True,FeatureFilter_variance,0.0,1.0002765486725664
Zb_V_OBVOH_H_RAW of 1103959_69_JPP,True,FeatureFilter_variance,0.0,1.0002765486725664
Zb_V_OBVOH_L of 1103959_69_1133529_cp1,True,FeatureFilter_variance,0.0,1.0002765486725664
Zb_V_OBVOH_L of 1103959_69_1133529_cp1_cp1p5_YPP,True,FeatureFilter_variance,0.0,1.0002765486725667
Zb_V_OBVOH_L of 1103959_69_1133529_cp1_cp1p5_YPP_QPP_RPP,True,FeatureFilter_variance,0.0,1.0002765486725664
Zb_V_OBVOH_L of 1103959_69_1133529_cp1p5,True,FeatureFilter_variance,0.0,1.0002765486725662
Zb_V_OBVOH_L of 1103959_69_1133592_QPP,True,FeatureFilter_variance,0.0,1.0002765486725667
Zb_V_OBVOH_L of 1103959_69_JPP,True,FeatureFilter_variance,0.0,1.0002765486725664
Zb_V_OBVOH_L_RAW of 1103959_69_1133529_cp1,True,FeatureFilter_variance,0.0,1.0002765486725664
Zb_V_OBVOH_L_RAW of 1103959_69_1133529_cp1_cp1p5_YPP,True,FeatureFilter_variance,0.0,1.0002765486725664
Zb_V_OBVOH_L_RAW of 1103959_69_1133529_cp1_cp1p5_YPP_QPP_RPP,True,FeatureFilter_variance,0.0,1.0002765486725662
Zb_V_OBVOH_L_RAW of 1103959_69_1133529_cp1p5,True,FeatureFilter_variance,0.0,1.0002765486725667
Zb_V_OBVOH_L_RAW of 1103959_69_1133592_QPP,True,FeatureFilter_variance,0.0039612608961761,1.0002765486725667
Zb_V_OBVOH_L_RAW of 1103959_69_JPP,True,FeatureFilter_variance,0.0,1.0002765486725664
Zb_V_OBVOH_RAW of 1103959_69_1133529_cp1,True,FeatureFilter_variance,0.0,1.0002765486725662
Zb_V_OBVOH_RAW of 1103959_69_1133529_cp1_cp1p5_YPP,True,FeatureFilter_variance,0.0,1.0002765486725667
Zb_V_OBVOH_RAW of 1103959_69_1133529_cp1_cp1p5_YPP_QPP_RPP,True,FeatureFilter_variance,0.0,1.0002765486725662
Zb_V_OBVOH_RAW of 1103959_69_1133529_cp1p5,True,FeatureFilter_variance,0.0,1.0002765486725667
Zb_V_OBVOH_RAW of 1103959_69_1133592_QPP,True,FeatureFilter_variance,0.0,1.0002765486725664
Zb_V_OBVOH_RAW of 1103959_69_JPP,True,FeatureFilter_variance,0.0,1.0002765486725664
Zb_V_OBVOH_VSS of 1103959_69_1133529_cp1,True,FeatureFilter_variance,0.0,1.0002765486725664
Zb_V_OBVOH_VSS of 1103959_69_1133529_cp1_cp1p5_YPP,True,FeatureFilter_variance,0.0,1.0002765486725664
Zb_V_OBVOH_VSS of 1103959_69_1133529_cp1_cp1p5_YPP_QPP_RPP,True,FeatureFilter_variance,0.0,1.0002765486725662
Zb_V_OBVOH_VSS of 1103959_69_1133529_cp1p5,True,FeatureFilter_variance,0.0,1.0002765486725662
Zb_V_OBVOH_VSS of 1103959_69_1133592_QPP,True,FeatureFilter_variance,0.0,1.0002765486725662
Zb_V_OBVOH_VSS of 1103959_69_JPP,True,FeatureFilter_variance,0.0,1.0002765486725664
Zb_V_OBVOH_VSS_H of 1103959_69_1133529_cp1,True,FeatureFilter_variance,0.0,1.0002765486725667
Zb_V_OBVOH_VSS_H of 1103959_69_1133529_cp1_cp1p5_YPP,True,FeatureFilter_variance,0.0,1.0002765486725664
Zb_V_OBVOH_VSS_H of 1103959_69_1133529_cp1_cp1p5_YPP_QPP_RPP,True,FeatureFilter_variance,0.0007876568124629557,1.0002765486725664
Zb_V_OBVOH_VSS_H of 1103959_69_1133529_cp1p5,True,FeatureFilter_variance,0.0,1.0002765486725662
Zb_V_OBVOH_VSS_H of 1103959_69_1133592_QPP,True,FeatureFilter_variance,0.0,1.0002765486725662
Zb_V_OBVOH_VSS_H of 1103959_69_JPP,True,FeatureFilter_variance,0.0,1.0002765486725662
Zb_V_OBVOH_VSS_L of 1103959_69_1133529_cp1,True,FeatureFilter_variance,0.0,1.0002765486725664
Zb_V_OBVOH_VSS_L of 1103959_69_1133529_cp1_cp1p5_YPP,False,FeatureFilter_variance,0.0,1.0002765486725658
Zb_V_OBVOH_VSS_L of 1103959_69_1133529_cp1_cp1p5_YPP_QPP_RPP,True,FeatureFilter_variance,0.0,1.0002765486725664
Zb_V_OBVOH_VSS_L of 1103959_69_1133529_cp1p5,True,FeatureFilter_variance,0.0,1.0002765486725662
Zb_V_OBVOH_VSS_L of 1103959_69_1133592_QPP,True,FeatureFilter_variance,0.0,1.0002765486725667
Zb_V_OBVOH_VSS_L of 1103959_69_JPP,True,FeatureFilter_variance,0.0,1.0002765486725664
Zb_V_OBVOL of 1103959_69_1133529_cp1,True,FeatureFilter_variance,0.0,1.0002765486725662
Zb_V_OBVOL of 1103959_69_1133529_cp1_cp1p5_YPP,True,FeatureFilter_variance,0.0,1.0002765486725664
Zb_V_OBVOL of 1103959_69_1133529_cp1_cp1p5_YPP_QPP_RPP,True,FeatureFilter_variance,0.0,1.0002765486725662
Zb_V_OBVOL of 1103959_69_1133529_cp1p5,True,FeatureFilter_variance,0.0,1.0002765486725662
Zb_V_OBVOL of 1103959_69_1133592_QPP,True,FeatureFilter_variance,0.0,1.0002765486725664
Zb_V_OBVOL of 1103959_69_JPP,True,FeatureFilter_variance,0.0,1.0002765486725662
Zb_V_OBVOL_H of 1103959_69_1133529_cp1,True,FeatureFilter_variance,0.0,1.0002765486725664
Zb_V_OBVOL_H of 1103959_69_1133529_cp1_cp1p5_YPP,True,FeatureFilter_variance,0.0,1.0002765486725662
Zb_V_OBVOL_H of 1103959_69_1133529_cp1_cp1p5_YPP_QPP_RPP,True,FeatureFilter_variance,0.0,1.0002765486725664
Zb_V_OBVOL_H of 1103959_69_1133529_cp1p5,True,FeatureFilter_variance,0.0,1.0002765486725664
Zb_V_OBVOL_H of 1103959_69_1133592_QPP,True,FeatureFilter_variance,0.0,1.0002765486725662
Zb_V_OBVOL_H of 1103959_69_JPP,True,FeatureFilter_variance,0.0,1.0002765486725664
Zb_V_OBVOL_H_RAW of 1103959_69_1133529_cp1,True,FeatureFilter_variance,0.0,1.0002765486725662
Zb_V_OBVOL_H_RAW of 1103959_69_1133529_cp1_cp1p5_YPP,True,FeatureFilter_variance,0.0,1.0002765486725664
Zb_V_OBVOL_H_RAW of 1103959_69_1133529_cp1_cp1p5_YPP_QPP_RPP,True,FeatureFilter_variance,0.0,1.0002765486725664
Zb_V_OBVOL_H_RAW of 1103959_69_1133529_cp1p5,True,FeatureFilter_variance,0.0,1.0002765486725664
Zb_V_OBVOL_H_RAW of 1103959_69_1133592_QPP,True,FeatureFilter_variance,0.0,1.0002765486725664
Zb_V_OBVOL_H_RAW of 1103959_69_JPP,True,FeatureFilter_variance,0.0,1.0002765486725664
Zb_V_OBVOL_L of 1103959_69_1133529_cp1,True,FeatureFilter_variance,0.009967091493308544,1.0002765486725664
Zb_V_OBVOL_L of 1103959_69_1133529_cp1_cp1p5_YPP,True,FeatureFilter_variance,0.0,1.0002765486725664
Zb_V_OBVOL_L of 1103959_69_1133529_cp1_cp1p5_YPP_QPP_RPP,True,FeatureFilter_variance,0.0,1.0002765486725664
Zb_V_OBVOL_L of 1103959_69_1133529_cp1p5,True,FeatureFilter_variance,0.008667035959661007,1.0002765486725664
Zb_V_OBVOL_L of 1103959_69_1133592_QPP,True,FeatureFilter_variance,0.0,1.0002765486725664
Zb_V_OBVOL_L of 1103959_69_JPP,True,FeatureFilter_variance,0.0,1.0002765486725664
Zb_V_OBVOL_L_RAW of 1103959_69_1133529_cp1,True,FeatureFilter_variance,0.0,1.0002765486725667
Zb_V_OBVOL_L_RAW of 1103959_69_1133529_cp1_cp1p5_YPP,True,FeatureFilter_variance,0.0,1.0002765486725664
Zb_V_OBVOL_L_RAW of 1103959_69_1133529_cp1_cp1p5_YPP_QPP_RPP,True,FeatureFilter_variance,0.0,1.0002765486725667
Zb_V_OBVOL_L_RAW of 1103959_69_1133529_cp1p5,True,FeatureFilter_variance,0.002667392836883664,1.0002765486725664
Zb_V_OBVOL_L_RAW of 1103959_69_1133592_QPP,True,FeatureFilter_variance,0.00500566978007555,1.0002765486725664
Zb_V_OBVOL_L_RAW of 1103959_69_JPP,True,FeatureFilter_variance,0.005569504573941231,1.0002765486725664
Zb_V_OBVOL_RAW of 1103959_69_1133529_cp1,True,FeatureFilter_variance,0.0,1.0002765486725664
Zb_V_OBVOL_RAW of 1103959_69_1133529_cp1_cp1p5_YPP,False,FeatureFilter_variance,0.0,1.0002765486725662
Zb_V_OBVOL_RAW of 1103959_69_1133529_cp1_cp1p5_YPP_QPP_RPP,True,FeatureFilter_variance,0.0,1.0002765486725664
Zb_V_OBVOL_RAW of 1103959_69_1133529_cp1p5,False,FeatureFilter_variance,0.0,1.0002765486725662
Zb_V_OBVOL_RAW of 1103959_69_1133592_QPP,False,FeatureFilter_variance,0.0,1.0002765486725662
Zb_V_OBVOL_RAW of 1103959_69_JPP,True,FeatureFilter_variance,0.0,1.0002765486725664
Zb_V_OBVOL_VSS of 1103959_69_1133529_cp1,True,FeatureFilter_variance,0.0,1.0002765486725664
Zb_V_OBVOL_VSS of 1103959_69_1133529_cp1_cp1p5_YPP,False,FeatureFilter_variance,0.0,1.0002765486725662
Zb_V_OBVOL_VSS of 1103959_69_1133529_cp1_cp1p5_YPP_QPP_RPP,True,FeatureFilter_variance,0.0,1.0002765486725662
Zb_V_OBVOL_VSS of 1103959_69_1133529_cp1p5,True,FeatureFilter_variance,0.0,1.0002765486725664
Zb_V_OBVOL_VSS of 1103959_69_1133592_QPP,True,FeatureFilter_variance,0.0,1.0002765486725664
Zb_V_OBVOL_VSS of 1103959_69_JPP,True,FeatureFilter_variance,0.0,1.0002765486725664
Zb_V_OBVOL_VSS_H of 1103959_69_1133529_cp1,True,FeatureFilter_variance,0.0,1.0002765486725664
Zb_V_OBVOL_VSS_H of 1103959_69_1133529_cp1_cp1p5_YPP,True,FeatureFilter_variance,0.0,1.0002765486725664
Zb_V_OBVOL_VSS_H of 1103959_69_1133529_cp1_cp1p5_YPP_QPP_RPP,True,FeatureFilter_variance,0.0,1.0002765486725667
Zb_V_OBVOL_VSS_H of 1103959_69_1133529_cp1p5,True,FeatureFilter_variance,0.0,1.0002765486725662
Zb_V_OBVOL_VSS_H of 1103959_69_1133592_QPP,True,FeatureFilter_variance,0.0,1.0002765486725664
Zb_V_OBVOL_VSS_H of 1103959_69_JPP,True,FeatureFilter_variance,0.0,1.0002765486725664
Zb_V_OBVOL_VSS_L of 1103959_69_1133529_cp1,True,FeatureFilter_variance,0.0,1.0002765486725664
Zb_V_OBVOL_VSS_L of 1103959_69_1133529_cp1_cp1p5_YPP,True,FeatureFilter_variance,0.0,1.0002765486725664
Zb_V_OBVOL_VSS_L of 1103959_69_1133529_cp1_cp1p5_YPP_QPP_RPP,True,FeatureFilter_variance,0.0,1.0002765486725662
Zb_V_OBVOL_VSS_L of 1103959_69_1133529_cp1p5,True,FeatureFilter_variance,0.0047613088972866535,1.0002765486725662
Zb_V_OBVOL_VSS_L of 1103959_69_1133592_QPP,True,FeatureFilter_variance,0.0,1.0002765486725664
Zb_V_OBVOL_VSS_L of 1103959_69_JPP,True,FeatureFilter_variance,0.0,1.0002765486725664
F:E of 1103959_69_1133529_cp1_cp1p5_YPP_P:o,False,FeatureFilter_variance,0.0,0.14692097420979103
F:E of 1103959_69_1133529_cp1_cp1p5_YPP_S:b,False,FeatureFilter_variance,0.0,0.2216657267426925
F:E of 1103959_69_1133529_cp1p5_P:o,False,FeatureFilter_variance,0.0,0.03182656995848023
F:E of 1103959_69_1133529_cp1p5_S:b,False,FeatureFilter_variance,0.0,0.2160027867420563
F:E of 1103959_69_1133592_QPP_P:o,False,FeatureFilter_variance,0.0,0.24956128385867132
F:E of 1103959_69_1133592_QPP_S:b,False,FeatureFilter_variance,0.0,0.24817250031194876
F:E of 1103959_69_JPP_P:o,False,FeatureFilter_variance,0.0,0.24903142975281423
F:E of 1103959_69_JPP_S:b,False,FeatureFilter_variance,0.0,0.0002764722145424384
FAILING_BINOUTS(1) of 1103959_69_1133529_cp1_cp1p5_YPP_GbGbSbPoPo,False,FeatureFilter_variance,0.0,0.0027578409232703986
FAILING_BINOUTS(1) of 1103959_69_1133529_cp1_cp1p5_YPP_GbGbSbSbPoPo,False,FeatureFilter_variance,0.0,0.1691909028408132
FAILING_BINOUTS(1) of 1103959_69_1133529_cp1_cp1p5_YPP_GbPoPo,False,FeatureFilter_variance,0.0,0.009042843406627019
FAILING_BINOUTS(1) of 1103959_69_1133529_cp1_cp1p5_YPP_GbSbPo,False,FeatureFilter_variance,0.0,0.09903164383528126
FAILING_BINOUTS(1) of 1103959_69_1133529_cp1_cp1p5_YPP_GbSbPoPo,False,FeatureFilter_variance,0.0,0.00027647221454243844
FAILING_BINOUTS(1) of 1103959_69_1133529_cp1_cp1p5_YPP_GbSbSbPoPo,False,FeatureFilter_variance,0.0,0.004405205506935048
FAILING_BINOUTS(1) of 1103959_69_1133529_cp1_cp1p5_YPP_PoPo,False,FeatureFilter_variance,0.0,0.14692097420979103
FAILING_BINOUTS(1) of 1103959_69_1133529_cp1_cp1p5_YPP_SbPo,False,FeatureFilter_variance,0.0,0.2040872624602113
FAILING_BINOUTS(1) of 1103959_69_1133529_cp1_cp1p5_YPP_SbPoPo,False,FeatureFilter_variance,0.0,0.0011049713618825551
FAILING_BINOUTS(1) of 1103959_69_1133529_cp1_cp1p5_YPP_SbSbPoPo,False,FeatureFilter_variance,0.0,0.04279432057564941
FAILING_BINOUTS(1) of 1103959_69_1133529_cp1p5_GbGbSbPoPo,False,FeatureFilter_variance,0.0,0.0076834197410947805
FAILING_BINOUTS(1) of 1103959_69_1133529_cp1p5_GbGbSbSbPoPo,False,FeatureFilter_variance,0.0,0.2447201146992692
FAILING_BINOUTS(1) of 1103959_69_1133529_cp1p5_GbPoPo,False,FeatureFilter_variance,0.0,0.004405205506935048
FAILING_BINOUTS(1) of 1103959_69_1133529_cp1p5_GbSbPo,False,FeatureFilter_variance,0.0,0.10854837407424624
FAILING_BINOUTS(1) of 1103959_69_1133529_cp1p5_GbSbPoPo,False,FeatureFilter_variance,0.0,0.0011049713618825551
FAILING_BINOUTS(1) of 1103959_69_1133529_cp1p5_GbSbSbPoPo,False,FeatureFilter_variance,0.0,0.006320173174365889
FAILING_BINOUTS(1) of 1103959_69_1133529_cp1p5_PoPo,False,FeatureFilter_variance,0.0,0.03182656995848023
FAILING_BINOUTS(1) of 1103959_69_1133529_cp1p5_SbPo,False,FeatureFilter_variance,0.0,0.19859604718132912
FAILING_BINOUTS(1) of 1103959_69_1133529_cp1p5_SbPoPo,False,FeatureFilter_variance,0.0,0.0008289578954837162
FAILING_BINOUTS(1) of 1103959_69_1133529_cp1p5_SbSbPoPo,False,FeatureFilter_variance,0.0,0.039761995346458814
FAILING_BINOUTS(1) of 1103959_69_1133592_QPP_GbGbSbSbPoPo,False,FeatureFilter_variance,0.0,0.00027647221454243844
FAILING_BINOUTS(1) of 1103959_69_1133592_QPP_GbPoPo,False,FeatureFilter_variance,0.0,0.0013808319122335284
FAILING_BINOUTS(1) of 1103959_69_1133592_QPP_GbSbPo,False,FeatureFilter_variance,0.0,0.00027647221454243844
FAILING_BINOUTS(1) of 1103959_69_1133592_QPP_PoPo,False,FeatureFilter_variance,0.0,0.24956128385867132
FAILING_BINOUTS(1) of 1103959_69_1133592_QPP_SbPo,False,FeatureFilter_variance,0.0,0.23940307079890683
FAILING_BINOUTS(1) of 1103959_69_1133592_QPP_SbPoPo,False,FeatureFilter_variance,0.0,0.0019320942647918745
FAILING_BINOUTS(1) of 1103959_69_1133592_QPP_SbSbPoPo,False,FeatureFilter_variance,0.0,0.054458909622945716
FAILING_BINOUTS(1) of 1103959_69_JPP_GbGbSbPoPo,False,FeatureFilter_variance,0.0,0.0008289578954837162
FAILING_BINOUTS(1) of 1103959_69_JPP_GbGbSbSbPoPo,False,FeatureFilter_variance,0.0,0.0016565395465366352
FAILING_BINOUTS(1) of 1103959_69_JPP_GbPoPo,False,FeatureFilter_variance,0.0,0.006320173174365889
FAILING_BINOUTS(1) of 1103959_69_JPP_PoPo,False,FeatureFilter_variance,0.0,0.24903142975281423
FAILING_BINOUTS(1) of 1103959_69_JPP_SbPoPo,False,FeatureFilter_variance,0.0,0.0002764722145424384
band gap dpat_ok for band gap,False,FeatureFilter_variance,0.0,0.2098254371563976
